Command line invocation:
    /Applications/Xcode_16.4.app/Contents/Developer/usr/bin/xcodebuild archive -workspace ./Document_Scan.xcworkspace -scheme Document_Scan -configuration Release -destination generic/platform=iOS -archivePath /Users/runner/work/Document_Scan/Document_Scan/build.xcarchive

ComputePackagePrebuildTargetDependencyGraph

Prepare packages

CreateBuildRequest

SendProjectDescription

CreateBuildOperation

ComputeTargetDependencyGraph
note: Building targets in dependency order
note: Target dependency graph (21 targets)
    Target 'Document_Scan' in project 'Document_Scan'
        ➜ Implicit dependency on target 'Pods-Document_Scan' in project 'Pods' via file 'Pods_Document_Scan.framework' in build phase 'Link Binary'
        ➜ Implicit dependency on target 'WYYKit' in project 'Pods' via options '-framework WYYKit' in build setting 'OTHER_LDFLAGS'
    Target 'Pods-Document_Scan' in project 'Pods'
        ➜ Explicit dependency on target 'Ads-Global' in project 'Pods'
        ➜ Explicit dependency on target 'FBAudienceNetwork' in project 'Pods'
        ➜ Explicit dependency on target 'InMobiSDK' in project 'Pods'
        ➜ Explicit dependency on target 'MintegralAdSDK' in project 'Pods'
        ➜ Explicit dependency on target 'SmartdigimktSDK' in project 'Pods'
        ➜ Explicit dependency on target 'TPNMediationAdxSmartdigimktAdapter' in project 'Pods'
        ➜ Explicit dependency on target 'TPNMediationFacebookAdapter' in project 'Pods'
        ➜ Explicit dependency on target 'TPNMediationInmobiAdapter' in project 'Pods'
        ➜ Explicit dependency on target 'TPNMediationMintegralAdapter' in project 'Pods'
        ➜ Explicit dependency on target 'TPNMediationPangleAdapter' in project 'Pods'
        ➜ Explicit dependency on target 'TPNiOS' in project 'Pods'
        ➜ Explicit dependency on target 'UMAPM' in project 'Pods'
        ➜ Explicit dependency on target 'UMCommon' in project 'Pods'
        ➜ Explicit dependency on target 'UMDevice' in project 'Pods'
        ➜ Explicit dependency on target 'WYYKit' in project 'Pods'
    Target 'WYYKit' in project 'Pods'
        ➜ Explicit dependency on target 'UMAPM' in project 'Pods'
        ➜ Explicit dependency on target 'UMCommon' in project 'Pods'
        ➜ Explicit dependency on target 'UMDevice' in project 'Pods'
    Target 'UMAPM' in project 'Pods'
        ➜ Explicit dependency on target 'UMCommon' in project 'Pods'
    Target 'UMCommon' in project 'Pods'
        ➜ Explicit dependency on target 'UMDevice' in project 'Pods'
    Target 'UMDevice' in project 'Pods' (no dependencies)
    Target 'TPNMediationPangleAdapter' in project 'Pods'
        ➜ Explicit dependency on target 'Ads-Global' in project 'Pods'
        ➜ Explicit dependency on target 'TPNiOS' in project 'Pods'
    Target 'TPNMediationMintegralAdapter' in project 'Pods'
        ➜ Explicit dependency on target 'MintegralAdSDK' in project 'Pods'
        ➜ Explicit dependency on target 'TPNiOS' in project 'Pods'
    Target 'TPNMediationInmobiAdapter' in project 'Pods'
        ➜ Explicit dependency on target 'InMobiSDK' in project 'Pods'
        ➜ Explicit dependency on target 'TPNiOS' in project 'Pods'
    Target 'TPNMediationFacebookAdapter' in project 'Pods'
        ➜ Explicit dependency on target 'FBAudienceNetwork' in project 'Pods'
        ➜ Explicit dependency on target 'TPNiOS' in project 'Pods'
    Target 'TPNMediationAdxSmartdigimktAdapter' in project 'Pods'
        ➜ Explicit dependency on target 'SmartdigimktSDK' in project 'Pods'
        ➜ Explicit dependency on target 'TPNiOS' in project 'Pods'
    Target 'TPNiOS' in project 'Pods' (no dependencies)
    Target 'SmartdigimktSDK' in project 'Pods' (no dependencies)
    Target 'MintegralAdSDK' in project 'Pods'
        ➜ Explicit dependency on target 'MintegralAdSDK-MTGSDK' in project 'Pods'
    Target 'MintegralAdSDK-MTGSDK' in project 'Pods' (no dependencies)
    Target 'InMobiSDK' in project 'Pods' (no dependencies)
    Target 'FBAudienceNetwork' in project 'Pods'
        ➜ Explicit dependency on target 'FBAudienceNetwork-FBAudienceNetwork' in project 'Pods'
    Target 'FBAudienceNetwork-FBAudienceNetwork' in project 'Pods' (no dependencies)
    Target 'Ads-Global' in project 'Pods'
        ➜ Explicit dependency on target 'Ads-Global-AdsGlobalSDK' in project 'Pods'
        ➜ Explicit dependency on target 'Ads-Global-TikTokBusinessSDK' in project 'Pods'
    Target 'Ads-Global-TikTokBusinessSDK' in project 'Pods' (no dependencies)
    Target 'Ads-Global-AdsGlobalSDK' in project 'Pods' (no dependencies)

GatherProvisioningInputs

CreateBuildDescription

ExecuteExternalTool /Applications/Xcode_16.4.app/Contents/Developer/Toolchains/XcodeDefault.xctoolchain/usr/bin/clang -v -E -dM -arch arm64 -isysroot /Applications/Xcode_16.4.app/Contents/Developer/Platforms/iPhoneOS.platform/Developer/SDKs/iPhoneOS18.5.sdk -x c -c /dev/null

ExecuteExternalTool /Applications/Xcode_16.4.app/Contents/Developer/Toolchains/XcodeDefault.xctoolchain/usr/bin/clang -v -E -dM -isysroot /Applications/Xcode_16.4.app/Contents/Developer/Platforms/iPhoneOS.platform/Developer/SDKs/iPhoneOS18.5.sdk -x c -c /dev/null

ExecuteExternalTool /Applications/Xcode_16.4.app/Contents/Developer/Toolchains/XcodeDefault.xctoolchain/usr/bin/clang -v -E -dM -arch arm64 -isysroot /Applications/Xcode_16.4.app/Contents/Developer/Platforms/iPhoneOS.platform/Developer/SDKs/iPhoneOS18.5.sdk -x objective-c -c /dev/null

ExecuteExternalTool /Applications/Xcode_16.4.app/Contents/Developer/usr/bin/actool --print-asset-tag-combinations --output-format xml1 /Users/runner/work/Document_Scan/Document_Scan/Document_Scan/Resources/Assets.xcassets

ExecuteExternalTool /Applications/Xcode_16.4.app/Contents/Developer/Toolchains/XcodeDefault.xctoolchain/usr/bin/swiftc --version

ExecuteExternalTool /Applications/Xcode_16.4.app/Contents/Developer/Toolchains/XcodeDefault.xctoolchain/usr/bin/libtool -V

ExecuteExternalTool /Applications/Xcode_16.4.app/Contents/Developer/usr/bin/actool --version --output-format xml1

ExecuteExternalTool /Applications/Xcode_16.4.app/Contents/Developer/Toolchains/XcodeDefault.xctoolchain/usr/bin/ld -version_details

Build description signature: 5206171b8a8519f6ce26a1977951d632
Build description path: /Users/runner/Library/Developer/Xcode/DerivedData/Document_Scan-gpyzovawczbcogekrckiypzonffc/Build/Intermediates.noindex/ArchiveIntermediates/Document_Scan/IntermediateBuildFilesPath/XCBuildData/5206171b8a8519f6ce26a1977951d632.xcbuilddata
CreateBuildDirectory /Users/runner/Library/Developer/Xcode/DerivedData/Document_Scan-gpyzovawczbcogekrckiypzonffc/Build/Intermediates.noindex/ArchiveIntermediates/Document_Scan/InstallationBuildProductsLocation
    cd /Users/runner/work/Document_Scan/Document_Scan
    builtin-create-build-directory /Users/runner/Library/Developer/Xcode/DerivedData/Document_Scan-gpyzovawczbcogekrckiypzonffc/Build/Intermediates.noindex/ArchiveIntermediates/Document_Scan/InstallationBuildProductsLocation

ClangStatCache /Applications/Xcode_16.4.app/Contents/Developer/Toolchains/XcodeDefault.xctoolchain/usr/bin/clang-stat-cache /Applications/Xcode_16.4.app/Contents/Developer/Platforms/iPhoneOS.platform/Developer/SDKs/iPhoneOS18.5.sdk /Users/runner/Library/Developer/Xcode/DerivedData/SDKStatCaches.noindex/iphoneos18.5-22F76-a529daf784b3616c7c04a36aeb7f5c05.sdkstatcache
    cd /Users/runner/work/Document_Scan/Document_Scan
    /Applications/Xcode_16.4.app/Contents/Developer/Toolchains/XcodeDefault.xctoolchain/usr/bin/clang-stat-cache /Applications/Xcode_16.4.app/Contents/Developer/Platforms/iPhoneOS.platform/Developer/SDKs/iPhoneOS18.5.sdk -o /Users/runner/Library/Developer/Xcode/DerivedData/SDKStatCaches.noindex/iphoneos18.5-22F76-a529daf784b3616c7c04a36aeb7f5c05.sdkstatcache

CreateBuildDirectory /Users/runner/Library/Developer/Xcode/DerivedData/Document_Scan-gpyzovawczbcogekrckiypzonffc/Build/Intermediates.noindex/ArchiveIntermediates/Document_Scan/IntermediateBuildFilesPath
    cd /Users/runner/work/Document_Scan/Document_Scan
    builtin-create-build-directory /Users/runner/Library/Developer/Xcode/DerivedData/Document_Scan-gpyzovawczbcogekrckiypzonffc/Build/Intermediates.noindex/ArchiveIntermediates/Document_Scan/IntermediateBuildFilesPath

CreateBuildDirectory /Users/runner/Library/Developer/Xcode/DerivedData/Document_Scan-gpyzovawczbcogekrckiypzonffc/Build/Intermediates.noindex/ArchiveIntermediates/Document_Scan/BuildProductsPath
    cd /Users/runner/work/Document_Scan/Document_Scan
    builtin-create-build-directory /Users/runner/Library/Developer/Xcode/DerivedData/Document_Scan-gpyzovawczbcogekrckiypzonffc/Build/Intermediates.noindex/ArchiveIntermediates/Document_Scan/BuildProductsPath

WriteAuxiliaryFile /Users/runner/Library/Developer/Xcode/DerivedData/Document_Scan-gpyzovawczbcogekrckiypzonffc/Build/Intermediates.noindex/ArchiveIntermediates/Document_Scan/IntermediateBuildFilesPath/Pods.build/Release-iphoneos/Pods-8699adb1dd336b26511df848a716bd42-VFS-iphoneos/all-product-headers.yaml
    cd /Users/runner/work/Document_Scan/Document_Scan
    write-file /Users/runner/Library/Developer/Xcode/DerivedData/Document_Scan-gpyzovawczbcogekrckiypzonffc/Build/Intermediates.noindex/ArchiveIntermediates/Document_Scan/IntermediateBuildFilesPath/Pods.build/Release-iphoneos/Pods-8699adb1dd336b26511df848a716bd42-VFS-iphoneos/all-product-headers.yaml

WriteAuxiliaryFile /Users/runner/Library/Developer/Xcode/DerivedData/Document_Scan-gpyzovawczbcogekrckiypzonffc/Build/Intermediates.noindex/ArchiveIntermediates/Document_Scan/IntermediateBuildFilesPath/Document_Scan.build/Release-iphoneos/Document_Scan-cbe8249668c84d8791d07154310725c5-VFS-iphoneos/all-product-headers.yaml
    cd /Users/runner/work/Document_Scan/Document_Scan
    write-file /Users/runner/Library/Developer/Xcode/DerivedData/Document_Scan-gpyzovawczbcogekrckiypzonffc/Build/Intermediates.noindex/ArchiveIntermediates/Document_Scan/IntermediateBuildFilesPath/Document_Scan.build/Release-iphoneos/Document_Scan-cbe8249668c84d8791d07154310725c5-VFS-iphoneos/all-product-headers.yaml

CreateBuildDirectory /Users/runner/Library/Developer/Xcode/DerivedData/Document_Scan-gpyzovawczbcogekrckiypzonffc/Build/Intermediates.noindex/ArchiveIntermediates/Document_Scan/IntermediateBuildFilesPath/EagerLinkingTBDs/Release-iphoneos
    cd /Users/runner/work/Document_Scan/Document_Scan
    builtin-create-build-directory /Users/runner/Library/Developer/Xcode/DerivedData/Document_Scan-gpyzovawczbcogekrckiypzonffc/Build/Intermediates.noindex/ArchiveIntermediates/Document_Scan/IntermediateBuildFilesPath/EagerLinkingTBDs/Release-iphoneos

CreateBuildDirectory /Users/runner/Library/Developer/Xcode/DerivedData/Document_Scan-gpyzovawczbcogekrckiypzonffc/Build/Intermediates.noindex/ArchiveIntermediates/Document_Scan/BuildProductsPath/Release-iphoneos
    cd /Users/runner/work/Document_Scan/Document_Scan
    builtin-create-build-directory /Users/runner/Library/Developer/Xcode/DerivedData/Document_Scan-gpyzovawczbcogekrckiypzonffc/Build/Intermediates.noindex/ArchiveIntermediates/Document_Scan/BuildProductsPath/Release-iphoneos

WriteAuxiliaryFile /Users/runner/Library/Developer/Xcode/DerivedData/Document_Scan-gpyzovawczbcogekrckiypzonffc/Build/Intermediates.noindex/ArchiveIntermediates/Document_Scan/IntermediateBuildFilesPath/Pods.build/Release-iphoneos/UMDevice.build/OutputFileList-3F7DA0732C936AB0140560DF3C0B5631-UMDevice-xcframeworks-output-files-d64dd6f4db458d34b30aa055ae9c7333-resolved.xcfilelist (in target 'UMDevice' from project 'Pods')
    cd /Users/runner/work/Document_Scan/Document_Scan/Pods
    write-file /Users/runner/Library/Developer/Xcode/DerivedData/Document_Scan-gpyzovawczbcogekrckiypzonffc/Build/Intermediates.noindex/ArchiveIntermediates/Document_Scan/IntermediateBuildFilesPath/Pods.build/Release-iphoneos/UMDevice.build/OutputFileList-3F7DA0732C936AB0140560DF3C0B5631-UMDevice-xcframeworks-output-files-d64dd6f4db458d34b30aa055ae9c7333-resolved.xcfilelist

WriteAuxiliaryFile /Users/runner/Library/Developer/Xcode/DerivedData/Document_Scan-gpyzovawczbcogekrckiypzonffc/Build/Intermediates.noindex/ArchiveIntermediates/Document_Scan/IntermediateBuildFilesPath/Pods.build/Release-iphoneos/UMDevice.build/Script-3F7DA0732C936AB0140560DF3C0B5631.sh (in target 'UMDevice' from project 'Pods')
    cd /Users/runner/work/Document_Scan/Document_Scan/Pods
    write-file /Users/runner/Library/Developer/Xcode/DerivedData/Document_Scan-gpyzovawczbcogekrckiypzonffc/Build/Intermediates.noindex/ArchiveIntermediates/Document_Scan/IntermediateBuildFilesPath/Pods.build/Release-iphoneos/UMDevice.build/Script-3F7DA0732C936AB0140560DF3C0B5631.sh

WriteAuxiliaryFile /Users/runner/Library/Developer/Xcode/DerivedData/Document_Scan-gpyzovawczbcogekrckiypzonffc/Build/Intermediates.noindex/ArchiveIntermediates/Document_Scan/IntermediateBuildFilesPath/Pods.build/Release-iphoneos/UMDevice.build/InputFileList-3F7DA0732C936AB0140560DF3C0B5631-UMDevice-xcframeworks-input-files-e4b23db3d443e4241c213b2e0500510a-resolved.xcfilelist (in target 'UMDevice' from project 'Pods')
    cd /Users/runner/work/Document_Scan/Document_Scan/Pods
    write-file /Users/runner/Library/Developer/Xcode/DerivedData/Document_Scan-gpyzovawczbcogekrckiypzonffc/Build/Intermediates.noindex/ArchiveIntermediates/Document_Scan/IntermediateBuildFilesPath/Pods.build/Release-iphoneos/UMDevice.build/InputFileList-3F7DA0732C936AB0140560DF3C0B5631-UMDevice-xcframeworks-input-files-e4b23db3d443e4241c213b2e0500510a-resolved.xcfilelist

WriteAuxiliaryFile /Users/runner/Library/Developer/Xcode/DerivedData/Document_Scan-gpyzovawczbcogekrckiypzonffc/Build/Intermediates.noindex/ArchiveIntermediates/Document_Scan/IntermediateBuildFilesPath/Pods.build/Release-iphoneos/UMCommon.build/Script-3190A7B1A6A7D61FA2941E2DAD3C8895.sh (in target 'UMCommon' from project 'Pods')
    cd /Users/runner/work/Document_Scan/Document_Scan/Pods
    write-file /Users/runner/Library/Developer/Xcode/DerivedData/Document_Scan-gpyzovawczbcogekrckiypzonffc/Build/Intermediates.noindex/ArchiveIntermediates/Document_Scan/IntermediateBuildFilesPath/Pods.build/Release-iphoneos/UMCommon.build/Script-3190A7B1A6A7D61FA2941E2DAD3C8895.sh

WriteAuxiliaryFile /Users/runner/Library/Developer/Xcode/DerivedData/Document_Scan-gpyzovawczbcogekrckiypzonffc/Build/Intermediates.noindex/ArchiveIntermediates/Document_Scan/IntermediateBuildFilesPath/Pods.build/Release-iphoneos/UMCommon.build/OutputFileList-3190A7B1A6A7D61FA2941E2DAD3C8895-UMCommon-xcframeworks-output-files-cfb841cd9d5804f82058ef392e7440b7-resolved.xcfilelist (in target 'UMCommon' from project 'Pods')
    cd /Users/runner/work/Document_Scan/Document_Scan/Pods
    write-file /Users/runner/Library/Developer/Xcode/DerivedData/Document_Scan-gpyzovawczbcogekrckiypzonffc/Build/Intermediates.noindex/ArchiveIntermediates/Document_Scan/IntermediateBuildFilesPath/Pods.build/Release-iphoneos/UMCommon.build/OutputFileList-3190A7B1A6A7D61FA2941E2DAD3C8895-UMCommon-xcframeworks-output-files-cfb841cd9d5804f82058ef392e7440b7-resolved.xcfilelist

WriteAuxiliaryFile /Users/runner/Library/Developer/Xcode/DerivedData/Document_Scan-gpyzovawczbcogekrckiypzonffc/Build/Intermediates.noindex/ArchiveIntermediates/Document_Scan/IntermediateBuildFilesPath/Pods.build/Release-iphoneos/UMCommon.build/InputFileList-3190A7B1A6A7D61FA2941E2DAD3C8895-UMCommon-xcframeworks-input-files-be531ce31a7a6153681d540b2af68bb1-resolved.xcfilelist (in target 'UMCommon' from project 'Pods')
    cd /Users/runner/work/Document_Scan/Document_Scan/Pods
    write-file /Users/runner/Library/Developer/Xcode/DerivedData/Document_Scan-gpyzovawczbcogekrckiypzonffc/Build/Intermediates.noindex/ArchiveIntermediates/Document_Scan/IntermediateBuildFilesPath/Pods.build/Release-iphoneos/UMCommon.build/InputFileList-3190A7B1A6A7D61FA2941E2DAD3C8895-UMCommon-xcframeworks-input-files-be531ce31a7a6153681d540b2af68bb1-resolved.xcfilelist

WriteAuxiliaryFile /Users/runner/Library/Developer/Xcode/DerivedData/Document_Scan-gpyzovawczbcogekrckiypzonffc/Build/Intermediates.noindex/ArchiveIntermediates/Document_Scan/IntermediateBuildFilesPath/Pods.build/Release-iphoneos/UMAPM.build/Script-47CF44479ABE0A5C18DEDA0F07935DF1.sh (in target 'UMAPM' from project 'Pods')
    cd /Users/runner/work/Document_Scan/Document_Scan/Pods
    write-file /Users/runner/Library/Developer/Xcode/DerivedData/Document_Scan-gpyzovawczbcogekrckiypzonffc/Build/Intermediates.noindex/ArchiveIntermediates/Document_Scan/IntermediateBuildFilesPath/Pods.build/Release-iphoneos/UMAPM.build/Script-47CF44479ABE0A5C18DEDA0F07935DF1.sh

WriteAuxiliaryFile /Users/runner/Library/Developer/Xcode/DerivedData/Document_Scan-gpyzovawczbcogekrckiypzonffc/Build/Intermediates.noindex/ArchiveIntermediates/Document_Scan/IntermediateBuildFilesPath/Pods.build/Release-iphoneos/UMAPM.build/OutputFileList-47CF44479ABE0A5C18DEDA0F07935DF1-UMAPM-xcframeworks-output-files-183c7b65ac3dd9bc8466faeef2c1f6f3-resolved.xcfilelist (in target 'UMAPM' from project 'Pods')
    cd /Users/runner/work/Document_Scan/Document_Scan/Pods
    write-file /Users/runner/Library/Developer/Xcode/DerivedData/Document_Scan-gpyzovawczbcogekrckiypzonffc/Build/Intermediates.noindex/ArchiveIntermediates/Document_Scan/IntermediateBuildFilesPath/Pods.build/Release-iphoneos/UMAPM.build/OutputFileList-47CF44479ABE0A5C18DEDA0F07935DF1-UMAPM-xcframeworks-output-files-183c7b65ac3dd9bc8466faeef2c1f6f3-resolved.xcfilelist

WriteAuxiliaryFile /Users/runner/Library/Developer/Xcode/DerivedData/Document_Scan-gpyzovawczbcogekrckiypzonffc/Build/Intermediates.noindex/ArchiveIntermediates/Document_Scan/IntermediateBuildFilesPath/Pods.build/Release-iphoneos/UMAPM.build/InputFileList-47CF44479ABE0A5C18DEDA0F07935DF1-UMAPM-xcframeworks-input-files-7fdc40152b51bf0eb01efe8cb5bd4889-resolved.xcfilelist (in target 'UMAPM' from project 'Pods')
    cd /Users/runner/work/Document_Scan/Document_Scan/Pods
    write-file /Users/runner/Library/Developer/Xcode/DerivedData/Document_Scan-gpyzovawczbcogekrckiypzonffc/Build/Intermediates.noindex/ArchiveIntermediates/Document_Scan/IntermediateBuildFilesPath/Pods.build/Release-iphoneos/UMAPM.build/InputFileList-47CF44479ABE0A5C18DEDA0F07935DF1-UMAPM-xcframeworks-input-files-7fdc40152b51bf0eb01efe8cb5bd4889-resolved.xcfilelist

WriteAuxiliaryFile /Users/runner/Library/Developer/Xcode/DerivedData/Document_Scan-gpyzovawczbcogekrckiypzonffc/Build/Intermediates.noindex/ArchiveIntermediates/Document_Scan/IntermediateBuildFilesPath/Pods.build/Release-iphoneos/TPNiOS.build/Script-A48A995FB4AA801C516C713B9FFA2DCE.sh (in target 'TPNiOS' from project 'Pods')
    cd /Users/runner/work/Document_Scan/Document_Scan/Pods
    write-file /Users/runner/Library/Developer/Xcode/DerivedData/Document_Scan-gpyzovawczbcogekrckiypzonffc/Build/Intermediates.noindex/ArchiveIntermediates/Document_Scan/IntermediateBuildFilesPath/Pods.build/Release-iphoneos/TPNiOS.build/Script-A48A995FB4AA801C516C713B9FFA2DCE.sh

WriteAuxiliaryFile /Users/runner/Library/Developer/Xcode/DerivedData/Document_Scan-gpyzovawczbcogekrckiypzonffc/Build/Intermediates.noindex/ArchiveIntermediates/Document_Scan/IntermediateBuildFilesPath/Pods.build/Release-iphoneos/TPNiOS.build/OutputFileList-A48A995FB4AA801C516C713B9FFA2DCE-TPNiOS-xcframeworks-output-files-4da255818f7126a679ef0a3389a6a408-resolved.xcfilelist (in target 'TPNiOS' from project 'Pods')
    cd /Users/runner/work/Document_Scan/Document_Scan/Pods
    write-file /Users/runner/Library/Developer/Xcode/DerivedData/Document_Scan-gpyzovawczbcogekrckiypzonffc/Build/Intermediates.noindex/ArchiveIntermediates/Document_Scan/IntermediateBuildFilesPath/Pods.build/Release-iphoneos/TPNiOS.build/OutputFileList-A48A995FB4AA801C516C713B9FFA2DCE-TPNiOS-xcframeworks-output-files-4da255818f7126a679ef0a3389a6a408-resolved.xcfilelist

WriteAuxiliaryFile /Users/runner/Library/Developer/Xcode/DerivedData/Document_Scan-gpyzovawczbcogekrckiypzonffc/Build/Intermediates.noindex/ArchiveIntermediates/Document_Scan/IntermediateBuildFilesPath/Pods.build/Release-iphoneos/TPNiOS.build/InputFileList-A48A995FB4AA801C516C713B9FFA2DCE-TPNiOS-xcframeworks-input-files-15904e2d76cca0c7909bfd4714d6bf90-resolved.xcfilelist (in target 'TPNiOS' from project 'Pods')
    cd /Users/runner/work/Document_Scan/Document_Scan/Pods
    write-file /Users/runner/Library/Developer/Xcode/DerivedData/Document_Scan-gpyzovawczbcogekrckiypzonffc/Build/Intermediates.noindex/ArchiveIntermediates/Document_Scan/IntermediateBuildFilesPath/Pods.build/Release-iphoneos/TPNiOS.build/InputFileList-A48A995FB4AA801C516C713B9FFA2DCE-TPNiOS-xcframeworks-input-files-15904e2d76cca0c7909bfd4714d6bf90-resolved.xcfilelist

WriteAuxiliaryFile /Users/runner/Library/Developer/Xcode/DerivedData/Document_Scan-gpyzovawczbcogekrckiypzonffc/Build/Intermediates.noindex/ArchiveIntermediates/Document_Scan/IntermediateBuildFilesPath/Pods.build/Release-iphoneos/TPNMediationPangleAdapter.build/Script-ECA3A50C537FF8F5234EDA7D8F1470DC.sh (in target 'TPNMediationPangleAdapter' from project 'Pods')
    cd /Users/runner/work/Document_Scan/Document_Scan/Pods
    write-file /Users/runner/Library/Developer/Xcode/DerivedData/Document_Scan-gpyzovawczbcogekrckiypzonffc/Build/Intermediates.noindex/ArchiveIntermediates/Document_Scan/IntermediateBuildFilesPath/Pods.build/Release-iphoneos/TPNMediationPangleAdapter.build/Script-ECA3A50C537FF8F5234EDA7D8F1470DC.sh

WriteAuxiliaryFile /Users/runner/Library/Developer/Xcode/DerivedData/Document_Scan-gpyzovawczbcogekrckiypzonffc/Build/Intermediates.noindex/ArchiveIntermediates/Document_Scan/IntermediateBuildFilesPath/Pods.build/Release-iphoneos/TPNMediationPangleAdapter.build/OutputFileList-ECA3A50C537FF8F5234EDA7D8F1470DC-TPNMediationPangleAdapter-xcframeworks-output-files-2c293f7ac2a9e0b1857c0ba290b4ab24-resolved.xcfilelist (in target 'TPNMediationPangleAdapter' from project 'Pods')
    cd /Users/runner/work/Document_Scan/Document_Scan/Pods
    write-file /Users/runner/Library/Developer/Xcode/DerivedData/Document_Scan-gpyzovawczbcogekrckiypzonffc/Build/Intermediates.noindex/ArchiveIntermediates/Document_Scan/IntermediateBuildFilesPath/Pods.build/Release-iphoneos/TPNMediationPangleAdapter.build/OutputFileList-ECA3A50C537FF8F5234EDA7D8F1470DC-TPNMediationPangleAdapter-xcframeworks-output-files-2c293f7ac2a9e0b1857c0ba290b4ab24-resolved.xcfilelist

WriteAuxiliaryFile /Users/runner/Library/Developer/Xcode/DerivedData/Document_Scan-gpyzovawczbcogekrckiypzonffc/Build/Intermediates.noindex/ArchiveIntermediates/Document_Scan/IntermediateBuildFilesPath/Pods.build/Release-iphoneos/TPNMediationPangleAdapter.build/InputFileList-ECA3A50C537FF8F5234EDA7D8F1470DC-TPNMediationPangleAdapter-xcframeworks-input-files-334a410a185a26386914901e76b66832-resolved.xcfilelist (in target 'TPNMediationPangleAdapter' from project 'Pods')
    cd /Users/runner/work/Document_Scan/Document_Scan/Pods
    write-file /Users/runner/Library/Developer/Xcode/DerivedData/Document_Scan-gpyzovawczbcogekrckiypzonffc/Build/Intermediates.noindex/ArchiveIntermediates/Document_Scan/IntermediateBuildFilesPath/Pods.build/Release-iphoneos/TPNMediationPangleAdapter.build/InputFileList-ECA3A50C537FF8F5234EDA7D8F1470DC-TPNMediationPangleAdapter-xcframeworks-input-files-334a410a185a26386914901e76b66832-resolved.xcfilelist

WriteAuxiliaryFile /Users/runner/Library/Developer/Xcode/DerivedData/Document_Scan-gpyzovawczbcogekrckiypzonffc/Build/Intermediates.noindex/ArchiveIntermediates/Document_Scan/IntermediateBuildFilesPath/Pods.build/Release-iphoneos/TPNMediationMintegralAdapter.build/OutputFileList-D7BDDAAD7995DA38BB89991B30E3B566-TPNMediationMintegralAdapter-xcframeworks-output-files-7403fb1be659bd2209635fd0222b3329-resolved.xcfilelist (in target 'TPNMediationMintegralAdapter' from project 'Pods')
    cd /Users/runner/work/Document_Scan/Document_Scan/Pods
    write-file /Users/runner/Library/Developer/Xcode/DerivedData/Document_Scan-gpyzovawczbcogekrckiypzonffc/Build/Intermediates.noindex/ArchiveIntermediates/Document_Scan/IntermediateBuildFilesPath/Pods.build/Release-iphoneos/TPNMediationMintegralAdapter.build/OutputFileList-D7BDDAAD7995DA38BB89991B30E3B566-TPNMediationMintegralAdapter-xcframeworks-output-files-7403fb1be659bd2209635fd0222b3329-resolved.xcfilelist

WriteAuxiliaryFile /Users/runner/Library/Developer/Xcode/DerivedData/Document_Scan-gpyzovawczbcogekrckiypzonffc/Build/Intermediates.noindex/ArchiveIntermediates/Document_Scan/IntermediateBuildFilesPath/Pods.build/Release-iphoneos/TPNMediationMintegralAdapter.build/Script-D7BDDAAD7995DA38BB89991B30E3B566.sh (in target 'TPNMediationMintegralAdapter' from project 'Pods')
    cd /Users/runner/work/Document_Scan/Document_Scan/Pods
    write-file /Users/runner/Library/Developer/Xcode/DerivedData/Document_Scan-gpyzovawczbcogekrckiypzonffc/Build/Intermediates.noindex/ArchiveIntermediates/Document_Scan/IntermediateBuildFilesPath/Pods.build/Release-iphoneos/TPNMediationMintegralAdapter.build/Script-D7BDDAAD7995DA38BB89991B30E3B566.sh

WriteAuxiliaryFile /Users/runner/Library/Developer/Xcode/DerivedData/Document_Scan-gpyzovawczbcogekrckiypzonffc/Build/Intermediates.noindex/ArchiveIntermediates/Document_Scan/IntermediateBuildFilesPath/Pods.build/Release-iphoneos/TPNMediationMintegralAdapter.build/InputFileList-D7BDDAAD7995DA38BB89991B30E3B566-TPNMediationMintegralAdapter-xcframeworks-input-files-8d7af4567fad5b0ec085a2e6b25e6ac4-resolved.xcfilelist (in target 'TPNMediationMintegralAdapter' from project 'Pods')
    cd /Users/runner/work/Document_Scan/Document_Scan/Pods
    write-file /Users/runner/Library/Developer/Xcode/DerivedData/Document_Scan-gpyzovawczbcogekrckiypzonffc/Build/Intermediates.noindex/ArchiveIntermediates/Document_Scan/IntermediateBuildFilesPath/Pods.build/Release-iphoneos/TPNMediationMintegralAdapter.build/InputFileList-D7BDDAAD7995DA38BB89991B30E3B566-TPNMediationMintegralAdapter-xcframeworks-input-files-8d7af4567fad5b0ec085a2e6b25e6ac4-resolved.xcfilelist

WriteAuxiliaryFile /Users/runner/Library/Developer/Xcode/DerivedData/Document_Scan-gpyzovawczbcogekrckiypzonffc/Build/Intermediates.noindex/ArchiveIntermediates/Document_Scan/IntermediateBuildFilesPath/Pods.build/Release-iphoneos/TPNMediationInmobiAdapter.build/Script-D29D3D83171C5275812AAAEE47AF38B5.sh (in target 'TPNMediationInmobiAdapter' from project 'Pods')
    cd /Users/runner/work/Document_Scan/Document_Scan/Pods
    write-file /Users/runner/Library/Developer/Xcode/DerivedData/Document_Scan-gpyzovawczbcogekrckiypzonffc/Build/Intermediates.noindex/ArchiveIntermediates/Document_Scan/IntermediateBuildFilesPath/Pods.build/Release-iphoneos/TPNMediationInmobiAdapter.build/Script-D29D3D83171C5275812AAAEE47AF38B5.sh

WriteAuxiliaryFile /Users/runner/Library/Developer/Xcode/DerivedData/Document_Scan-gpyzovawczbcogekrckiypzonffc/Build/Intermediates.noindex/ArchiveIntermediates/Document_Scan/IntermediateBuildFilesPath/Pods.build/Release-iphoneos/TPNMediationInmobiAdapter.build/OutputFileList-D29D3D83171C5275812AAAEE47AF38B5-TPNMediationInmobiAdapter-xcframeworks-output-files-4aad21480d55c0242a9d3a47b7de1811-resolved.xcfilelist (in target 'TPNMediationInmobiAdapter' from project 'Pods')
    cd /Users/runner/work/Document_Scan/Document_Scan/Pods
    write-file /Users/runner/Library/Developer/Xcode/DerivedData/Document_Scan-gpyzovawczbcogekrckiypzonffc/Build/Intermediates.noindex/ArchiveIntermediates/Document_Scan/IntermediateBuildFilesPath/Pods.build/Release-iphoneos/TPNMediationInmobiAdapter.build/OutputFileList-D29D3D83171C5275812AAAEE47AF38B5-TPNMediationInmobiAdapter-xcframeworks-output-files-4aad21480d55c0242a9d3a47b7de1811-resolved.xcfilelist

WriteAuxiliaryFile /Users/runner/Library/Developer/Xcode/DerivedData/Document_Scan-gpyzovawczbcogekrckiypzonffc/Build/Intermediates.noindex/ArchiveIntermediates/Document_Scan/IntermediateBuildFilesPath/Pods.build/Release-iphoneos/TPNMediationInmobiAdapter.build/InputFileList-D29D3D83171C5275812AAAEE47AF38B5-TPNMediationInmobiAdapter-xcframeworks-input-files-d88de03ac03d66dadf8a22a5da07eda0-resolved.xcfilelist (in target 'TPNMediationInmobiAdapter' from project 'Pods')
    cd /Users/runner/work/Document_Scan/Document_Scan/Pods
    write-file /Users/runner/Library/Developer/Xcode/DerivedData/Document_Scan-gpyzovawczbcogekrckiypzonffc/Build/Intermediates.noindex/ArchiveIntermediates/Document_Scan/IntermediateBuildFilesPath/Pods.build/Release-iphoneos/TPNMediationInmobiAdapter.build/InputFileList-D29D3D83171C5275812AAAEE47AF38B5-TPNMediationInmobiAdapter-xcframeworks-input-files-d88de03ac03d66dadf8a22a5da07eda0-resolved.xcfilelist

WriteAuxiliaryFile /Users/runner/Library/Developer/Xcode/DerivedData/Document_Scan-gpyzovawczbcogekrckiypzonffc/Build/Intermediates.noindex/ArchiveIntermediates/Document_Scan/IntermediateBuildFilesPath/Pods.build/Release-iphoneos/TPNMediationFacebookAdapter.build/Script-F02F3C1FE677D6723A46C31264EF59C7.sh (in target 'TPNMediationFacebookAdapter' from project 'Pods')
    cd /Users/runner/work/Document_Scan/Document_Scan/Pods
    write-file /Users/runner/Library/Developer/Xcode/DerivedData/Document_Scan-gpyzovawczbcogekrckiypzonffc/Build/Intermediates.noindex/ArchiveIntermediates/Document_Scan/IntermediateBuildFilesPath/Pods.build/Release-iphoneos/TPNMediationFacebookAdapter.build/Script-F02F3C1FE677D6723A46C31264EF59C7.sh

WriteAuxiliaryFile /Users/runner/Library/Developer/Xcode/DerivedData/Document_Scan-gpyzovawczbcogekrckiypzonffc/Build/Intermediates.noindex/ArchiveIntermediates/Document_Scan/IntermediateBuildFilesPath/Pods.build/Release-iphoneos/TPNMediationFacebookAdapter.build/OutputFileList-F02F3C1FE677D6723A46C31264EF59C7-TPNMediationFacebookAdapter-xcframeworks-output-files-a21aafc8aeeb653ff6482f8c81d15d0d-resolved.xcfilelist (in target 'TPNMediationFacebookAdapter' from project 'Pods')
    cd /Users/runner/work/Document_Scan/Document_Scan/Pods
    write-file /Users/runner/Library/Developer/Xcode/DerivedData/Document_Scan-gpyzovawczbcogekrckiypzonffc/Build/Intermediates.noindex/ArchiveIntermediates/Document_Scan/IntermediateBuildFilesPath/Pods.build/Release-iphoneos/TPNMediationFacebookAdapter.build/OutputFileList-F02F3C1FE677D6723A46C31264EF59C7-TPNMediationFacebookAdapter-xcframeworks-output-files-a21aafc8aeeb653ff6482f8c81d15d0d-resolved.xcfilelist

WriteAuxiliaryFile /Users/runner/Library/Developer/Xcode/DerivedData/Document_Scan-gpyzovawczbcogekrckiypzonffc/Build/Intermediates.noindex/ArchiveIntermediates/Document_Scan/IntermediateBuildFilesPath/Pods.build/Release-iphoneos/TPNMediationFacebookAdapter.build/InputFileList-F02F3C1FE677D6723A46C31264EF59C7-TPNMediationFacebookAdapter-xcframeworks-input-files-5d1fa1c5f160c8ffd3e67d5d1172a62f-resolved.xcfilelist (in target 'TPNMediationFacebookAdapter' from project 'Pods')
    cd /Users/runner/work/Document_Scan/Document_Scan/Pods
    write-file /Users/runner/Library/Developer/Xcode/DerivedData/Document_Scan-gpyzovawczbcogekrckiypzonffc/Build/Intermediates.noindex/ArchiveIntermediates/Document_Scan/IntermediateBuildFilesPath/Pods.build/Release-iphoneos/TPNMediationFacebookAdapter.build/InputFileList-F02F3C1FE677D6723A46C31264EF59C7-TPNMediationFacebookAdapter-xcframeworks-input-files-5d1fa1c5f160c8ffd3e67d5d1172a62f-resolved.xcfilelist

WriteAuxiliaryFile /Users/runner/Library/Developer/Xcode/DerivedData/Document_Scan-gpyzovawczbcogekrckiypzonffc/Build/Intermediates.noindex/ArchiveIntermediates/Document_Scan/IntermediateBuildFilesPath/Pods.build/Release-iphoneos/TPNMediationAdxSmartdigimktAdapter.build/Script-321407375806862595DC785732A491B8.sh (in target 'TPNMediationAdxSmartdigimktAdapter' from project 'Pods')
    cd /Users/runner/work/Document_Scan/Document_Scan/Pods
    write-file /Users/runner/Library/Developer/Xcode/DerivedData/Document_Scan-gpyzovawczbcogekrckiypzonffc/Build/Intermediates.noindex/ArchiveIntermediates/Document_Scan/IntermediateBuildFilesPath/Pods.build/Release-iphoneos/TPNMediationAdxSmartdigimktAdapter.build/Script-321407375806862595DC785732A491B8.sh

WriteAuxiliaryFile /Users/runner/Library/Developer/Xcode/DerivedData/Document_Scan-gpyzovawczbcogekrckiypzonffc/Build/Intermediates.noindex/ArchiveIntermediates/Document_Scan/IntermediateBuildFilesPath/Pods.build/Release-iphoneos/TPNMediationAdxSmartdigimktAdapter.build/OutputFileList-321407375806862595DC785732A491B8-TPNMediationAdxSmartdigimktAdapter-xcframeworks-output-files-a10172773b0996640770b88306be6b92-resolved.xcfilelist (in target 'TPNMediationAdxSmartdigimktAdapter' from project 'Pods')
    cd /Users/runner/work/Document_Scan/Document_Scan/Pods
    write-file /Users/runner/Library/Developer/Xcode/DerivedData/Document_Scan-gpyzovawczbcogekrckiypzonffc/Build/Intermediates.noindex/ArchiveIntermediates/Document_Scan/IntermediateBuildFilesPath/Pods.build/Release-iphoneos/TPNMediationAdxSmartdigimktAdapter.build/OutputFileList-321407375806862595DC785732A491B8-TPNMediationAdxSmartdigimktAdapter-xcframeworks-output-files-a10172773b0996640770b88306be6b92-resolved.xcfilelist

WriteAuxiliaryFile /Users/runner/Library/Developer/Xcode/DerivedData/Document_Scan-gpyzovawczbcogekrckiypzonffc/Build/Intermediates.noindex/ArchiveIntermediates/Document_Scan/IntermediateBuildFilesPath/Pods.build/Release-iphoneos/TPNMediationAdxSmartdigimktAdapter.build/InputFileList-321407375806862595DC785732A491B8-TPNMediationAdxSmartdigimktAdapter-xcframeworks-input-files-229a2d54fd23aa948479e7e82186560f-resolved.xcfilelist (in target 'TPNMediationAdxSmartdigimktAdapter' from project 'Pods')
    cd /Users/runner/work/Document_Scan/Document_Scan/Pods
    write-file /Users/runner/Library/Developer/Xcode/DerivedData/Document_Scan-gpyzovawczbcogekrckiypzonffc/Build/Intermediates.noindex/ArchiveIntermediates/Document_Scan/IntermediateBuildFilesPath/Pods.build/Release-iphoneos/TPNMediationAdxSmartdigimktAdapter.build/InputFileList-321407375806862595DC785732A491B8-TPNMediationAdxSmartdigimktAdapter-xcframeworks-input-files-229a2d54fd23aa948479e7e82186560f-resolved.xcfilelist

WriteAuxiliaryFile /Users/runner/Library/Developer/Xcode/DerivedData/Document_Scan-gpyzovawczbcogekrckiypzonffc/Build/Intermediates.noindex/ArchiveIntermediates/Document_Scan/IntermediateBuildFilesPath/Pods.build/Release-iphoneos/SmartdigimktSDK.build/Script-620532CE504405770C248B9A958854B2.sh (in target 'SmartdigimktSDK' from project 'Pods')
    cd /Users/runner/work/Document_Scan/Document_Scan/Pods
    write-file /Users/runner/Library/Developer/Xcode/DerivedData/Document_Scan-gpyzovawczbcogekrckiypzonffc/Build/Intermediates.noindex/ArchiveIntermediates/Document_Scan/IntermediateBuildFilesPath/Pods.build/Release-iphoneos/SmartdigimktSDK.build/Script-620532CE504405770C248B9A958854B2.sh

WriteAuxiliaryFile /Users/runner/Library/Developer/Xcode/DerivedData/Document_Scan-gpyzovawczbcogekrckiypzonffc/Build/Intermediates.noindex/ArchiveIntermediates/Document_Scan/IntermediateBuildFilesPath/Pods.build/Release-iphoneos/SmartdigimktSDK.build/OutputFileList-620532CE504405770C248B9A958854B2-SmartdigimktSDK-xcframeworks-output-files-639421744f389c967238bda9c3b2a996-resolved.xcfilelist (in target 'SmartdigimktSDK' from project 'Pods')
    cd /Users/runner/work/Document_Scan/Document_Scan/Pods
    write-file /Users/runner/Library/Developer/Xcode/DerivedData/Document_Scan-gpyzovawczbcogekrckiypzonffc/Build/Intermediates.noindex/ArchiveIntermediates/Document_Scan/IntermediateBuildFilesPath/Pods.build/Release-iphoneos/SmartdigimktSDK.build/OutputFileList-620532CE504405770C248B9A958854B2-SmartdigimktSDK-xcframeworks-output-files-639421744f389c967238bda9c3b2a996-resolved.xcfilelist

WriteAuxiliaryFile /Users/runner/Library/Developer/Xcode/DerivedData/Document_Scan-gpyzovawczbcogekrckiypzonffc/Build/Intermediates.noindex/ArchiveIntermediates/Document_Scan/IntermediateBuildFilesPath/Pods.build/Release-iphoneos/SmartdigimktSDK.build/InputFileList-620532CE504405770C248B9A958854B2-SmartdigimktSDK-xcframeworks-input-files-19ae308264f398ce71ac8adb2cbca3cc-resolved.xcfilelist (in target 'SmartdigimktSDK' from project 'Pods')
    cd /Users/runner/work/Document_Scan/Document_Scan/Pods
    write-file /Users/runner/Library/Developer/Xcode/DerivedData/Document_Scan-gpyzovawczbcogekrckiypzonffc/Build/Intermediates.noindex/ArchiveIntermediates/Document_Scan/IntermediateBuildFilesPath/Pods.build/Release-iphoneos/SmartdigimktSDK.build/InputFileList-620532CE504405770C248B9A958854B2-SmartdigimktSDK-xcframeworks-input-files-19ae308264f398ce71ac8adb2cbca3cc-resolved.xcfilelist

WriteAuxiliaryFile /Users/runner/Library/Developer/Xcode/DerivedData/Document_Scan-gpyzovawczbcogekrckiypzonffc/Build/Intermediates.noindex/ArchiveIntermediates/Document_Scan/IntermediateBuildFilesPath/Pods.build/Release-iphoneos/MintegralAdSDK.build/Script-913B196655DE10582268512F07EAAD65.sh (in target 'MintegralAdSDK' from project 'Pods')
    cd /Users/runner/work/Document_Scan/Document_Scan/Pods
    write-file /Users/runner/Library/Developer/Xcode/DerivedData/Document_Scan-gpyzovawczbcogekrckiypzonffc/Build/Intermediates.noindex/ArchiveIntermediates/Document_Scan/IntermediateBuildFilesPath/Pods.build/Release-iphoneos/MintegralAdSDK.build/Script-913B196655DE10582268512F07EAAD65.sh

WriteAuxiliaryFile /Users/runner/Library/Developer/Xcode/DerivedData/Document_Scan-gpyzovawczbcogekrckiypzonffc/Build/Intermediates.noindex/ArchiveIntermediates/Document_Scan/IntermediateBuildFilesPath/Pods.build/Release-iphoneos/MintegralAdSDK.build/OutputFileList-913B196655DE10582268512F07EAAD65-MintegralAdSDK-xcframeworks-output-files-eecec4ee2a3de7ee30a9972d84e5c97e-resolved.xcfilelist (in target 'MintegralAdSDK' from project 'Pods')
    cd /Users/runner/work/Document_Scan/Document_Scan/Pods
    write-file /Users/runner/Library/Developer/Xcode/DerivedData/Document_Scan-gpyzovawczbcogekrckiypzonffc/Build/Intermediates.noindex/ArchiveIntermediates/Document_Scan/IntermediateBuildFilesPath/Pods.build/Release-iphoneos/MintegralAdSDK.build/OutputFileList-913B196655DE10582268512F07EAAD65-MintegralAdSDK-xcframeworks-output-files-eecec4ee2a3de7ee30a9972d84e5c97e-resolved.xcfilelist

WriteAuxiliaryFile /Users/runner/Library/Developer/Xcode/DerivedData/Document_Scan-gpyzovawczbcogekrckiypzonffc/Build/Intermediates.noindex/ArchiveIntermediates/Document_Scan/IntermediateBuildFilesPath/Pods.build/Release-iphoneos/MintegralAdSDK.build/InputFileList-913B196655DE10582268512F07EAAD65-MintegralAdSDK-xcframeworks-input-files-59da3dd33116be24977b75aeb096e73a-resolved.xcfilelist (in target 'MintegralAdSDK' from project 'Pods')
    cd /Users/runner/work/Document_Scan/Document_Scan/Pods
    write-file /Users/runner/Library/Developer/Xcode/DerivedData/Document_Scan-gpyzovawczbcogekrckiypzonffc/Build/Intermediates.noindex/ArchiveIntermediates/Document_Scan/IntermediateBuildFilesPath/Pods.build/Release-iphoneos/MintegralAdSDK.build/InputFileList-913B196655DE10582268512F07EAAD65-MintegralAdSDK-xcframeworks-input-files-59da3dd33116be24977b75aeb096e73a-resolved.xcfilelist

WriteAuxiliaryFile /Users/runner/Library/Developer/Xcode/DerivedData/Document_Scan-gpyzovawczbcogekrckiypzonffc/Build/Intermediates.noindex/ArchiveIntermediates/Document_Scan/IntermediateBuildFilesPath/Pods.build/Release-iphoneos/InMobiSDK.build/Script-63B8FE0EC1B62A18E710ADA9626FC51C.sh (in target 'InMobiSDK' from project 'Pods')
    cd /Users/runner/work/Document_Scan/Document_Scan/Pods
    write-file /Users/runner/Library/Developer/Xcode/DerivedData/Document_Scan-gpyzovawczbcogekrckiypzonffc/Build/Intermediates.noindex/ArchiveIntermediates/Document_Scan/IntermediateBuildFilesPath/Pods.build/Release-iphoneos/InMobiSDK.build/Script-63B8FE0EC1B62A18E710ADA9626FC51C.sh

WriteAuxiliaryFile /Users/runner/Library/Developer/Xcode/DerivedData/Document_Scan-gpyzovawczbcogekrckiypzonffc/Build/Intermediates.noindex/ArchiveIntermediates/Document_Scan/IntermediateBuildFilesPath/Pods.build/Release-iphoneos/InMobiSDK.build/OutputFileList-63B8FE0EC1B62A18E710ADA9626FC51C-InMobiSDK-xcframeworks-output-files-2d68f76174b6dc197cf5af1bb9fc4e94-resolved.xcfilelist (in target 'InMobiSDK' from project 'Pods')
    cd /Users/runner/work/Document_Scan/Document_Scan/Pods
    write-file /Users/runner/Library/Developer/Xcode/DerivedData/Document_Scan-gpyzovawczbcogekrckiypzonffc/Build/Intermediates.noindex/ArchiveIntermediates/Document_Scan/IntermediateBuildFilesPath/Pods.build/Release-iphoneos/InMobiSDK.build/OutputFileList-63B8FE0EC1B62A18E710ADA9626FC51C-InMobiSDK-xcframeworks-output-files-2d68f76174b6dc197cf5af1bb9fc4e94-resolved.xcfilelist

WriteAuxiliaryFile /Users/runner/Library/Developer/Xcode/DerivedData/Document_Scan-gpyzovawczbcogekrckiypzonffc/Build/Intermediates.noindex/ArchiveIntermediates/Document_Scan/IntermediateBuildFilesPath/Pods.build/Release-iphoneos/InMobiSDK.build/InputFileList-63B8FE0EC1B62A18E710ADA9626FC51C-InMobiSDK-xcframeworks-input-files-66ee2f7bc672183e1da86fa429f1ef7f-resolved.xcfilelist (in target 'InMobiSDK' from project 'Pods')
    cd /Users/runner/work/Document_Scan/Document_Scan/Pods
    write-file /Users/runner/Library/Developer/Xcode/DerivedData/Document_Scan-gpyzovawczbcogekrckiypzonffc/Build/Intermediates.noindex/ArchiveIntermediates/Document_Scan/IntermediateBuildFilesPath/Pods.build/Release-iphoneos/InMobiSDK.build/InputFileList-63B8FE0EC1B62A18E710ADA9626FC51C-InMobiSDK-xcframeworks-input-files-66ee2f7bc672183e1da86fa429f1ef7f-resolved.xcfilelist

WriteAuxiliaryFile /Users/runner/Library/Developer/Xcode/DerivedData/Document_Scan-gpyzovawczbcogekrckiypzonffc/Build/Intermediates.noindex/ArchiveIntermediates/Document_Scan/IntermediateBuildFilesPath/Pods.build/Release-iphoneos/FBAudienceNetwork.build/Script-0B30F088A2909E57C202CEE685795F3A.sh (in target 'FBAudienceNetwork' from project 'Pods')
    cd /Users/runner/work/Document_Scan/Document_Scan/Pods
    write-file /Users/runner/Library/Developer/Xcode/DerivedData/Document_Scan-gpyzovawczbcogekrckiypzonffc/Build/Intermediates.noindex/ArchiveIntermediates/Document_Scan/IntermediateBuildFilesPath/Pods.build/Release-iphoneos/FBAudienceNetwork.build/Script-0B30F088A2909E57C202CEE685795F3A.sh

WriteAuxiliaryFile /Users/runner/Library/Developer/Xcode/DerivedData/Document_Scan-gpyzovawczbcogekrckiypzonffc/Build/Intermediates.noindex/ArchiveIntermediates/Document_Scan/IntermediateBuildFilesPath/Pods.build/Release-iphoneos/FBAudienceNetwork.build/OutputFileList-0B30F088A2909E57C202CEE685795F3A-FBAudienceNetwork-xcframeworks-output-files-42bafb02f7205d0b2b8fa06ec761dfd0-resolved.xcfilelist (in target 'FBAudienceNetwork' from project 'Pods')
    cd /Users/runner/work/Document_Scan/Document_Scan/Pods
    write-file /Users/runner/Library/Developer/Xcode/DerivedData/Document_Scan-gpyzovawczbcogekrckiypzonffc/Build/Intermediates.noindex/ArchiveIntermediates/Document_Scan/IntermediateBuildFilesPath/Pods.build/Release-iphoneos/FBAudienceNetwork.build/OutputFileList-0B30F088A2909E57C202CEE685795F3A-FBAudienceNetwork-xcframeworks-output-files-42bafb02f7205d0b2b8fa06ec761dfd0-resolved.xcfilelist

WriteAuxiliaryFile /Users/runner/Library/Developer/Xcode/DerivedData/Document_Scan-gpyzovawczbcogekrckiypzonffc/Build/Intermediates.noindex/ArchiveIntermediates/Document_Scan/IntermediateBuildFilesPath/Pods.build/Release-iphoneos/FBAudienceNetwork.build/InputFileList-0B30F088A2909E57C202CEE685795F3A-FBAudienceNetwork-xcframeworks-input-files-d34e08ad3dd135125b1c10046d1a6b5c-resolved.xcfilelist (in target 'FBAudienceNetwork' from project 'Pods')
    cd /Users/runner/work/Document_Scan/Document_Scan/Pods
    write-file /Users/runner/Library/Developer/Xcode/DerivedData/Document_Scan-gpyzovawczbcogekrckiypzonffc/Build/Intermediates.noindex/ArchiveIntermediates/Document_Scan/IntermediateBuildFilesPath/Pods.build/Release-iphoneos/FBAudienceNetwork.build/InputFileList-0B30F088A2909E57C202CEE685795F3A-FBAudienceNetwork-xcframeworks-input-files-d34e08ad3dd135125b1c10046d1a6b5c-resolved.xcfilelist

WriteAuxiliaryFile /Users/runner/Library/Developer/Xcode/DerivedData/Document_Scan-gpyzovawczbcogekrckiypzonffc/Build/Intermediates.noindex/ArchiveIntermediates/Document_Scan/IntermediateBuildFilesPath/Pods.build/Release-iphoneos/Ads-Global.build/Script-96073457A6C62E689A6C424BD036C842.sh (in target 'Ads-Global' from project 'Pods')
    cd /Users/runner/work/Document_Scan/Document_Scan/Pods
    write-file /Users/runner/Library/Developer/Xcode/DerivedData/Document_Scan-gpyzovawczbcogekrckiypzonffc/Build/Intermediates.noindex/ArchiveIntermediates/Document_Scan/IntermediateBuildFilesPath/Pods.build/Release-iphoneos/Ads-Global.build/Script-96073457A6C62E689A6C424BD036C842.sh

WriteAuxiliaryFile /Users/runner/Library/Developer/Xcode/DerivedData/Document_Scan-gpyzovawczbcogekrckiypzonffc/Build/Intermediates.noindex/ArchiveIntermediates/Document_Scan/IntermediateBuildFilesPath/Pods.build/Release-iphoneos/Ads-Global.build/OutputFileList-96073457A6C62E689A6C424BD036C842-Ads-Global-xcframeworks-output-files-268d251762c3697911d574c55cc1c8c6-resolved.xcfilelist (in target 'Ads-Global' from project 'Pods')
    cd /Users/runner/work/Document_Scan/Document_Scan/Pods
    write-file /Users/runner/Library/Developer/Xcode/DerivedData/Document_Scan-gpyzovawczbcogekrckiypzonffc/Build/Intermediates.noindex/ArchiveIntermediates/Document_Scan/IntermediateBuildFilesPath/Pods.build/Release-iphoneos/Ads-Global.build/OutputFileList-96073457A6C62E689A6C424BD036C842-Ads-Global-xcframeworks-output-files-268d251762c3697911d574c55cc1c8c6-resolved.xcfilelist

WriteAuxiliaryFile /Users/runner/Library/Developer/Xcode/DerivedData/Document_Scan-gpyzovawczbcogekrckiypzonffc/Build/Intermediates.noindex/ArchiveIntermediates/Document_Scan/IntermediateBuildFilesPath/Pods.build/Release-iphoneos/Ads-Global.build/InputFileList-96073457A6C62E689A6C424BD036C842-Ads-Global-xcframeworks-input-files-5fb73ce141806d344ea97b6d6d164ce3-resolved.xcfilelist (in target 'Ads-Global' from project 'Pods')
    cd /Users/runner/work/Document_Scan/Document_Scan/Pods
    write-file /Users/runner/Library/Developer/Xcode/DerivedData/Document_Scan-gpyzovawczbcogekrckiypzonffc/Build/Intermediates.noindex/ArchiveIntermediates/Document_Scan/IntermediateBuildFilesPath/Pods.build/Release-iphoneos/Ads-Global.build/InputFileList-96073457A6C62E689A6C424BD036C842-Ads-Global-xcframeworks-input-files-5fb73ce141806d344ea97b6d6d164ce3-resolved.xcfilelist

CreateBuildDirectory /Users/runner/Library/Developer/Xcode/DerivedData/Document_Scan-gpyzovawczbcogekrckiypzonffc/Build/Intermediates.noindex/ArchiveIntermediates/Document_Scan/BuildProductsPath/Release-iphoneos/WYYKit
    cd /Users/runner/work/Document_Scan/Document_Scan
    builtin-create-build-directory /Users/runner/Library/Developer/Xcode/DerivedData/Document_Scan-gpyzovawczbcogekrckiypzonffc/Build/Intermediates.noindex/ArchiveIntermediates/Document_Scan/BuildProductsPath/Release-iphoneos/WYYKit

CreateBuildDirectory /Users/runner/Library/Developer/Xcode/DerivedData/Document_Scan-gpyzovawczbcogekrckiypzonffc/Build/Intermediates.noindex/ArchiveIntermediates/Document_Scan/BuildProductsPath/Release-iphoneos/UMDevice
    cd /Users/runner/work/Document_Scan/Document_Scan
    builtin-create-build-directory /Users/runner/Library/Developer/Xcode/DerivedData/Document_Scan-gpyzovawczbcogekrckiypzonffc/Build/Intermediates.noindex/ArchiveIntermediates/Document_Scan/BuildProductsPath/Release-iphoneos/UMDevice

CreateBuildDirectory /Users/runner/Library/Developer/Xcode/DerivedData/Document_Scan-gpyzovawczbcogekrckiypzonffc/Build/Intermediates.noindex/ArchiveIntermediates/Document_Scan/BuildProductsPath/Release-iphoneos/UMCommon
    cd /Users/runner/work/Document_Scan/Document_Scan
    builtin-create-build-directory /Users/runner/Library/Developer/Xcode/DerivedData/Document_Scan-gpyzovawczbcogekrckiypzonffc/Build/Intermediates.noindex/ArchiveIntermediates/Document_Scan/BuildProductsPath/Release-iphoneos/UMCommon

CreateBuildDirectory /Users/runner/Library/Developer/Xcode/DerivedData/Document_Scan-gpyzovawczbcogekrckiypzonffc/Build/Intermediates.noindex/ArchiveIntermediates/Document_Scan/BuildProductsPath/Release-iphoneos/UMAPM
    cd /Users/runner/work/Document_Scan/Document_Scan
    builtin-create-build-directory /Users/runner/Library/Developer/Xcode/DerivedData/Document_Scan-gpyzovawczbcogekrckiypzonffc/Build/Intermediates.noindex/ArchiveIntermediates/Document_Scan/BuildProductsPath/Release-iphoneos/UMAPM

CreateBuildDirectory /Users/runner/Library/Developer/Xcode/DerivedData/Document_Scan-gpyzovawczbcogekrckiypzonffc/Build/Intermediates.noindex/ArchiveIntermediates/Document_Scan/BuildProductsPath/Release-iphoneos/TPNiOS
    cd /Users/runner/work/Document_Scan/Document_Scan
    builtin-create-build-directory /Users/runner/Library/Developer/Xcode/DerivedData/Document_Scan-gpyzovawczbcogekrckiypzonffc/Build/Intermediates.noindex/ArchiveIntermediates/Document_Scan/BuildProductsPath/Release-iphoneos/TPNiOS

CreateBuildDirectory /Users/runner/Library/Developer/Xcode/DerivedData/Document_Scan-gpyzovawczbcogekrckiypzonffc/Build/Intermediates.noindex/ArchiveIntermediates/Document_Scan/BuildProductsPath/Release-iphoneos/TPNMediationPangleAdapter
    cd /Users/runner/work/Document_Scan/Document_Scan
    builtin-create-build-directory /Users/runner/Library/Developer/Xcode/DerivedData/Document_Scan-gpyzovawczbcogekrckiypzonffc/Build/Intermediates.noindex/ArchiveIntermediates/Document_Scan/BuildProductsPath/Release-iphoneos/TPNMediationPangleAdapter

CreateBuildDirectory /Users/runner/Library/Developer/Xcode/DerivedData/Document_Scan-gpyzovawczbcogekrckiypzonffc/Build/Intermediates.noindex/ArchiveIntermediates/Document_Scan/BuildProductsPath/Release-iphoneos/TPNMediationMintegralAdapter
    cd /Users/runner/work/Document_Scan/Document_Scan
    builtin-create-build-directory /Users/runner/Library/Developer/Xcode/DerivedData/Document_Scan-gpyzovawczbcogekrckiypzonffc/Build/Intermediates.noindex/ArchiveIntermediates/Document_Scan/BuildProductsPath/Release-iphoneos/TPNMediationMintegralAdapter

WriteAuxiliaryFile /Users/runner/Library/Developer/Xcode/DerivedData/Document_Scan-gpyzovawczbcogekrckiypzonffc/Build/Intermediates.noindex/ArchiveIntermediates/Document_Scan/IntermediateBuildFilesPath/Pods.build/Release-iphoneos/Pods-Document_Scan.build/Pods_Document_Scan.hmap (in target 'Pods-Document_Scan' from project 'Pods')
    cd /Users/runner/work/Document_Scan/Document_Scan/Pods
    write-file /Users/runner/Library/Developer/Xcode/DerivedData/Document_Scan-gpyzovawczbcogekrckiypzonffc/Build/Intermediates.noindex/ArchiveIntermediates/Document_Scan/IntermediateBuildFilesPath/Pods.build/Release-iphoneos/Pods-Document_Scan.build/Pods_Document_Scan.hmap

WriteAuxiliaryFile /Users/runner/Library/Developer/Xcode/DerivedData/Document_Scan-gpyzovawczbcogekrckiypzonffc/Build/Intermediates.noindex/ArchiveIntermediates/Document_Scan/IntermediateBuildFilesPath/Pods.build/Release-iphoneos/Pods-Document_Scan.build/Pods_Document_Scan.DependencyStaticMetadataFileList (in target 'Pods-Document_Scan' from project 'Pods')
    cd /Users/runner/work/Document_Scan/Document_Scan/Pods
    write-file /Users/runner/Library/Developer/Xcode/DerivedData/Document_Scan-gpyzovawczbcogekrckiypzonffc/Build/Intermediates.noindex/ArchiveIntermediates/Document_Scan/IntermediateBuildFilesPath/Pods.build/Release-iphoneos/Pods-Document_Scan.build/Pods_Document_Scan.DependencyStaticMetadataFileList

PhaseScriptExecution [CP]\ Copy\ XCFrameworks /Users/runner/Library/Developer/Xcode/DerivedData/Document_Scan-gpyzovawczbcogekrckiypzonffc/Build/Intermediates.noindex/ArchiveIntermediates/Document_Scan/IntermediateBuildFilesPath/Pods.build/Release-iphoneos/UMDevice.build/Script-3F7DA0732C936AB0140560DF3C0B5631.sh (in target 'UMDevice' from project 'Pods')
    cd /Users/runner/work/Document_Scan/Document_Scan/Pods
    /bin/sh -c /Users/runner/Library/Developer/Xcode/DerivedData/Document_Scan-gpyzovawczbcogekrckiypzonffc/Build/Intermediates.noindex/ArchiveIntermediates/Document_Scan/IntermediateBuildFilesPath/Pods.build/Release-iphoneos/UMDevice.build/Script-3F7DA0732C936AB0140560DF3C0B5631.sh
Selected xcframework slice ios-arm64
rsync --delete -av --filter P .*.?????? --links --filter "- CVS/" --filter "- .svn/" --filter "- .git/" --filter "- .hg/" "/Users/runner/work/Document_Scan/Document_Scan/Pods/UMDevice/UMDevice_3.5.0/UMDevice.xcframework/ios-arm64/*" "/Users/runner/Library/Developer/Xcode/DerivedData/Document_Scan-gpyzovawczbcogekrckiypzonffc/Build/Intermediates.noindex/ArchiveIntermediates/Document_Scan/BuildProductsPath/Release-iphoneos/XCFrameworkIntermediates/UMDevice"
Transfer starting: 14 files
UMDevice.framework/
UMDevice.framework/Info.plist
UMDevice.framework/PrivacyInfo.xcprivacy
UMDevice.framework/UMDevice
UMDevice.framework/Headers/
UMDevice.framework/Headers/UMZid.h
UMDevice.framework/Modules/
UMDevice.framework/Modules/module.modulemap
UMDevice.framework/_CodeSignature/
UMDevice.framework/_CodeSignature/CodeDirectory
UMDevice.framework/_CodeSignature/CodeRequirements
UMDevice.framework/_CodeSignature/CodeRequirements-1
UMDevice.framework/_CodeSignature/CodeResources
UMDevice.framework/_CodeSignature/CodeSignature

sent 459792 bytes  received 264 bytes  45550099 bytes/sec
total size is 458276  speedup is 1.00
Copied /Users/runner/work/Document_Scan/Document_Scan/Pods/UMDevice/UMDevice_3.5.0/UMDevice.xcframework/ios-arm64 to /Users/runner/Library/Developer/Xcode/DerivedData/Document_Scan-gpyzovawczbcogekrckiypzonffc/Build/Intermediates.noindex/ArchiveIntermediates/Document_Scan/BuildProductsPath/Release-iphoneos/XCFrameworkIntermediates/UMDevice

PhaseScriptExecution [CP]\ Copy\ XCFrameworks /Users/runner/Library/Developer/Xcode/DerivedData/Document_Scan-gpyzovawczbcogekrckiypzonffc/Build/Intermediates.noindex/ArchiveIntermediates/Document_Scan/IntermediateBuildFilesPath/Pods.build/Release-iphoneos/TPNiOS.build/Script-A48A995FB4AA801C516C713B9FFA2DCE.sh (in target 'TPNiOS' from project 'Pods')
    cd /Users/runner/work/Document_Scan/Document_Scan/Pods
    /bin/sh -c /Users/runner/Library/Developer/Xcode/DerivedData/Document_Scan-gpyzovawczbcogekrckiypzonffc/Build/Intermediates.noindex/ArchiveIntermediates/Document_Scan/IntermediateBuildFilesPath/Pods.build/Release-iphoneos/TPNiOS.build/Script-A48A995FB4AA801C516C713B9FFA2DCE.sh
Selected xcframework slice ios-arm64
rsync --delete -av --filter P .*.?????? --links --filter "- CVS/" --filter "- .svn/" --filter "- .git/" --filter "- .hg/" "/Users/runner/work/Document_Scan/Document_Scan/Pods/TPNiOS/core/AnyThinkSDK.xcframework/ios-arm64/*" "/Users/runner/Library/Developer/Xcode/DerivedData/Document_Scan-gpyzovawczbcogekrckiypzonffc/Build/Intermediates.noindex/ArchiveIntermediates/Document_Scan/BuildProductsPath/Release-iphoneos/XCFrameworkIntermediates/TPNiOS/TPNSDK"
Transfer starting: 155 files
AnyThinkSDK.framework/
AnyThinkSDK.framework/AnyThinkSDK
AnyThinkSDK.framework/Info.plist
AnyThinkSDK.framework/PrivacyInfo.xcprivacy
AnyThinkSDK.framework/Headers/
AnyThinkSDK.framework/Headers/ATADXFloorPrice.h
AnyThinkSDK.framework/Headers/ATAPI+Internal.h
AnyThinkSDK.framework/Headers/ATAPI.h
AnyThinkSDK.framework/Headers/ATAPPSettingModel.h
AnyThinkSDK.framework/Headers/ATAd.h
AnyThinkSDK.framework/Headers/ATAdAdapter.h
AnyThinkSDK.framework/Headers/ATAdCacheInfo.h
AnyThinkSDK.framework/Headers/ATAdCacheManager.h
AnyThinkSDK.framework/Headers/ATAdCustomEvent.h
AnyThinkSDK.framework/Headers/ATAdCustomFilter.h
AnyThinkSDK.framework/Headers/ATAdDeveloperMaterialInfo.h
AnyThinkSDK.framework/Headers/ATAdEnums.h
AnyThinkSDK.framework/Headers/ATAdErrorCode.h
AnyThinkSDK.framework/Headers/ATAdEventMaterialMediator.h
AnyThinkSDK.framework/Headers/ATAdInitArgument.h
AnyThinkSDK.framework/Headers/ATAdInternalEnums.h
AnyThinkSDK.framework/Headers/ATAdLoadingDelegate.h
AnyThinkSDK.framework/Headers/ATAdLogger.h
AnyThinkSDK.framework/Headers/ATAdManager+ATMediaVideo.h
AnyThinkSDK.framework/Headers/ATAdManager+Banner.h
AnyThinkSDK.framework/Headers/ATAdManager+Internal.h
AnyThinkSDK.framework/Headers/ATAdManager+Interstitial.h
AnyThinkSDK.framework/Headers/ATAdManager+Native.h
AnyThinkSDK.framework/Headers/ATAdManager+RewardedVideo.h
AnyThinkSDK.framework/Headers/ATAdManager+Splash.h
AnyThinkSDK.framework/Headers/ATAdManager.h
AnyThinkSDK.framework/Headers/ATAdMediationArgument+ATInternal.h
AnyThinkSDK.framework/Headers/ATAdMediationArgument.h
AnyThinkSDK.framework/Headers/ATAdObject.h
AnyThinkSDK.framework/Headers/ATAdOfferCacheModel.h
AnyThinkSDK.framework/Headers/ATAdRequestingInfo.h
AnyThinkSDK.framework/Headers/ATAdStatusBridge.h
AnyThinkSDK.framework/Headers/ATAdapter.h
AnyThinkSDK.framework/Headers/ATAdsLgStModel.h
AnyThinkSDK.framework/Headers/ATAdsLgStRuleModel.h
AnyThinkSDK.framework/Headers/ATAntiBrushConfig.h
AnyThinkSDK.framework/Headers/ATAppSettingManager.h
AnyThinkSDK.framework/Headers/ATBanner.h
AnyThinkSDK.framework/Headers/ATBannerCustomEvent.h
AnyThinkSDK.framework/Headers/ATBannerDelegate.h
AnyThinkSDK.framework/Headers/ATBannerManager.h
AnyThinkSDK.framework/Headers/ATBannerView+Internal.h
AnyThinkSDK.framework/Headers/ATBannerView.h
AnyThinkSDK.framework/Headers/ATBaseAdapterProtocol.h
AnyThinkSDK.framework/Headers/ATBaseInitAdapter.h
AnyThinkSDK.framework/Headers/ATBaseMediationAdapter.h
AnyThinkSDK.framework/Headers/ATBaseNativeMixView.h
AnyThinkSDK.framework/Headers/ATBaseTrackProtocol.h
AnyThinkSDK.framework/Headers/ATBidInfo.h
AnyThinkSDK.framework/Headers/ATBidInfoCacheManager.h
AnyThinkSDK.framework/Headers/ATBidWinLossResult.h
AnyThinkSDK.framework/Headers/ATCheckLoadModel.h
AnyThinkSDK.framework/Headers/ATConstraint.h
AnyThinkSDK.framework/Headers/ATConstraintMaker.h
AnyThinkSDK.framework/Headers/ATCustomContentInfo.h
AnyThinkSDK.framework/Headers/ATCustomContentResult.h
AnyThinkSDK.framework/Headers/ATCustomNetworkMode.h
AnyThinkSDK.framework/Headers/ATCustomNetworkNativeAd.h
AnyThinkSDK.framework/Headers/ATDAParameter.h
AnyThinkSDK.framework/Headers/ATDATKEventKey.h
AnyThinkSDK.framework/Headers/ATDebuggerBridgingAPI.h
AnyThinkSDK.framework/Headers/ATDebuggerConfig.h
AnyThinkSDK.framework/Headers/ATDebuggerConfigDefine.h
AnyThinkSDK.framework/Headers/ATDelegateWeakStoreManager.h
AnyThinkSDK.framework/Headers/ATDeveloperMaterialDelegate.h
AnyThinkSDK.framework/Headers/ATDeviceInfoConfig.h
AnyThinkSDK.framework/Headers/ATDynamicWaterfallParams.h
AnyThinkSDK.framework/Headers/ATEcwfModel.h
AnyThinkSDK.framework/Headers/ATEcwfRuleModel.h
AnyThinkSDK.framework/Headers/ATGeneralManage.h
AnyThinkSDK.framework/Headers/ATImageLoader.h
AnyThinkSDK.framework/Headers/ATInspectNetwork.h
AnyThinkSDK.framework/Headers/ATInspectNetworkModel.h
AnyThinkSDK.framework/Headers/ATInteriorTrackProtocol.h
AnyThinkSDK.framework/Headers/ATInterstitial.h
AnyThinkSDK.framework/Headers/ATInterstitialAdapter.h
AnyThinkSDK.framework/Headers/ATInterstitialAutoAdManager.h
AnyThinkSDK.framework/Headers/ATInterstitialCustomEvent.h
AnyThinkSDK.framework/Headers/ATInterstitialDelegate.h
AnyThinkSDK.framework/Headers/ATLoadAdapterResult.h
AnyThinkSDK.framework/Headers/ATMasUtilities.h
AnyThinkSDK.framework/Headers/ATMediaVideo.h
AnyThinkSDK.framework/Headers/ATMediaVideoAdObject.h
AnyThinkSDK.framework/Headers/ATMediaVideoCustomEvent.h
AnyThinkSDK.framework/Headers/ATMediaVideoDelegate.h
AnyThinkSDK.framework/Headers/ATMediaVideoOffer.h
AnyThinkSDK.framework/Headers/ATMgPreloadModel.h
AnyThinkSDK.framework/Headers/ATModel.h
AnyThinkSDK.framework/Headers/ATModelProtocol.h
AnyThinkSDK.framework/Headers/ATNativeADCache.h
AnyThinkSDK.framework/Headers/ATNativeADConfiguration.h
AnyThinkSDK.framework/Headers/ATNativeADCustomEvent.h
AnyThinkSDK.framework/Headers/ATNativeADDelegate.h
AnyThinkSDK.framework/Headers/ATNativeADRenderer.h
AnyThinkSDK.framework/Headers/ATNativeADView+Internal.h
AnyThinkSDK.framework/Headers/ATNativeADView.h
AnyThinkSDK.framework/Headers/ATNativeAd.h
AnyThinkSDK.framework/Headers/ATNativeAdNetworkViewConfig.h
AnyThinkSDK.framework/Headers/ATNativeAdOffer+Internal.h
AnyThinkSDK.framework/Headers/ATNativeAdOffer.h
AnyThinkSDK.framework/Headers/ATNativeAdRenderConfig.h
AnyThinkSDK.framework/Headers/ATNativeAdRenderViewEventObserver.h
AnyThinkSDK.framework/Headers/ATNativeBannerView.h
AnyThinkSDK.framework/Headers/ATNativeMaterialProtocol.h
AnyThinkSDK.framework/Headers/ATNativeMixInterstitialView.h
AnyThinkSDK.framework/Headers/ATNativeMixRewardedVideoView.h
AnyThinkSDK.framework/Headers/ATNativeMixSplashView.h
AnyThinkSDK.framework/Headers/ATNativePrepareInfo.h
AnyThinkSDK.framework/Headers/ATNativeRenderer.h
AnyThinkSDK.framework/Headers/ATNativeRendering.h
AnyThinkSDK.framework/Headers/ATNetwokBaseConfigure.h
AnyThinkSDK.framework/Headers/ATNetworkInitManager.h
AnyThinkSDK.framework/Headers/ATPlacementModel.h
AnyThinkSDK.framework/Headers/ATPlatfromInfo.h
AnyThinkSDK.framework/Headers/ATRewardedVideo.h
AnyThinkSDK.framework/Headers/ATRewardedVideoAdapter.h
AnyThinkSDK.framework/Headers/ATRewardedVideoAutoAdManager.h
AnyThinkSDK.framework/Headers/ATRewardedVideoCustomEvent.h
AnyThinkSDK.framework/Headers/ATRewardedVideoDelegate.h
AnyThinkSDK.framework/Headers/ATRiskControlModel.h
AnyThinkSDK.framework/Headers/ATSDKConfiguration.h
AnyThinkSDK.framework/Headers/ATSDKGlobalSetting.h
AnyThinkSDK.framework/Headers/ATSafeModuleObject.h
AnyThinkSDK.framework/Headers/ATSafeThreadArray.h
AnyThinkSDK.framework/Headers/ATSafeThreadDictionary.h
AnyThinkSDK.framework/Headers/ATScrollLabel.h
AnyThinkSDK.framework/Headers/ATSharePlacementConfig.h
AnyThinkSDK.framework/Headers/ATSplash.h
AnyThinkSDK.framework/Headers/ATSplashCustomEvent.h
AnyThinkSDK.framework/Headers/ATSplashDelegate.h
AnyThinkSDK.framework/Headers/ATSplashManager.h
AnyThinkSDK.framework/Headers/ATStorage.h
AnyThinkSDK.framework/Headers/ATTimer.h
AnyThinkSDK.framework/Headers/ATTracker.h
AnyThinkSDK.framework/Headers/ATTrackerInfo.h
AnyThinkSDK.framework/Headers/ATUID2Info.h
AnyThinkSDK.framework/Headers/ATUMPConsentHandler.h
AnyThinkSDK.framework/Headers/ATUnitGroupModel.h
AnyThinkSDK.framework/Headers/ATViewAttribute.h
AnyThinkSDK.framework/Headers/ATWaterfallInfoModel.h
AnyThinkSDK.framework/Headers/ATWaterfallModel.h
AnyThinkSDK.framework/Headers/AnyThinkSDK.h
AnyThinkSDK.framework/Headers/NSArray+ATErrorHandle.h
AnyThinkSDK.framework/Headers/NSArray+KAKit.h
AnyThinkSDK.framework/Headers/NSDictionary+KAKit.h
AnyThinkSDK.framework/Headers/NSMutableArray+ATErrorHandle.h
AnyThinkSDK.framework/Headers/NSString+KAKit.h
AnyThinkSDK.framework/Headers/View+ATAdditions.h
AnyThinkSDK.framework/Modules/
AnyThinkSDK.framework/Modules/module.modulemap

sent 4001088 bytes  received 3382 bytes  35722301 bytes/sec
total size is 3982076  speedup is 0.99
Copied /Users/runner/work/Document_Scan/Document_Scan/Pods/TPNiOS/core/AnyThinkSDK.xcframework/ios-arm64 to /Users/runner/Library/Developer/Xcode/DerivedData/Document_Scan-gpyzovawczbcogekrckiypzonffc/Build/Intermediates.noindex/ArchiveIntermediates/Document_Scan/BuildProductsPath/Release-iphoneos/XCFrameworkIntermediates/TPNiOS/TPNSDK

PhaseScriptExecution [CP]\ Copy\ XCFrameworks /Users/runner/Library/Developer/Xcode/DerivedData/Document_Scan-gpyzovawczbcogekrckiypzonffc/Build/Intermediates.noindex/ArchiveIntermediates/Document_Scan/IntermediateBuildFilesPath/Pods.build/Release-iphoneos/SmartdigimktSDK.build/Script-620532CE504405770C248B9A958854B2.sh (in target 'SmartdigimktSDK' from project 'Pods')
    cd /Users/runner/work/Document_Scan/Document_Scan/Pods
    /bin/sh -c /Users/runner/Library/Developer/Xcode/DerivedData/Document_Scan-gpyzovawczbcogekrckiypzonffc/Build/Intermediates.noindex/ArchiveIntermediates/Document_Scan/IntermediateBuildFilesPath/Pods.build/Release-iphoneos/SmartdigimktSDK.build/Script-620532CE504405770C248B9A958854B2.sh
Selected xcframework slice ios-arm64
rsync --delete -av --filter P .*.?????? --links --filter "- CVS/" --filter "- .svn/" --filter "- .git/" --filter "- .hg/" "/Users/runner/work/Document_Scan/Document_Scan/Pods/SmartdigimktSDK/SmartDigimktSDK/SmartdigimktSDK.xcframework/ios-arm64/*" "/Users/runner/Library/Developer/Xcode/DerivedData/Document_Scan-gpyzovawczbcogekrckiypzonffc/Build/Intermediates.noindex/ArchiveIntermediates/Document_Scan/BuildProductsPath/Release-iphoneos/XCFrameworkIntermediates/SmartdigimktSDK"
Transfer starting: 39 files
SmartdigimktSDK.framework/
SmartdigimktSDK.framework/Info.plist
SmartdigimktSDK.framework/PrivacyInfo.xcprivacy
SmartdigimktSDK.framework/SmartdigimktSDK
SmartdigimktSDK.framework/Headers/
SmartdigimktSDK.framework/Headers/SDMAPI.h
SmartdigimktSDK.framework/Headers/SDMAd.h
SmartdigimktSDK.framework/Headers/SDMAdEcpmInfo.h
SmartdigimktSDK.framework/Headers/SDMAdFormatDefine.h
SmartdigimktSDK.framework/Headers/SDMAdLogger.h
SmartdigimktSDK.framework/Headers/SDMAdPlaceInfo.h
SmartdigimktSDK.framework/Headers/SDMAdRequest.h
SmartdigimktSDK.framework/Headers/SDMBannerView.h
SmartdigimktSDK.framework/Headers/SDMBaseAd.h
SmartdigimktSDK.framework/Headers/SDMDebuggerConfig.h
SmartdigimktSDK.framework/Headers/SDMDebuggerConfigDefine.h
SmartdigimktSDK.framework/Headers/SDMDeviceInfoList.h
SmartdigimktSDK.framework/Headers/SDMInterstitialAd.h
SmartdigimktSDK.framework/Headers/SDMLossInfo.h
SmartdigimktSDK.framework/Headers/SDMMyOfferCommonManager.h
SmartdigimktSDK.framework/Headers/SDMNative.h
SmartdigimktSDK.framework/Headers/SDMNativeAd.h
SmartdigimktSDK.framework/Headers/SDMNativeAdOffer.h
SmartdigimktSDK.framework/Headers/SDMNativeLayoutParams.h
SmartdigimktSDK.framework/Headers/SDMNativePrepareInfo.h
SmartdigimktSDK.framework/Headers/SDMPubInterstitialDelegate.h
SmartdigimktSDK.framework/Headers/SDMPubNativeDelegate.h
SmartdigimktSDK.framework/Headers/SDMPubRewardedVideoDelegate.h
SmartdigimktSDK.framework/Headers/SDMPubSplashDelegate.h
SmartdigimktSDK.framework/Headers/SDMPublicLoadingDelegate.h
SmartdigimktSDK.framework/Headers/SDMRewardedVideoAd.h
SmartdigimktSDK.framework/Headers/SDMSDKConfiguration.h
SmartdigimktSDK.framework/Headers/SDMSDKGlobalSetting.h
SmartdigimktSDK.framework/Headers/SDMShowConfig.h
SmartdigimktSDK.framework/Headers/SDMSplashAd.h
SmartdigimktSDK.framework/Headers/SDMWinInfo.h
SmartdigimktSDK.framework/Headers/SmartdigimktSDK.h
SmartdigimktSDK.framework/Modules/
SmartdigimktSDK.framework/Modules/module.modulemap

sent 6354955 bytes  received 830 bytes  62866320 bytes/sec
total size is 6349503  speedup is 1.00
Copied /Users/runner/work/Document_Scan/Document_Scan/Pods/SmartdigimktSDK/SmartDigimktSDK/SmartdigimktSDK.xcframework/ios-arm64 to /Users/runner/Library/Developer/Xcode/DerivedData/Document_Scan-gpyzovawczbcogekrckiypzonffc/Build/Intermediates.noindex/ArchiveIntermediates/Document_Scan/BuildProductsPath/Release-iphoneos/XCFrameworkIntermediates/SmartdigimktSDK

WriteAuxiliaryFile /Users/runner/Library/Developer/Xcode/DerivedData/Document_Scan-gpyzovawczbcogekrckiypzonffc/Build/Intermediates.noindex/ArchiveIntermediates/Document_Scan/IntermediateBuildFilesPath/Pods.build/Release-iphoneos/Pods-Document_Scan.build/Pods_Document_Scan.DependencyMetadataFileList (in target 'Pods-Document_Scan' from project 'Pods')
    cd /Users/runner/work/Document_Scan/Document_Scan/Pods
    write-file /Users/runner/Library/Developer/Xcode/DerivedData/Document_Scan-gpyzovawczbcogekrckiypzonffc/Build/Intermediates.noindex/ArchiveIntermediates/Document_Scan/IntermediateBuildFilesPath/Pods.build/Release-iphoneos/Pods-Document_Scan.build/Pods_Document_Scan.DependencyMetadataFileList

WriteAuxiliaryFile /Users/runner/Library/Developer/Xcode/DerivedData/Document_Scan-gpyzovawczbcogekrckiypzonffc/Build/Intermediates.noindex/ArchiveIntermediates/Document_Scan/IntermediateBuildFilesPath/Pods.build/Release-iphoneos/Pods-Document_Scan.build/Pods_Document_Scan-project-headers.hmap (in target 'Pods-Document_Scan' from project 'Pods')
    cd /Users/runner/work/Document_Scan/Document_Scan/Pods
    write-file /Users/runner/Library/Developer/Xcode/DerivedData/Document_Scan-gpyzovawczbcogekrckiypzonffc/Build/Intermediates.noindex/ArchiveIntermediates/Document_Scan/IntermediateBuildFilesPath/Pods.build/Release-iphoneos/Pods-Document_Scan.build/Pods_Document_Scan-project-headers.hmap

WriteAuxiliaryFile /Users/runner/Library/Developer/Xcode/DerivedData/Document_Scan-gpyzovawczbcogekrckiypzonffc/Build/Intermediates.noindex/ArchiveIntermediates/Document_Scan/IntermediateBuildFilesPath/Pods.build/Release-iphoneos/Pods-Document_Scan.build/Pods_Document_Scan-own-target-headers.hmap (in target 'Pods-Document_Scan' from project 'Pods')
    cd /Users/runner/work/Document_Scan/Document_Scan/Pods
    write-file /Users/runner/Library/Developer/Xcode/DerivedData/Document_Scan-gpyzovawczbcogekrckiypzonffc/Build/Intermediates.noindex/ArchiveIntermediates/Document_Scan/IntermediateBuildFilesPath/Pods.build/Release-iphoneos/Pods-Document_Scan.build/Pods_Document_Scan-own-target-headers.hmap

WriteAuxiliaryFile /Users/runner/Library/Developer/Xcode/DerivedData/Document_Scan-gpyzovawczbcogekrckiypzonffc/Build/Intermediates.noindex/ArchiveIntermediates/Document_Scan/IntermediateBuildFilesPath/Pods.build/Release-iphoneos/Pods-Document_Scan.build/Pods_Document_Scan-generated-files.hmap (in target 'Pods-Document_Scan' from project 'Pods')
    cd /Users/runner/work/Document_Scan/Document_Scan/Pods
    write-file /Users/runner/Library/Developer/Xcode/DerivedData/Document_Scan-gpyzovawczbcogekrckiypzonffc/Build/Intermediates.noindex/ArchiveIntermediates/Document_Scan/IntermediateBuildFilesPath/Pods.build/Release-iphoneos/Pods-Document_Scan.build/Pods_Document_Scan-generated-files.hmap

WriteAuxiliaryFile /Users/runner/Library/Developer/Xcode/DerivedData/Document_Scan-gpyzovawczbcogekrckiypzonffc/Build/Intermediates.noindex/ArchiveIntermediates/Document_Scan/IntermediateBuildFilesPath/Pods.build/Release-iphoneos/Pods-Document_Scan.build/Pods_Document_Scan-all-target-headers.hmap (in target 'Pods-Document_Scan' from project 'Pods')
    cd /Users/runner/work/Document_Scan/Document_Scan/Pods
    write-file /Users/runner/Library/Developer/Xcode/DerivedData/Document_Scan-gpyzovawczbcogekrckiypzonffc/Build/Intermediates.noindex/ArchiveIntermediates/Document_Scan/IntermediateBuildFilesPath/Pods.build/Release-iphoneos/Pods-Document_Scan.build/Pods_Document_Scan-all-target-headers.hmap

WriteAuxiliaryFile /Users/runner/Library/Developer/Xcode/DerivedData/Document_Scan-gpyzovawczbcogekrckiypzonffc/Build/Intermediates.noindex/ArchiveIntermediates/Document_Scan/IntermediateBuildFilesPath/Pods.build/Release-iphoneos/Pods-Document_Scan.build/Pods_Document_Scan-all-non-framework-target-headers.hmap (in target 'Pods-Document_Scan' from project 'Pods')
    cd /Users/runner/work/Document_Scan/Document_Scan/Pods
    write-file /Users/runner/Library/Developer/Xcode/DerivedData/Document_Scan-gpyzovawczbcogekrckiypzonffc/Build/Intermediates.noindex/ArchiveIntermediates/Document_Scan/IntermediateBuildFilesPath/Pods.build/Release-iphoneos/Pods-Document_Scan.build/Pods_Document_Scan-all-non-framework-target-headers.hmap

WriteAuxiliaryFile /Users/runner/Library/Developer/Xcode/DerivedData/Document_Scan-gpyzovawczbcogekrckiypzonffc/Build/Intermediates.noindex/ArchiveIntermediates/Document_Scan/IntermediateBuildFilesPath/Pods.build/Release-iphoneos/Pods-Document_Scan.build/Objects-normal/arm64/e6072d4f65d7061329687fe24e3d63a7-common-args.resp (in target 'Pods-Document_Scan' from project 'Pods')
    cd /Users/runner/work/Document_Scan/Document_Scan/Pods
    write-file /Users/runner/Library/Developer/Xcode/DerivedData/Document_Scan-gpyzovawczbcogekrckiypzonffc/Build/Intermediates.noindex/ArchiveIntermediates/Document_Scan/IntermediateBuildFilesPath/Pods.build/Release-iphoneos/Pods-Document_Scan.build/Objects-normal/arm64/e6072d4f65d7061329687fe24e3d63a7-common-args.resp
-target arm64-apple-ios16.0 '-std=gnu11' -fobjc-arc -fmodules -gmodules '-fmodules-cache-path=/Users/runner/Library/Developer/Xcode/DerivedData/ModuleCache.noindex' '-fmodule-name=Pods_Document_Scan' -fpascal-strings -Os -fno-common '-DPOD_CONFIGURATION_RELEASE=1' '-DCOCOAPODS=1' '-DNS_BLOCK_ASSERTIONS=1' '-DOBJC_OLD_DISPATCH_PROTOTYPES=0' -isysroot /Applications/Xcode_16.4.app/Contents/Developer/Platforms/iPhoneOS.platform/Developer/SDKs/iPhoneOS18.5.sdk -g -iquote /Users/runner/Library/Developer/Xcode/DerivedData/Document_Scan-gpyzovawczbcogekrckiypzonffc/Build/Intermediates.noindex/ArchiveIntermediates/Document_Scan/IntermediateBuildFilesPath/Pods.build/Release-iphoneos/Pods-Document_Scan.build/Pods_Document_Scan-generated-files.hmap -I/Users/runner/Library/Developer/Xcode/DerivedData/Document_Scan-gpyzovawczbcogekrckiypzonffc/Build/Intermediates.noindex/ArchiveIntermediates/Document_Scan/IntermediateBuildFilesPath/Pods.build/Release-iphoneos/Pods-Document_Scan.build/Pods_Document_Scan-own-target-headers.hmap -I/Users/runner/Library/Developer/Xcode/DerivedData/Document_Scan-gpyzovawczbcogekrckiypzonffc/Build/Intermediates.noindex/ArchiveIntermediates/Document_Scan/IntermediateBuildFilesPath/Pods.build/Release-iphoneos/Pods-Document_Scan.build/Pods_Document_Scan-all-non-framework-target-headers.hmap -ivfsoverlay /Users/runner/Library/Developer/Xcode/DerivedData/Document_Scan-gpyzovawczbcogekrckiypzonffc/Build/Intermediates.noindex/ArchiveIntermediates/Document_Scan/IntermediateBuildFilesPath/Pods.build/Release-iphoneos/Pods-8699adb1dd336b26511df848a716bd42-VFS-iphoneos/all-product-headers.yaml -iquote /Users/runner/Library/Developer/Xcode/DerivedData/Document_Scan-gpyzovawczbcogekrckiypzonffc/Build/Intermediates.noindex/ArchiveIntermediates/Document_Scan/IntermediateBuildFilesPath/Pods.build/Release-iphoneos/Pods-Document_Scan.build/Pods_Document_Scan-project-headers.hmap -I/Users/runner/Library/Developer/Xcode/DerivedData/Document_Scan-gpyzovawczbcogekrckiypzonffc/Build/Intermediates.noindex/ArchiveIntermediates/Document_Scan/BuildProductsPath/Release-iphoneos/include -I/Users/runner/Library/Developer/Xcode/DerivedData/Document_Scan-gpyzovawczbcogekrckiypzonffc/Build/Intermediates.noindex/ArchiveIntermediates/Document_Scan/BuildProductsPath/Release-iphoneos/WYYKit/WYYKit.framework/Headers -I/Users/runner/Library/Developer/Xcode/DerivedData/Document_Scan-gpyzovawczbcogekrckiypzonffc/Build/Intermediates.noindex/ArchiveIntermediates/Document_Scan/IntermediateBuildFilesPath/Pods.build/Release-iphoneos/Pods-Document_Scan.build/DerivedSources-normal/arm64 -I/Users/runner/Library/Developer/Xcode/DerivedData/Document_Scan-gpyzovawczbcogekrckiypzonffc/Build/Intermediates.noindex/ArchiveIntermediates/Document_Scan/IntermediateBuildFilesPath/Pods.build/Release-iphoneos/Pods-Document_Scan.build/DerivedSources/arm64 -I/Users/runner/Library/Developer/Xcode/DerivedData/Document_Scan-gpyzovawczbcogekrckiypzonffc/Build/Intermediates.noindex/ArchiveIntermediates/Document_Scan/IntermediateBuildFilesPath/Pods.build/Release-iphoneos/Pods-Document_Scan.build/DerivedSources -F/Users/runner/Library/Developer/Xcode/DerivedData/Document_Scan-gpyzovawczbcogekrckiypzonffc/Build/Intermediates.noindex/ArchiveIntermediates/Document_Scan/BuildProductsPath/Release-iphoneos -F/Users/runner/Library/Developer/Xcode/DerivedData/Document_Scan-gpyzovawczbcogekrckiypzonffc/Build/Intermediates.noindex/ArchiveIntermediates/Document_Scan/BuildProductsPath/Release-iphoneos/WYYKit -F/Users/runner/work/Document_Scan/Document_Scan/Pods/Ads-Global/SDK -F/Users/runner/work/Document_Scan/Document_Scan/Pods/FBAudienceNetwork/Dynamic -F/Users/runner/work/Document_Scan/Document_Scan/Pods/InMobiSDK -F/Users/runner/work/Document_Scan/Document_Scan/Pods/MintegralAdSDK/Fmk -F/Users/runner/work/Document_Scan/Document_Scan/Pods/SmartdigimktSDK/SmartDigimktSDK -F/Users/runner/work/Document_Scan/Document_Scan/Pods/TPNMediationAdxSmartdigimktAdapter/AnyThinkSmartdigimktAdapter-6.5.45.0 -F/Users/runner/work/Document_Scan/Document_Scan/Pods/TPNMediationFacebookAdapter/AnyThinkFacebookAdapter-6.21.1.0 -F/Users/runner/work/Document_Scan/Document_Scan/Pods/TPNMediationInmobiAdapter/AnyThinkInmobiAdapter-11.1.0.0 -F/Users/runner/work/Document_Scan/Document_Scan/Pods/TPNMediationMintegralAdapter/AnyThinkMintegralAdapter-8.0.4.0 -F/Users/runner/work/Document_Scan/Document_Scan/Pods/TPNMediationPangleAdapter/AnyThinkPangleAdapter-7.8.5.7.0 -F/Users/runner/work/Document_Scan/Document_Scan/Pods/TPNiOS/core -F/Users/runner/work/Document_Scan/Document_Scan/Pods/UMAPM/UMAPM_2.0.7 -F/Users/runner/work/Document_Scan/Document_Scan/Pods/UMCommon/UMCommon_7.5.8 -F/Users/runner/work/Document_Scan/Document_Scan/Pods/UMDevice/UMDevice_3.5.0 -F/Users/runner/Library/Developer/Xcode/DerivedData/Document_Scan-gpyzovawczbcogekrckiypzonffc/Build/Intermediates.noindex/ArchiveIntermediates/Document_Scan/BuildProductsPath/Release-iphoneos/XCFrameworkIntermediates/Ads-Global/PangleSDK -F/Users/runner/Library/Developer/Xcode/DerivedData/Document_Scan-gpyzovawczbcogekrckiypzonffc/Build/Intermediates.noindex/ArchiveIntermediates/Document_Scan/BuildProductsPath/Release-iphoneos/XCFrameworkIntermediates/Ads-Global/TikTokBusinessSDK -F/Users/runner/Library/Developer/Xcode/DerivedData/Document_Scan-gpyzovawczbcogekrckiypzonffc/Build/Intermediates.noindex/ArchiveIntermediates/Document_Scan/BuildProductsPath/Release-iphoneos/XCFrameworkIntermediates/FBAudienceNetwork -F/Users/runner/Library/Developer/Xcode/DerivedData/Document_Scan-gpyzovawczbcogekrckiypzonffc/Build/Intermediates.noindex/ArchiveIntermediates/Document_Scan/BuildProductsPath/Release-iphoneos/XCFrameworkIntermediates/InMobiSDK -F/Users/runner/Library/Developer/Xcode/DerivedData/Document_Scan-gpyzovawczbcogekrckiypzonffc/Build/Intermediates.noindex/ArchiveIntermediates/Document_Scan/BuildProductsPath/Release-iphoneos/XCFrameworkIntermediates/MintegralAdSDK/BannerAd -F/Users/runner/Library/Developer/Xcode/DerivedData/Document_Scan-gpyzovawczbcogekrckiypzonffc/Build/Intermediates.noindex/ArchiveIntermediates/Document_Scan/BuildProductsPath/Release-iphoneos/XCFrameworkIntermediates/MintegralAdSDK/BidNativeAd -F/Users/runner/Library/Developer/Xcode/DerivedData/Document_Scan-gpyzovawczbcogekrckiypzonffc/Build/Intermediates.noindex/ArchiveIntermediates/Document_Scan/BuildProductsPath/Release-iphoneos/XCFrameworkIntermediates/MintegralAdSDK/InterstitialVideoAd -F/Users/runner/Library/Developer/Xcode/DerivedData/Document_Scan-gpyzovawczbcogekrckiypzonffc/Build/Intermediates.noindex/ArchiveIntermediates/Document_Scan/BuildProductsPath/Release-iphoneos/XCFrameworkIntermediates/MintegralAdSDK/NativeAd -F/Users/runner/Library/Developer/Xcode/DerivedData/Document_Scan-gpyzovawczbcogekrckiypzonffc/Build/Intermediates.noindex/ArchiveIntermediates/Document_Scan/BuildProductsPath/Release-iphoneos/XCFrameworkIntermediates/MintegralAdSDK/NativeAdvancedAd -F/Users/runner/Library/Developer/Xcode/DerivedData/Document_Scan-gpyzovawczbcogekrckiypzonffc/Build/Intermediates.noindex/ArchiveIntermediates/Document_Scan/BuildProductsPath/Release-iphoneos/XCFrameworkIntermediates/MintegralAdSDK/NewInterstitialAd -F/Users/runner/Library/Developer/Xcode/DerivedData/Document_Scan-gpyzovawczbcogekrckiypzonffc/Build/Intermediates.noindex/ArchiveIntermediates/Document_Scan/BuildProductsPath/Release-iphoneos/XCFrameworkIntermediates/MintegralAdSDK/RewardVideoAd -F/Users/runner/Library/Developer/Xcode/DerivedData/Document_Scan-gpyzovawczbcogekrckiypzonffc/Build/Intermediates.noindex/ArchiveIntermediates/Document_Scan/BuildProductsPath/Release-iphoneos/XCFrameworkIntermediates/MintegralAdSDK/SplashAd -F/Users/runner/Library/Developer/Xcode/DerivedData/Document_Scan-gpyzovawczbcogekrckiypzonffc/Build/Intermediates.noindex/ArchiveIntermediates/Document_Scan/BuildProductsPath/Release-iphoneos/XCFrameworkIntermediates/SmartdigimktSDK -F/Users/runner/Library/Developer/Xcode/DerivedData/Document_Scan-gpyzovawczbcogekrckiypzonffc/Build/Intermediates.noindex/ArchiveIntermediates/Document_Scan/BuildProductsPath/Release-iphoneos/XCFrameworkIntermediates/TPNMediationAdxSmartdigimktAdapter -F/Users/runner/Library/Developer/Xcode/DerivedData/Document_Scan-gpyzovawczbcogekrckiypzonffc/Build/Intermediates.noindex/ArchiveIntermediates/Document_Scan/BuildProductsPath/Release-iphoneos/XCFrameworkIntermediates/TPNMediationFacebookAdapter -F/Users/runner/Library/Developer/Xcode/DerivedData/Document_Scan-gpyzovawczbcogekrckiypzonffc/Build/Intermediates.noindex/ArchiveIntermediates/Document_Scan/BuildProductsPath/Release-iphoneos/XCFrameworkIntermediates/TPNMediationInmobiAdapter -F/Users/runner/Library/Developer/Xcode/DerivedData/Document_Scan-gpyzovawczbcogekrckiypzonffc/Build/Intermediates.noindex/ArchiveIntermediates/Document_Scan/BuildProductsPath/Release-iphoneos/XCFrameworkIntermediates/TPNMediationMintegralAdapter -F/Users/runner/Library/Developer/Xcode/DerivedData/Document_Scan-gpyzovawczbcogekrckiypzonffc/Build/Intermediates.noindex/ArchiveIntermediates/Document_Scan/BuildProductsPath/Release-iphoneos/XCFrameworkIntermediates/TPNMediationPangleAdapter -F/Users/runner/Library/Developer/Xcode/DerivedData/Document_Scan-gpyzovawczbcogekrckiypzonffc/Build/Intermediates.noindex/ArchiveIntermediates/Document_Scan/BuildProductsPath/Release-iphoneos/XCFrameworkIntermediates/TPNiOS/TPNSDK -F/Users/runner/Library/Developer/Xcode/DerivedData/Document_Scan-gpyzovawczbcogekrckiypzonffc/Build/Intermediates.noindex/ArchiveIntermediates/Document_Scan/BuildProductsPath/Release-iphoneos/XCFrameworkIntermediates/UMAPM -F/Users/runner/Library/Developer/Xcode/DerivedData/Document_Scan-gpyzovawczbcogekrckiypzonffc/Build/Intermediates.noindex/ArchiveIntermediates/Document_Scan/BuildProductsPath/Release-iphoneos/XCFrameworkIntermediates/UMCommon -F/Users/runner/Library/Developer/Xcode/DerivedData/Document_Scan-gpyzovawczbcogekrckiypzonffc/Build/Intermediates.noindex/ArchiveIntermediates/Document_Scan/BuildProductsPath/Release-iphoneos/XCFrameworkIntermediates/UMDevice -isystem /Users/runner/Library/Developer/Xcode/DerivedData/Document_Scan-gpyzovawczbcogekrckiypzonffc/Build/Intermediates.noindex/ArchiveIntermediates/Document_Scan/BuildProductsPath/Release-iphoneos/WYYKit/WYYKit.framework/Headers -iframework /Users/runner/work/Document_Scan/Document_Scan/Pods/Ads-Global/SDK -iframework /Users/runner/Library/Developer/Xcode/DerivedData/Document_Scan-gpyzovawczbcogekrckiypzonffc/Build/Intermediates.noindex/ArchiveIntermediates/Document_Scan/BuildProductsPath/Release-iphoneos/XCFrameworkIntermediates/Ads-Global/PangleSDK -iframework /Users/runner/Library/Developer/Xcode/DerivedData/Document_Scan-gpyzovawczbcogekrckiypzonffc/Build/Intermediates.noindex/ArchiveIntermediates/Document_Scan/BuildProductsPath/Release-iphoneos/XCFrameworkIntermediates/Ads-Global/TikTokBusinessSDK -iframework /Users/runner/work/Document_Scan/Document_Scan/Pods/FBAudienceNetwork/Dynamic -iframework /Users/runner/Library/Developer/Xcode/DerivedData/Document_Scan-gpyzovawczbcogekrckiypzonffc/Build/Intermediates.noindex/ArchiveIntermediates/Document_Scan/BuildProductsPath/Release-iphoneos/XCFrameworkIntermediates/FBAudienceNetwork -iframework /Users/runner/work/Document_Scan/Document_Scan/Pods/InMobiSDK -iframework /Users/runner/Library/Developer/Xcode/DerivedData/Document_Scan-gpyzovawczbcogekrckiypzonffc/Build/Intermediates.noindex/ArchiveIntermediates/Document_Scan/BuildProductsPath/Release-iphoneos/XCFrameworkIntermediates/InMobiSDK -iframework /Users/runner/work/Document_Scan/Document_Scan/Pods/MintegralAdSDK/Fmk -iframework /Users/runner/Library/Developer/Xcode/DerivedData/Document_Scan-gpyzovawczbcogekrckiypzonffc/Build/Intermediates.noindex/ArchiveIntermediates/Document_Scan/BuildProductsPath/Release-iphoneos/XCFrameworkIntermediates/MintegralAdSDK/BannerAd -iframework /Users/runner/Library/Developer/Xcode/DerivedData/Document_Scan-gpyzovawczbcogekrckiypzonffc/Build/Intermediates.noindex/ArchiveIntermediates/Document_Scan/BuildProductsPath/Release-iphoneos/XCFrameworkIntermediates/MintegralAdSDK/BidNativeAd -iframework /Users/runner/Library/Developer/Xcode/DerivedData/Document_Scan-gpyzovawczbcogekrckiypzonffc/Build/Intermediates.noindex/ArchiveIntermediates/Document_Scan/BuildProductsPath/Release-iphoneos/XCFrameworkIntermediates/MintegralAdSDK/InterstitialVideoAd -iframework /Users/runner/Library/Developer/Xcode/DerivedData/Document_Scan-gpyzovawczbcogekrckiypzonffc/Build/Intermediates.noindex/ArchiveIntermediates/Document_Scan/BuildProductsPath/Release-iphoneos/XCFrameworkIntermediates/MintegralAdSDK/NativeAd -iframework /Users/runner/Library/Developer/Xcode/DerivedData/Document_Scan-gpyzovawczbcogekrckiypzonffc/Build/Intermediates.noindex/ArchiveIntermediates/Document_Scan/BuildProductsPath/Release-iphoneos/XCFrameworkIntermediates/MintegralAdSDK/NativeAdvancedAd -iframework /Users/runner/Library/Developer/Xcode/DerivedData/Document_Scan-gpyzovawczbcogekrckiypzonffc/Build/Intermediates.noindex/ArchiveIntermediates/Document_Scan/BuildProductsPath/Release-iphoneos/XCFrameworkIntermediates/MintegralAdSDK/NewInterstitialAd -iframework /Users/runner/Library/Developer/Xcode/DerivedData/Document_Scan-gpyzovawczbcogekrckiypzonffc/Build/Intermediates.noindex/ArchiveIntermediates/Document_Scan/BuildProductsPath/Release-iphoneos/XCFrameworkIntermediates/MintegralAdSDK/RewardVideoAd -iframework /Users/runner/Library/Developer/Xcode/DerivedData/Document_Scan-gpyzovawczbcogekrckiypzonffc/Build/Intermediates.noindex/ArchiveIntermediates/Document_Scan/BuildProductsPath/Release-iphoneos/XCFrameworkIntermediates/MintegralAdSDK/SplashAd -iframework /Users/runner/work/Document_Scan/Document_Scan/Pods/SmartdigimktSDK/SmartDigimktSDK -iframework /Users/runner/Library/Developer/Xcode/DerivedData/Document_Scan-gpyzovawczbcogekrckiypzonffc/Build/Intermediates.noindex/ArchiveIntermediates/Document_Scan/BuildProductsPath/Release-iphoneos/XCFrameworkIntermediates/SmartdigimktSDK -iframework /Users/runner/work/Document_Scan/Document_Scan/Pods/TPNMediationAdxSmartdigimktAdapter/AnyThinkSmartdigimktAdapter-6.5.45.0 -iframework /Users/runner/Library/Developer/Xcode/DerivedData/Document_Scan-gpyzovawczbcogekrckiypzonffc/Build/Intermediates.noindex/ArchiveIntermediates/Document_Scan/BuildProductsPath/Release-iphoneos/XCFrameworkIntermediates/TPNMediationAdxSmartdigimktAdapter -iframework /Users/runner/work/Document_Scan/Document_Scan/Pods/TPNMediationFacebookAdapter/AnyThinkFacebookAdapter-6.21.1.0 -iframework /Users/runner/Library/Developer/Xcode/DerivedData/Document_Scan-gpyzovawczbcogekrckiypzonffc/Build/Intermediates.noindex/ArchiveIntermediates/Document_Scan/BuildProductsPath/Release-iphoneos/XCFrameworkIntermediates/TPNMediationFacebookAdapter -iframework /Users/runner/work/Document_Scan/Document_Scan/Pods/TPNMediationInmobiAdapter/AnyThinkInmobiAdapter-11.1.0.0 -iframework /Users/runner/Library/Developer/Xcode/DerivedData/Document_Scan-gpyzovawczbcogekrckiypzonffc/Build/Intermediates.noindex/ArchiveIntermediates/Document_Scan/BuildProductsPath/Release-iphoneos/XCFrameworkIntermediates/TPNMediationInmobiAdapter -iframework /Users/runner/work/Document_Scan/Document_Scan/Pods/TPNMediationMintegralAdapter/AnyThinkMintegralAdapter-8.0.4.0 -iframework /Users/runner/Library/Developer/Xcode/DerivedData/Document_Scan-gpyzovawczbcogekrckiypzonffc/Build/Intermediates.noindex/ArchiveIntermediates/Document_Scan/BuildProductsPath/Release-iphoneos/XCFrameworkIntermediates/TPNMediationMintegralAdapter -iframework /Users/runner/work/Document_Scan/Document_Scan/Pods/TPNMediationPangleAdapter/AnyThinkPangleAdapter-7.8.5.7.0 -iframework /Users/runner/Library/Developer/Xcode/DerivedData/Document_Scan-gpyzovawczbcogekrckiypzonffc/Build/Intermediates.noindex/ArchiveIntermediates/Document_Scan/BuildProductsPath/Release-iphoneos/XCFrameworkIntermediates/TPNMediationPangleAdapter -iframework /Users/runner/work/Document_Scan/Document_Scan/Pods/TPNiOS/core -iframework /Users/runner/Library/Developer/Xcode/DerivedData/Document_Scan-gpyzovawczbcogekrckiypzonffc/Build/Intermediates.noindex/ArchiveIntermediates/Document_Scan/BuildProductsPath/Release-iphoneos/XCFrameworkIntermediates/TPNiOS/TPNSDK -iframework /Users/runner/work/Document_Scan/Document_Scan/Pods/UMAPM/UMAPM_2.0.7 -iframework /Users/runner/Library/Developer/Xcode/DerivedData/Document_Scan-gpyzovawczbcogekrckiypzonffc/Build/Intermediates.noindex/ArchiveIntermediates/Document_Scan/BuildProductsPath/Release-iphoneos/XCFrameworkIntermediates/UMAPM -iframework /Users/runner/work/Document_Scan/Document_Scan/Pods/UMCommon/UMCommon_7.5.8 -iframework /Users/runner/Library/Developer/Xcode/DerivedData/Document_Scan-gpyzovawczbcogekrckiypzonffc/Build/Intermediates.noindex/ArchiveIntermediates/Document_Scan/BuildProductsPath/Release-iphoneos/XCFrameworkIntermediates/UMCommon -iframework /Users/runner/work/Document_Scan/Document_Scan/Pods/UMDevice/UMDevice_3.5.0 -iframework /Users/runner/Library/Developer/Xcode/DerivedData/Document_Scan-gpyzovawczbcogekrckiypzonffc/Build/Intermediates.noindex/ArchiveIntermediates/Document_Scan/BuildProductsPath/Release-iphoneos/XCFrameworkIntermediates/UMDevice -iframework /Users/runner/Library/Developer/Xcode/DerivedData/Document_Scan-gpyzovawczbcogekrckiypzonffc/Build/Intermediates.noindex/ArchiveIntermediates/Document_Scan/BuildProductsPath/Release-iphoneos/WYYKit

WriteAuxiliaryFile /Users/runner/Library/Developer/Xcode/DerivedData/Document_Scan-gpyzovawczbcogekrckiypzonffc/Build/Intermediates.noindex/ArchiveIntermediates/Document_Scan/IntermediateBuildFilesPath/Pods.build/Release-iphoneos/Pods-Document_Scan.build/Objects-normal/arm64/Pods_Document_Scan.LinkFileList (in target 'Pods-Document_Scan' from project 'Pods')
    cd /Users/runner/work/Document_Scan/Document_Scan/Pods
    write-file /Users/runner/Library/Developer/Xcode/DerivedData/Document_Scan-gpyzovawczbcogekrckiypzonffc/Build/Intermediates.noindex/ArchiveIntermediates/Document_Scan/IntermediateBuildFilesPath/Pods.build/Release-iphoneos/Pods-Document_Scan.build/Objects-normal/arm64/Pods_Document_Scan.LinkFileList

WriteAuxiliaryFile /Users/runner/Library/Developer/Xcode/DerivedData/Document_Scan-gpyzovawczbcogekrckiypzonffc/Build/Intermediates.noindex/ArchiveIntermediates/Document_Scan/IntermediateBuildFilesPath/Pods.build/Release-iphoneos/Pods-Document_Scan.build/Objects-normal/arm64/7187679823f38a2a940e0043cdf9d637-common-args.resp (in target 'Pods-Document_Scan' from project 'Pods')
    cd /Users/runner/work/Document_Scan/Document_Scan/Pods
    write-file /Users/runner/Library/Developer/Xcode/DerivedData/Document_Scan-gpyzovawczbcogekrckiypzonffc/Build/Intermediates.noindex/ArchiveIntermediates/Document_Scan/IntermediateBuildFilesPath/Pods.build/Release-iphoneos/Pods-Document_Scan.build/Objects-normal/arm64/7187679823f38a2a940e0043cdf9d637-common-args.resp
-target arm64-apple-ios16.0 '-std=gnu11' -fmodules -gmodules '-fmodules-cache-path=/Users/runner/Library/Developer/Xcode/DerivedData/ModuleCache.noindex' '-fmodule-name=Pods_Document_Scan' -fpascal-strings -Os -fno-common '-DPOD_CONFIGURATION_RELEASE=1' '-DCOCOAPODS=1' -isysroot /Applications/Xcode_16.4.app/Contents/Developer/Platforms/iPhoneOS.platform/Developer/SDKs/iPhoneOS18.5.sdk -g -iquote /Users/runner/Library/Developer/Xcode/DerivedData/Document_Scan-gpyzovawczbcogekrckiypzonffc/Build/Intermediates.noindex/ArchiveIntermediates/Document_Scan/IntermediateBuildFilesPath/Pods.build/Release-iphoneos/Pods-Document_Scan.build/Pods_Document_Scan-generated-files.hmap -I/Users/runner/Library/Developer/Xcode/DerivedData/Document_Scan-gpyzovawczbcogekrckiypzonffc/Build/Intermediates.noindex/ArchiveIntermediates/Document_Scan/IntermediateBuildFilesPath/Pods.build/Release-iphoneos/Pods-Document_Scan.build/Pods_Document_Scan-own-target-headers.hmap -I/Users/runner/Library/Developer/Xcode/DerivedData/Document_Scan-gpyzovawczbcogekrckiypzonffc/Build/Intermediates.noindex/ArchiveIntermediates/Document_Scan/IntermediateBuildFilesPath/Pods.build/Release-iphoneos/Pods-Document_Scan.build/Pods_Document_Scan-all-non-framework-target-headers.hmap -ivfsoverlay /Users/runner/Library/Developer/Xcode/DerivedData/Document_Scan-gpyzovawczbcogekrckiypzonffc/Build/Intermediates.noindex/ArchiveIntermediates/Document_Scan/IntermediateBuildFilesPath/Pods.build/Release-iphoneos/Pods-8699adb1dd336b26511df848a716bd42-VFS-iphoneos/all-product-headers.yaml -iquote /Users/runner/Library/Developer/Xcode/DerivedData/Document_Scan-gpyzovawczbcogekrckiypzonffc/Build/Intermediates.noindex/ArchiveIntermediates/Document_Scan/IntermediateBuildFilesPath/Pods.build/Release-iphoneos/Pods-Document_Scan.build/Pods_Document_Scan-project-headers.hmap -I/Users/runner/Library/Developer/Xcode/DerivedData/Document_Scan-gpyzovawczbcogekrckiypzonffc/Build/Intermediates.noindex/ArchiveIntermediates/Document_Scan/BuildProductsPath/Release-iphoneos/include -I/Users/runner/Library/Developer/Xcode/DerivedData/Document_Scan-gpyzovawczbcogekrckiypzonffc/Build/Intermediates.noindex/ArchiveIntermediates/Document_Scan/BuildProductsPath/Release-iphoneos/WYYKit/WYYKit.framework/Headers -I/Users/runner/Library/Developer/Xcode/DerivedData/Document_Scan-gpyzovawczbcogekrckiypzonffc/Build/Intermediates.noindex/ArchiveIntermediates/Document_Scan/IntermediateBuildFilesPath/Pods.build/Release-iphoneos/Pods-Document_Scan.build/DerivedSources-normal/arm64 -I/Users/runner/Library/Developer/Xcode/DerivedData/Document_Scan-gpyzovawczbcogekrckiypzonffc/Build/Intermediates.noindex/ArchiveIntermediates/Document_Scan/IntermediateBuildFilesPath/Pods.build/Release-iphoneos/Pods-Document_Scan.build/DerivedSources/arm64 -I/Users/runner/Library/Developer/Xcode/DerivedData/Document_Scan-gpyzovawczbcogekrckiypzonffc/Build/Intermediates.noindex/ArchiveIntermediates/Document_Scan/IntermediateBuildFilesPath/Pods.build/Release-iphoneos/Pods-Document_Scan.build/DerivedSources -F/Users/runner/Library/Developer/Xcode/DerivedData/Document_Scan-gpyzovawczbcogekrckiypzonffc/Build/Intermediates.noindex/ArchiveIntermediates/Document_Scan/BuildProductsPath/Release-iphoneos -F/Users/runner/Library/Developer/Xcode/DerivedData/Document_Scan-gpyzovawczbcogekrckiypzonffc/Build/Intermediates.noindex/ArchiveIntermediates/Document_Scan/BuildProductsPath/Release-iphoneos/WYYKit -F/Users/runner/work/Document_Scan/Document_Scan/Pods/Ads-Global/SDK -F/Users/runner/work/Document_Scan/Document_Scan/Pods/FBAudienceNetwork/Dynamic -F/Users/runner/work/Document_Scan/Document_Scan/Pods/InMobiSDK -F/Users/runner/work/Document_Scan/Document_Scan/Pods/MintegralAdSDK/Fmk -F/Users/runner/work/Document_Scan/Document_Scan/Pods/SmartdigimktSDK/SmartDigimktSDK -F/Users/runner/work/Document_Scan/Document_Scan/Pods/TPNMediationAdxSmartdigimktAdapter/AnyThinkSmartdigimktAdapter-6.5.45.0 -F/Users/runner/work/Document_Scan/Document_Scan/Pods/TPNMediationFacebookAdapter/AnyThinkFacebookAdapter-6.21.1.0 -F/Users/runner/work/Document_Scan/Document_Scan/Pods/TPNMediationInmobiAdapter/AnyThinkInmobiAdapter-11.1.0.0 -F/Users/runner/work/Document_Scan/Document_Scan/Pods/TPNMediationMintegralAdapter/AnyThinkMintegralAdapter-8.0.4.0 -F/Users/runner/work/Document_Scan/Document_Scan/Pods/TPNMediationPangleAdapter/AnyThinkPangleAdapter-7.8.5.7.0 -F/Users/runner/work/Document_Scan/Document_Scan/Pods/TPNiOS/core -F/Users/runner/work/Document_Scan/Document_Scan/Pods/UMAPM/UMAPM_2.0.7 -F/Users/runner/work/Document_Scan/Document_Scan/Pods/UMCommon/UMCommon_7.5.8 -F/Users/runner/work/Document_Scan/Document_Scan/Pods/UMDevice/UMDevice_3.5.0 -F/Users/runner/Library/Developer/Xcode/DerivedData/Document_Scan-gpyzovawczbcogekrckiypzonffc/Build/Intermediates.noindex/ArchiveIntermediates/Document_Scan/BuildProductsPath/Release-iphoneos/XCFrameworkIntermediates/Ads-Global/PangleSDK -F/Users/runner/Library/Developer/Xcode/DerivedData/Document_Scan-gpyzovawczbcogekrckiypzonffc/Build/Intermediates.noindex/ArchiveIntermediates/Document_Scan/BuildProductsPath/Release-iphoneos/XCFrameworkIntermediates/Ads-Global/TikTokBusinessSDK -F/Users/runner/Library/Developer/Xcode/DerivedData/Document_Scan-gpyzovawczbcogekrckiypzonffc/Build/Intermediates.noindex/ArchiveIntermediates/Document_Scan/BuildProductsPath/Release-iphoneos/XCFrameworkIntermediates/FBAudienceNetwork -F/Users/runner/Library/Developer/Xcode/DerivedData/Document_Scan-gpyzovawczbcogekrckiypzonffc/Build/Intermediates.noindex/ArchiveIntermediates/Document_Scan/BuildProductsPath/Release-iphoneos/XCFrameworkIntermediates/InMobiSDK -F/Users/runner/Library/Developer/Xcode/DerivedData/Document_Scan-gpyzovawczbcogekrckiypzonffc/Build/Intermediates.noindex/ArchiveIntermediates/Document_Scan/BuildProductsPath/Release-iphoneos/XCFrameworkIntermediates/MintegralAdSDK/BannerAd -F/Users/runner/Library/Developer/Xcode/DerivedData/Document_Scan-gpyzovawczbcogekrckiypzonffc/Build/Intermediates.noindex/ArchiveIntermediates/Document_Scan/BuildProductsPath/Release-iphoneos/XCFrameworkIntermediates/MintegralAdSDK/BidNativeAd -F/Users/runner/Library/Developer/Xcode/DerivedData/Document_Scan-gpyzovawczbcogekrckiypzonffc/Build/Intermediates.noindex/ArchiveIntermediates/Document_Scan/BuildProductsPath/Release-iphoneos/XCFrameworkIntermediates/MintegralAdSDK/InterstitialVideoAd -F/Users/runner/Library/Developer/Xcode/DerivedData/Document_Scan-gpyzovawczbcogekrckiypzonffc/Build/Intermediates.noindex/ArchiveIntermediates/Document_Scan/BuildProductsPath/Release-iphoneos/XCFrameworkIntermediates/MintegralAdSDK/NativeAd -F/Users/runner/Library/Developer/Xcode/DerivedData/Document_Scan-gpyzovawczbcogekrckiypzonffc/Build/Intermediates.noindex/ArchiveIntermediates/Document_Scan/BuildProductsPath/Release-iphoneos/XCFrameworkIntermediates/MintegralAdSDK/NativeAdvancedAd -F/Users/runner/Library/Developer/Xcode/DerivedData/Document_Scan-gpyzovawczbcogekrckiypzonffc/Build/Intermediates.noindex/ArchiveIntermediates/Document_Scan/BuildProductsPath/Release-iphoneos/XCFrameworkIntermediates/MintegralAdSDK/NewInterstitialAd -F/Users/runner/Library/Developer/Xcode/DerivedData/Document_Scan-gpyzovawczbcogekrckiypzonffc/Build/Intermediates.noindex/ArchiveIntermediates/Document_Scan/BuildProductsPath/Release-iphoneos/XCFrameworkIntermediates/MintegralAdSDK/RewardVideoAd -F/Users/runner/Library/Developer/Xcode/DerivedData/Document_Scan-gpyzovawczbcogekrckiypzonffc/Build/Intermediates.noindex/ArchiveIntermediates/Document_Scan/BuildProductsPath/Release-iphoneos/XCFrameworkIntermediates/MintegralAdSDK/SplashAd -F/Users/runner/Library/Developer/Xcode/DerivedData/Document_Scan-gpyzovawczbcogekrckiypzonffc/Build/Intermediates.noindex/ArchiveIntermediates/Document_Scan/BuildProductsPath/Release-iphoneos/XCFrameworkIntermediates/SmartdigimktSDK -F/Users/runner/Library/Developer/Xcode/DerivedData/Document_Scan-gpyzovawczbcogekrckiypzonffc/Build/Intermediates.noindex/ArchiveIntermediates/Document_Scan/BuildProductsPath/Release-iphoneos/XCFrameworkIntermediates/TPNMediationAdxSmartdigimktAdapter -F/Users/runner/Library/Developer/Xcode/DerivedData/Document_Scan-gpyzovawczbcogekrckiypzonffc/Build/Intermediates.noindex/ArchiveIntermediates/Document_Scan/BuildProductsPath/Release-iphoneos/XCFrameworkIntermediates/TPNMediationFacebookAdapter -F/Users/runner/Library/Developer/Xcode/DerivedData/Document_Scan-gpyzovawczbcogekrckiypzonffc/Build/Intermediates.noindex/ArchiveIntermediates/Document_Scan/BuildProductsPath/Release-iphoneos/XCFrameworkIntermediates/TPNMediationInmobiAdapter -F/Users/runner/Library/Developer/Xcode/DerivedData/Document_Scan-gpyzovawczbcogekrckiypzonffc/Build/Intermediates.noindex/ArchiveIntermediates/Document_Scan/BuildProductsPath/Release-iphoneos/XCFrameworkIntermediates/TPNMediationMintegralAdapter -F/Users/runner/Library/Developer/Xcode/DerivedData/Document_Scan-gpyzovawczbcogekrckiypzonffc/Build/Intermediates.noindex/ArchiveIntermediates/Document_Scan/BuildProductsPath/Release-iphoneos/XCFrameworkIntermediates/TPNMediationPangleAdapter -F/Users/runner/Library/Developer/Xcode/DerivedData/Document_Scan-gpyzovawczbcogekrckiypzonffc/Build/Intermediates.noindex/ArchiveIntermediates/Document_Scan/BuildProductsPath/Release-iphoneos/XCFrameworkIntermediates/TPNiOS/TPNSDK -F/Users/runner/Library/Developer/Xcode/DerivedData/Document_Scan-gpyzovawczbcogekrckiypzonffc/Build/Intermediates.noindex/ArchiveIntermediates/Document_Scan/BuildProductsPath/Release-iphoneos/XCFrameworkIntermediates/UMAPM -F/Users/runner/Library/Developer/Xcode/DerivedData/Document_Scan-gpyzovawczbcogekrckiypzonffc/Build/Intermediates.noindex/ArchiveIntermediates/Document_Scan/BuildProductsPath/Release-iphoneos/XCFrameworkIntermediates/UMCommon -F/Users/runner/Library/Developer/Xcode/DerivedData/Document_Scan-gpyzovawczbcogekrckiypzonffc/Build/Intermediates.noindex/ArchiveIntermediates/Document_Scan/BuildProductsPath/Release-iphoneos/XCFrameworkIntermediates/UMDevice -isystem /Users/runner/Library/Developer/Xcode/DerivedData/Document_Scan-gpyzovawczbcogekrckiypzonffc/Build/Intermediates.noindex/ArchiveIntermediates/Document_Scan/BuildProductsPath/Release-iphoneos/WYYKit/WYYKit.framework/Headers -iframework /Users/runner/work/Document_Scan/Document_Scan/Pods/Ads-Global/SDK -iframework /Users/runner/Library/Developer/Xcode/DerivedData/Document_Scan-gpyzovawczbcogekrckiypzonffc/Build/Intermediates.noindex/ArchiveIntermediates/Document_Scan/BuildProductsPath/Release-iphoneos/XCFrameworkIntermediates/Ads-Global/PangleSDK -iframework /Users/runner/Library/Developer/Xcode/DerivedData/Document_Scan-gpyzovawczbcogekrckiypzonffc/Build/Intermediates.noindex/ArchiveIntermediates/Document_Scan/BuildProductsPath/Release-iphoneos/XCFrameworkIntermediates/Ads-Global/TikTokBusinessSDK -iframework /Users/runner/work/Document_Scan/Document_Scan/Pods/FBAudienceNetwork/Dynamic -iframework /Users/runner/Library/Developer/Xcode/DerivedData/Document_Scan-gpyzovawczbcogekrckiypzonffc/Build/Intermediates.noindex/ArchiveIntermediates/Document_Scan/BuildProductsPath/Release-iphoneos/XCFrameworkIntermediates/FBAudienceNetwork -iframework /Users/runner/work/Document_Scan/Document_Scan/Pods/InMobiSDK -iframework /Users/runner/Library/Developer/Xcode/DerivedData/Document_Scan-gpyzovawczbcogekrckiypzonffc/Build/Intermediates.noindex/ArchiveIntermediates/Document_Scan/BuildProductsPath/Release-iphoneos/XCFrameworkIntermediates/InMobiSDK -iframework /Users/runner/work/Document_Scan/Document_Scan/Pods/MintegralAdSDK/Fmk -iframework /Users/runner/Library/Developer/Xcode/DerivedData/Document_Scan-gpyzovawczbcogekrckiypzonffc/Build/Intermediates.noindex/ArchiveIntermediates/Document_Scan/BuildProductsPath/Release-iphoneos/XCFrameworkIntermediates/MintegralAdSDK/BannerAd -iframework /Users/runner/Library/Developer/Xcode/DerivedData/Document_Scan-gpyzovawczbcogekrckiypzonffc/Build/Intermediates.noindex/ArchiveIntermediates/Document_Scan/BuildProductsPath/Release-iphoneos/XCFrameworkIntermediates/MintegralAdSDK/BidNativeAd -iframework /Users/runner/Library/Developer/Xcode/DerivedData/Document_Scan-gpyzovawczbcogekrckiypzonffc/Build/Intermediates.noindex/ArchiveIntermediates/Document_Scan/BuildProductsPath/Release-iphoneos/XCFrameworkIntermediates/MintegralAdSDK/InterstitialVideoAd -iframework /Users/runner/Library/Developer/Xcode/DerivedData/Document_Scan-gpyzovawczbcogekrckiypzonffc/Build/Intermediates.noindex/ArchiveIntermediates/Document_Scan/BuildProductsPath/Release-iphoneos/XCFrameworkIntermediates/MintegralAdSDK/NativeAd -iframework /Users/runner/Library/Developer/Xcode/DerivedData/Document_Scan-gpyzovawczbcogekrckiypzonffc/Build/Intermediates.noindex/ArchiveIntermediates/Document_Scan/BuildProductsPath/Release-iphoneos/XCFrameworkIntermediates/MintegralAdSDK/NativeAdvancedAd -iframework /Users/runner/Library/Developer/Xcode/DerivedData/Document_Scan-gpyzovawczbcogekrckiypzonffc/Build/Intermediates.noindex/ArchiveIntermediates/Document_Scan/BuildProductsPath/Release-iphoneos/XCFrameworkIntermediates/MintegralAdSDK/NewInterstitialAd -iframework /Users/runner/Library/Developer/Xcode/DerivedData/Document_Scan-gpyzovawczbcogekrckiypzonffc/Build/Intermediates.noindex/ArchiveIntermediates/Document_Scan/BuildProductsPath/Release-iphoneos/XCFrameworkIntermediates/MintegralAdSDK/RewardVideoAd -iframework /Users/runner/Library/Developer/Xcode/DerivedData/Document_Scan-gpyzovawczbcogekrckiypzonffc/Build/Intermediates.noindex/ArchiveIntermediates/Document_Scan/BuildProductsPath/Release-iphoneos/XCFrameworkIntermediates/MintegralAdSDK/SplashAd -iframework /Users/runner/work/Document_Scan/Document_Scan/Pods/SmartdigimktSDK/SmartDigimktSDK -iframework /Users/runner/Library/Developer/Xcode/DerivedData/Document_Scan-gpyzovawczbcogekrckiypzonffc/Build/Intermediates.noindex/ArchiveIntermediates/Document_Scan/BuildProductsPath/Release-iphoneos/XCFrameworkIntermediates/SmartdigimktSDK -iframework /Users/runner/work/Document_Scan/Document_Scan/Pods/TPNMediationAdxSmartdigimktAdapter/AnyThinkSmartdigimktAdapter-6.5.45.0 -iframework /Users/runner/Library/Developer/Xcode/DerivedData/Document_Scan-gpyzovawczbcogekrckiypzonffc/Build/Intermediates.noindex/ArchiveIntermediates/Document_Scan/BuildProductsPath/Release-iphoneos/XCFrameworkIntermediates/TPNMediationAdxSmartdigimktAdapter -iframework /Users/runner/work/Document_Scan/Document_Scan/Pods/TPNMediationFacebookAdapter/AnyThinkFacebookAdapter-6.21.1.0 -iframework /Users/runner/Library/Developer/Xcode/DerivedData/Document_Scan-gpyzovawczbcogekrckiypzonffc/Build/Intermediates.noindex/ArchiveIntermediates/Document_Scan/BuildProductsPath/Release-iphoneos/XCFrameworkIntermediates/TPNMediationFacebookAdapter -iframework /Users/runner/work/Document_Scan/Document_Scan/Pods/TPNMediationInmobiAdapter/AnyThinkInmobiAdapter-11.1.0.0 -iframework /Users/runner/Library/Developer/Xcode/DerivedData/Document_Scan-gpyzovawczbcogekrckiypzonffc/Build/Intermediates.noindex/ArchiveIntermediates/Document_Scan/BuildProductsPath/Release-iphoneos/XCFrameworkIntermediates/TPNMediationInmobiAdapter -iframework /Users/runner/work/Document_Scan/Document_Scan/Pods/TPNMediationMintegralAdapter/AnyThinkMintegralAdapter-8.0.4.0 -iframework /Users/runner/Library/Developer/Xcode/DerivedData/Document_Scan-gpyzovawczbcogekrckiypzonffc/Build/Intermediates.noindex/ArchiveIntermediates/Document_Scan/BuildProductsPath/Release-iphoneos/XCFrameworkIntermediates/TPNMediationMintegralAdapter -iframework /Users/runner/work/Document_Scan/Document_Scan/Pods/TPNMediationPangleAdapter/AnyThinkPangleAdapter-7.8.5.7.0 -iframework /Users/runner/Library/Developer/Xcode/DerivedData/Document_Scan-gpyzovawczbcogekrckiypzonffc/Build/Intermediates.noindex/ArchiveIntermediates/Document_Scan/BuildProductsPath/Release-iphoneos/XCFrameworkIntermediates/TPNMediationPangleAdapter -iframework /Users/runner/work/Document_Scan/Document_Scan/Pods/TPNiOS/core -iframework /Users/runner/Library/Developer/Xcode/DerivedData/Document_Scan-gpyzovawczbcogekrckiypzonffc/Build/Intermediates.noindex/ArchiveIntermediates/Document_Scan/BuildProductsPath/Release-iphoneos/XCFrameworkIntermediates/TPNiOS/TPNSDK -iframework /Users/runner/work/Document_Scan/Document_Scan/Pods/UMAPM/UMAPM_2.0.7 -iframework /Users/runner/Library/Developer/Xcode/DerivedData/Document_Scan-gpyzovawczbcogekrckiypzonffc/Build/Intermediates.noindex/ArchiveIntermediates/Document_Scan/BuildProductsPath/Release-iphoneos/XCFrameworkIntermediates/UMAPM -iframework /Users/runner/work/Document_Scan/Document_Scan/Pods/UMCommon/UMCommon_7.5.8 -iframework /Users/runner/Library/Developer/Xcode/DerivedData/Document_Scan-gpyzovawczbcogekrckiypzonffc/Build/Intermediates.noindex/ArchiveIntermediates/Document_Scan/BuildProductsPath/Release-iphoneos/XCFrameworkIntermediates/UMCommon -iframework /Users/runner/work/Document_Scan/Document_Scan/Pods/UMDevice/UMDevice_3.5.0 -iframework /Users/runner/Library/Developer/Xcode/DerivedData/Document_Scan-gpyzovawczbcogekrckiypzonffc/Build/Intermediates.noindex/ArchiveIntermediates/Document_Scan/BuildProductsPath/Release-iphoneos/XCFrameworkIntermediates/UMDevice -iframework /Users/runner/Library/Developer/Xcode/DerivedData/Document_Scan-gpyzovawczbcogekrckiypzonffc/Build/Intermediates.noindex/ArchiveIntermediates/Document_Scan/BuildProductsPath/Release-iphoneos/WYYKit

WriteAuxiliaryFile /Users/runner/Library/Developer/Xcode/DerivedData/Document_Scan-gpyzovawczbcogekrckiypzonffc/Build/Intermediates.noindex/ArchiveIntermediates/Document_Scan/IntermediateBuildFilesPath/Pods.build/Release-iphoneos/Pods-Document_Scan.build/DerivedSources/Pods_Document_Scan_vers.c (in target 'Pods-Document_Scan' from project 'Pods')
    cd /Users/runner/work/Document_Scan/Document_Scan/Pods
    write-file /Users/runner/Library/Developer/Xcode/DerivedData/Document_Scan-gpyzovawczbcogekrckiypzonffc/Build/Intermediates.noindex/ArchiveIntermediates/Document_Scan/IntermediateBuildFilesPath/Pods.build/Release-iphoneos/Pods-Document_Scan.build/DerivedSources/Pods_Document_Scan_vers.c

CpHeader /Users/runner/Library/Developer/Xcode/DerivedData/Document_Scan-gpyzovawczbcogekrckiypzonffc/Build/Intermediates.noindex/ArchiveIntermediates/Document_Scan/IntermediateBuildFilesPath/UninstalledProducts/iphoneos/Pods_Document_Scan.framework/Headers/Pods-Document_Scan-umbrella.h /Users/runner/work/Document_Scan/Document_Scan/Pods/Target\ Support\ Files/Pods-Document_Scan/Pods-Document_Scan-umbrella.h (in target 'Pods-Document_Scan' from project 'Pods')
    cd /Users/runner/work/Document_Scan/Document_Scan/Pods
    builtin-copy -exclude .DS_Store -exclude CVS -exclude .svn -exclude .git -exclude .hg -resolve-src-symlinks /Users/runner/work/Document_Scan/Document_Scan/Pods/Target\ Support\ Files/Pods-Document_Scan/Pods-Document_Scan-umbrella.h /Users/runner/Library/Developer/Xcode/DerivedData/Document_Scan-gpyzovawczbcogekrckiypzonffc/Build/Intermediates.noindex/ArchiveIntermediates/Document_Scan/IntermediateBuildFilesPath/UninstalledProducts/iphoneos/Pods_Document_Scan.framework/Headers

Copy /Users/runner/Library/Developer/Xcode/DerivedData/Document_Scan-gpyzovawczbcogekrckiypzonffc/Build/Intermediates.noindex/ArchiveIntermediates/Document_Scan/IntermediateBuildFilesPath/Pods.build/Release-iphoneos/Pods-Document_Scan.build/module.modulemap /Users/runner/work/Document_Scan/Document_Scan/Pods/Target\ Support\ Files/Pods-Document_Scan/Pods-Document_Scan.modulemap (in target 'Pods-Document_Scan' from project 'Pods')
    cd /Users/runner/work/Document_Scan/Document_Scan/Pods
    builtin-copy -exclude .DS_Store -exclude CVS -exclude .svn -exclude .git -exclude .hg -resolve-src-symlinks -rename /Users/runner/work/Document_Scan/Document_Scan/Pods/Target\ Support\ Files/Pods-Document_Scan/Pods-Document_Scan.modulemap /Users/runner/Library/Developer/Xcode/DerivedData/Document_Scan-gpyzovawczbcogekrckiypzonffc/Build/Intermediates.noindex/ArchiveIntermediates/Document_Scan/IntermediateBuildFilesPath/Pods.build/Release-iphoneos/Pods-Document_Scan.build/module.modulemap

PhaseScriptExecution [CP]\ Copy\ XCFrameworks /Users/runner/Library/Developer/Xcode/DerivedData/Document_Scan-gpyzovawczbcogekrckiypzonffc/Build/Intermediates.noindex/ArchiveIntermediates/Document_Scan/IntermediateBuildFilesPath/Pods.build/Release-iphoneos/InMobiSDK.build/Script-63B8FE0EC1B62A18E710ADA9626FC51C.sh (in target 'InMobiSDK' from project 'Pods')
    cd /Users/runner/work/Document_Scan/Document_Scan/Pods
    /bin/sh -c /Users/runner/Library/Developer/Xcode/DerivedData/Document_Scan-gpyzovawczbcogekrckiypzonffc/Build/Intermediates.noindex/ArchiveIntermediates/Document_Scan/IntermediateBuildFilesPath/Pods.build/Release-iphoneos/InMobiSDK.build/Script-63B8FE0EC1B62A18E710ADA9626FC51C.sh
Selected xcframework slice ios-arm64
rsync --delete -av --filter P .*.?????? --links --filter "- CVS/" --filter "- .svn/" --filter "- .git/" --filter "- .hg/" "/Users/runner/work/Document_Scan/Document_Scan/Pods/InMobiSDK/InMobiSDK.xcframework/ios-arm64/*" "/Users/runner/Library/Developer/Xcode/DerivedData/Document_Scan-gpyzovawczbcogekrckiypzonffc/Build/Intermediates.noindex/ArchiveIntermediates/Document_Scan/BuildProductsPath/Release-iphoneos/XCFrameworkIntermediates/InMobiSDK"
Transfer starting: 18 files
InMobiSDK.framework/
InMobiSDK.framework/InMobiSDK
InMobiSDK.framework/Info.plist
InMobiSDK.framework/PrivacyInfo.xcprivacy
InMobiSDK.framework/im_mute.png
InMobiSDK.framework/im_play.png
InMobiSDK.framework/im_unmute.png
InMobiSDK.framework/Headers/
InMobiSDK.framework/Headers/IMODTargetingService.h
InMobiSDK.framework/Headers/InMobiSDK-Swift.h
InMobiSDK.framework/Headers/InMobiSDK.h
InMobiSDK.framework/Modules/
InMobiSDK.framework/Modules/module.modulemap
InMobiSDK.framework/Modules/InMobiSDK.swiftmodule/
InMobiSDK.framework/Modules/InMobiSDK.swiftmodule/arm64-apple-ios.abi.json
InMobiSDK.framework/Modules/InMobiSDK.swiftmodule/arm64-apple-ios.private.swiftinterface
InMobiSDK.framework/Modules/InMobiSDK.swiftmodule/arm64-apple-ios.swiftdoc
InMobiSDK.framework/Modules/InMobiSDK.swiftmodule/arm64-apple-ios.swiftinterface

sent 10207529 bytes  received 352 bytes  90255358 bytes/sec
total size is 10204261  speedup is 1.00
Copied /Users/runner/work/Document_Scan/Document_Scan/Pods/InMobiSDK/InMobiSDK.xcframework/ios-arm64 to /Users/runner/Library/Developer/Xcode/DerivedData/Document_Scan-gpyzovawczbcogekrckiypzonffc/Build/Intermediates.noindex/ArchiveIntermediates/Document_Scan/BuildProductsPath/Release-iphoneos/XCFrameworkIntermediates/InMobiSDK

Copy /Users/runner/Library/Developer/Xcode/DerivedData/Document_Scan-gpyzovawczbcogekrckiypzonffc/Build/Intermediates.noindex/ArchiveIntermediates/Document_Scan/IntermediateBuildFilesPath/UninstalledProducts/iphoneos/Pods_Document_Scan.framework/Modules/module.modulemap /Users/runner/Library/Developer/Xcode/DerivedData/Document_Scan-gpyzovawczbcogekrckiypzonffc/Build/Intermediates.noindex/ArchiveIntermediates/Document_Scan/IntermediateBuildFilesPath/Pods.build/Release-iphoneos/Pods-Document_Scan.build/module.modulemap (in target 'Pods-Document_Scan' from project 'Pods')
    cd /Users/runner/work/Document_Scan/Document_Scan/Pods
    builtin-copy -exclude .DS_Store -exclude CVS -exclude .svn -exclude .git -exclude .hg -resolve-src-symlinks /Users/runner/Library/Developer/Xcode/DerivedData/Document_Scan-gpyzovawczbcogekrckiypzonffc/Build/Intermediates.noindex/ArchiveIntermediates/Document_Scan/IntermediateBuildFilesPath/Pods.build/Release-iphoneos/Pods-Document_Scan.build/module.modulemap /Users/runner/Library/Developer/Xcode/DerivedData/Document_Scan-gpyzovawczbcogekrckiypzonffc/Build/Intermediates.noindex/ArchiveIntermediates/Document_Scan/IntermediateBuildFilesPath/UninstalledProducts/iphoneos/Pods_Document_Scan.framework/Modules

WriteAuxiliaryFile /Users/runner/Library/Developer/Xcode/DerivedData/Document_Scan-gpyzovawczbcogekrckiypzonffc/Build/Intermediates.noindex/ArchiveIntermediates/Document_Scan/IntermediateBuildFilesPath/Document_Scan.build/Release-iphoneos/Document_Scan.build/Script-B6F869A5B5AAB57A595584FB.sh (in target 'Document_Scan' from project 'Document_Scan')
    cd /Users/runner/work/Document_Scan/Document_Scan
    write-file /Users/runner/Library/Developer/Xcode/DerivedData/Document_Scan-gpyzovawczbcogekrckiypzonffc/Build/Intermediates.noindex/ArchiveIntermediates/Document_Scan/IntermediateBuildFilesPath/Document_Scan.build/Release-iphoneos/Document_Scan.build/Script-B6F869A5B5AAB57A595584FB.sh

WriteAuxiliaryFile /Users/runner/Library/Developer/Xcode/DerivedData/Document_Scan-gpyzovawczbcogekrckiypzonffc/Build/Intermediates.noindex/ArchiveIntermediates/Document_Scan/IntermediateBuildFilesPath/Document_Scan.build/Release-iphoneos/Document_Scan.build/Script-A3751E4E8EF740E00F39BA3A.sh (in target 'Document_Scan' from project 'Document_Scan')
    cd /Users/runner/work/Document_Scan/Document_Scan
    write-file /Users/runner/Library/Developer/Xcode/DerivedData/Document_Scan-gpyzovawczbcogekrckiypzonffc/Build/Intermediates.noindex/ArchiveIntermediates/Document_Scan/IntermediateBuildFilesPath/Document_Scan.build/Release-iphoneos/Document_Scan.build/Script-A3751E4E8EF740E00F39BA3A.sh

WriteAuxiliaryFile /Users/runner/Library/Developer/Xcode/DerivedData/Document_Scan-gpyzovawczbcogekrckiypzonffc/Build/Intermediates.noindex/ArchiveIntermediates/Document_Scan/IntermediateBuildFilesPath/Document_Scan.build/Release-iphoneos/Document_Scan.build/Script-92BBCAF83EC1854D244A8A41.sh (in target 'Document_Scan' from project 'Document_Scan')
    cd /Users/runner/work/Document_Scan/Document_Scan
    write-file /Users/runner/Library/Developer/Xcode/DerivedData/Document_Scan-gpyzovawczbcogekrckiypzonffc/Build/Intermediates.noindex/ArchiveIntermediates/Document_Scan/IntermediateBuildFilesPath/Document_Scan.build/Release-iphoneos/Document_Scan.build/Script-92BBCAF83EC1854D244A8A41.sh

WriteAuxiliaryFile /Users/runner/Library/Developer/Xcode/DerivedData/Document_Scan-gpyzovawczbcogekrckiypzonffc/Build/Intermediates.noindex/ArchiveIntermediates/Document_Scan/IntermediateBuildFilesPath/Document_Scan.build/Release-iphoneos/Document_Scan.build/OutputFileList-B6F869A5B5AAB57A595584FB-Pods-Document_Scan-frameworks-Release-output-files-90abf57b9bc7b4684fb33870a8b35ba7-resolved.xcfilelist (in target 'Document_Scan' from project 'Document_Scan')
    cd /Users/runner/work/Document_Scan/Document_Scan
    write-file /Users/runner/Library/Developer/Xcode/DerivedData/Document_Scan-gpyzovawczbcogekrckiypzonffc/Build/Intermediates.noindex/ArchiveIntermediates/Document_Scan/IntermediateBuildFilesPath/Document_Scan.build/Release-iphoneos/Document_Scan.build/OutputFileList-B6F869A5B5AAB57A595584FB-Pods-Document_Scan-frameworks-Release-output-files-90abf57b9bc7b4684fb33870a8b35ba7-resolved.xcfilelist

WriteAuxiliaryFile /Users/runner/Library/Developer/Xcode/DerivedData/Document_Scan-gpyzovawczbcogekrckiypzonffc/Build/Intermediates.noindex/ArchiveIntermediates/Document_Scan/IntermediateBuildFilesPath/Document_Scan.build/Release-iphoneos/Document_Scan.build/OutputFileList-A3751E4E8EF740E00F39BA3A-Pods-Document_Scan-resources-Release-output-files-9378d87c39f55f44ec0e5027915fb2de-resolved.xcfilelist (in target 'Document_Scan' from project 'Document_Scan')
    cd /Users/runner/work/Document_Scan/Document_Scan
    write-file /Users/runner/Library/Developer/Xcode/DerivedData/Document_Scan-gpyzovawczbcogekrckiypzonffc/Build/Intermediates.noindex/ArchiveIntermediates/Document_Scan/IntermediateBuildFilesPath/Document_Scan.build/Release-iphoneos/Document_Scan.build/OutputFileList-A3751E4E8EF740E00F39BA3A-Pods-Document_Scan-resources-Release-output-files-9378d87c39f55f44ec0e5027915fb2de-resolved.xcfilelist

WriteAuxiliaryFile /Users/runner/Library/Developer/Xcode/DerivedData/Document_Scan-gpyzovawczbcogekrckiypzonffc/Build/Intermediates.noindex/ArchiveIntermediates/Document_Scan/IntermediateBuildFilesPath/Document_Scan.build/Release-iphoneos/Document_Scan.build/Objects-normal/arm64/Document_Scan_const_extract_protocols.json (in target 'Document_Scan' from project 'Document_Scan')
    cd /Users/runner/work/Document_Scan/Document_Scan
    write-file /Users/runner/Library/Developer/Xcode/DerivedData/Document_Scan-gpyzovawczbcogekrckiypzonffc/Build/Intermediates.noindex/ArchiveIntermediates/Document_Scan/IntermediateBuildFilesPath/Document_Scan.build/Release-iphoneos/Document_Scan.build/Objects-normal/arm64/Document_Scan_const_extract_protocols.json

WriteAuxiliaryFile /Users/runner/Library/Developer/Xcode/DerivedData/Document_Scan-gpyzovawczbcogekrckiypzonffc/Build/Intermediates.noindex/ArchiveIntermediates/Document_Scan/IntermediateBuildFilesPath/Document_Scan.build/Release-iphoneos/Document_Scan.build/Objects-normal/arm64/Document_Scan.SwiftFileList (in target 'Document_Scan' from project 'Document_Scan')
    cd /Users/runner/work/Document_Scan/Document_Scan
    write-file /Users/runner/Library/Developer/Xcode/DerivedData/Document_Scan-gpyzovawczbcogekrckiypzonffc/Build/Intermediates.noindex/ArchiveIntermediates/Document_Scan/IntermediateBuildFilesPath/Document_Scan.build/Release-iphoneos/Document_Scan.build/Objects-normal/arm64/Document_Scan.SwiftFileList

WriteAuxiliaryFile /Users/runner/Library/Developer/Xcode/DerivedData/Document_Scan-gpyzovawczbcogekrckiypzonffc/Build/Intermediates.noindex/ArchiveIntermediates/Document_Scan/IntermediateBuildFilesPath/Document_Scan.build/Release-iphoneos/Document_Scan.build/Objects-normal/arm64/Document_Scan.SwiftConstValuesFileList (in target 'Document_Scan' from project 'Document_Scan')
    cd /Users/runner/work/Document_Scan/Document_Scan
    write-file /Users/runner/Library/Developer/Xcode/DerivedData/Document_Scan-gpyzovawczbcogekrckiypzonffc/Build/Intermediates.noindex/ArchiveIntermediates/Document_Scan/IntermediateBuildFilesPath/Document_Scan.build/Release-iphoneos/Document_Scan.build/Objects-normal/arm64/Document_Scan.SwiftConstValuesFileList

WriteAuxiliaryFile /Users/runner/Library/Developer/Xcode/DerivedData/Document_Scan-gpyzovawczbcogekrckiypzonffc/Build/Intermediates.noindex/ArchiveIntermediates/Document_Scan/IntermediateBuildFilesPath/Document_Scan.build/Release-iphoneos/Document_Scan.build/Objects-normal/arm64/Document_Scan.LinkFileList (in target 'Document_Scan' from project 'Document_Scan')
    cd /Users/runner/work/Document_Scan/Document_Scan
    write-file /Users/runner/Library/Developer/Xcode/DerivedData/Document_Scan-gpyzovawczbcogekrckiypzonffc/Build/Intermediates.noindex/ArchiveIntermediates/Document_Scan/IntermediateBuildFilesPath/Document_Scan.build/Release-iphoneos/Document_Scan.build/Objects-normal/arm64/Document_Scan.LinkFileList

WriteAuxiliaryFile /Users/runner/Library/Developer/Xcode/DerivedData/Document_Scan-gpyzovawczbcogekrckiypzonffc/Build/Intermediates.noindex/ArchiveIntermediates/Document_Scan/IntermediateBuildFilesPath/Document_Scan.build/Release-iphoneos/Document_Scan.build/Objects-normal/arm64/Document_Scan-OutputFileMap.json (in target 'Document_Scan' from project 'Document_Scan')
    cd /Users/runner/work/Document_Scan/Document_Scan
    write-file /Users/runner/Library/Developer/Xcode/DerivedData/Document_Scan-gpyzovawczbcogekrckiypzonffc/Build/Intermediates.noindex/ArchiveIntermediates/Document_Scan/IntermediateBuildFilesPath/Document_Scan.build/Release-iphoneos/Document_Scan.build/Objects-normal/arm64/Document_Scan-OutputFileMap.json

WriteAuxiliaryFile /Users/runner/Library/Developer/Xcode/DerivedData/Document_Scan-gpyzovawczbcogekrckiypzonffc/Build/Intermediates.noindex/ArchiveIntermediates/Document_Scan/IntermediateBuildFilesPath/Document_Scan.build/Release-iphoneos/Document_Scan.build/Objects-normal/arm64/7187679823f38a2a940e0043cdf9d637-common-args.resp (in target 'Document_Scan' from project 'Document_Scan')
    cd /Users/runner/work/Document_Scan/Document_Scan
    write-file /Users/runner/Library/Developer/Xcode/DerivedData/Document_Scan-gpyzovawczbcogekrckiypzonffc/Build/Intermediates.noindex/ArchiveIntermediates/Document_Scan/IntermediateBuildFilesPath/Document_Scan.build/Release-iphoneos/Document_Scan.build/Objects-normal/arm64/7187679823f38a2a940e0043cdf9d637-common-args.resp
-target arm64-apple-ios16.0 '-std=gnu11' -fmodules -gmodules '-fmodules-cache-path=/Users/runner/Library/Developer/Xcode/DerivedData/ModuleCache.noindex' -fpascal-strings -Os -fno-common '-DCOCOAPODS=1' -isysroot /Applications/Xcode_16.4.app/Contents/Developer/Platforms/iPhoneOS.platform/Developer/SDKs/iPhoneOS18.5.sdk -g '-fvisibility=hidden' -iquote /Users/runner/Library/Developer/Xcode/DerivedData/Document_Scan-gpyzovawczbcogekrckiypzonffc/Build/Intermediates.noindex/ArchiveIntermediates/Document_Scan/IntermediateBuildFilesPath/Document_Scan.build/Release-iphoneos/Document_Scan.build/Document_Scan-generated-files.hmap -I/Users/runner/Library/Developer/Xcode/DerivedData/Document_Scan-gpyzovawczbcogekrckiypzonffc/Build/Intermediates.noindex/ArchiveIntermediates/Document_Scan/IntermediateBuildFilesPath/Document_Scan.build/Release-iphoneos/Document_Scan.build/Document_Scan-own-target-headers.hmap -I/Users/runner/Library/Developer/Xcode/DerivedData/Document_Scan-gpyzovawczbcogekrckiypzonffc/Build/Intermediates.noindex/ArchiveIntermediates/Document_Scan/IntermediateBuildFilesPath/Document_Scan.build/Release-iphoneos/Document_Scan.build/Document_Scan-all-non-framework-target-headers.hmap -ivfsoverlay /Users/runner/Library/Developer/Xcode/DerivedData/Document_Scan-gpyzovawczbcogekrckiypzonffc/Build/Intermediates.noindex/ArchiveIntermediates/Document_Scan/IntermediateBuildFilesPath/Document_Scan.build/Release-iphoneos/Document_Scan-cbe8249668c84d8791d07154310725c5-VFS-iphoneos/all-product-headers.yaml -iquote /Users/runner/Library/Developer/Xcode/DerivedData/Document_Scan-gpyzovawczbcogekrckiypzonffc/Build/Intermediates.noindex/ArchiveIntermediates/Document_Scan/IntermediateBuildFilesPath/Document_Scan.build/Release-iphoneos/Document_Scan.build/Document_Scan-project-headers.hmap -I/Users/runner/Library/Developer/Xcode/DerivedData/Document_Scan-gpyzovawczbcogekrckiypzonffc/Build/Intermediates.noindex/ArchiveIntermediates/Document_Scan/BuildProductsPath/Release-iphoneos/include -I/Users/runner/Library/Developer/Xcode/DerivedData/Document_Scan-gpyzovawczbcogekrckiypzonffc/Build/Intermediates.noindex/ArchiveIntermediates/Document_Scan/BuildProductsPath/Release-iphoneos/WYYKit/WYYKit.framework/Headers -I/Users/runner/Library/Developer/Xcode/DerivedData/Document_Scan-gpyzovawczbcogekrckiypzonffc/Build/Intermediates.noindex/ArchiveIntermediates/Document_Scan/IntermediateBuildFilesPath/Document_Scan.build/Release-iphoneos/Document_Scan.build/DerivedSources-normal/arm64 -I/Users/runner/Library/Developer/Xcode/DerivedData/Document_Scan-gpyzovawczbcogekrckiypzonffc/Build/Intermediates.noindex/ArchiveIntermediates/Document_Scan/IntermediateBuildFilesPath/Document_Scan.build/Release-iphoneos/Document_Scan.build/DerivedSources/arm64 -I/Users/runner/Library/Developer/Xcode/DerivedData/Document_Scan-gpyzovawczbcogekrckiypzonffc/Build/Intermediates.noindex/ArchiveIntermediates/Document_Scan/IntermediateBuildFilesPath/Document_Scan.build/Release-iphoneos/Document_Scan.build/DerivedSources -F/Users/runner/Library/Developer/Xcode/DerivedData/Document_Scan-gpyzovawczbcogekrckiypzonffc/Build/Intermediates.noindex/ArchiveIntermediates/Document_Scan/BuildProductsPath/Release-iphoneos -F/Users/runner/Library/Developer/Xcode/DerivedData/Document_Scan-gpyzovawczbcogekrckiypzonffc/Build/Intermediates.noindex/ArchiveIntermediates/Document_Scan/BuildProductsPath/Release-iphoneos/WYYKit -F/Users/runner/work/Document_Scan/Document_Scan/Pods/Ads-Global/SDK -F/Users/runner/work/Document_Scan/Document_Scan/Pods/FBAudienceNetwork/Dynamic -F/Users/runner/work/Document_Scan/Document_Scan/Pods/InMobiSDK -F/Users/runner/work/Document_Scan/Document_Scan/Pods/MintegralAdSDK/Fmk -F/Users/runner/work/Document_Scan/Document_Scan/Pods/SmartdigimktSDK/SmartDigimktSDK -F/Users/runner/work/Document_Scan/Document_Scan/Pods/TPNMediationAdxSmartdigimktAdapter/AnyThinkSmartdigimktAdapter-6.5.45.0 -F/Users/runner/work/Document_Scan/Document_Scan/Pods/TPNMediationFacebookAdapter/AnyThinkFacebookAdapter-6.21.1.0 -F/Users/runner/work/Document_Scan/Document_Scan/Pods/TPNMediationInmobiAdapter/AnyThinkInmobiAdapter-11.1.0.0 -F/Users/runner/work/Document_Scan/Document_Scan/Pods/TPNMediationMintegralAdapter/AnyThinkMintegralAdapter-8.0.4.0 -F/Users/runner/work/Document_Scan/Document_Scan/Pods/TPNMediationPangleAdapter/AnyThinkPangleAdapter-7.8.5.7.0 -F/Users/runner/work/Document_Scan/Document_Scan/Pods/TPNiOS/core -F/Users/runner/work/Document_Scan/Document_Scan/Pods/UMAPM/UMAPM_2.0.7 -F/Users/runner/work/Document_Scan/Document_Scan/Pods/UMCommon/UMCommon_7.5.8 -F/Users/runner/work/Document_Scan/Document_Scan/Pods/UMDevice/UMDevice_3.5.0 -F/Users/runner/Library/Developer/Xcode/DerivedData/Document_Scan-gpyzovawczbcogekrckiypzonffc/Build/Intermediates.noindex/ArchiveIntermediates/Document_Scan/BuildProductsPath/Release-iphoneos/XCFrameworkIntermediates/Ads-Global/PangleSDK -F/Users/runner/Library/Developer/Xcode/DerivedData/Document_Scan-gpyzovawczbcogekrckiypzonffc/Build/Intermediates.noindex/ArchiveIntermediates/Document_Scan/BuildProductsPath/Release-iphoneos/XCFrameworkIntermediates/Ads-Global/TikTokBusinessSDK -F/Users/runner/Library/Developer/Xcode/DerivedData/Document_Scan-gpyzovawczbcogekrckiypzonffc/Build/Intermediates.noindex/ArchiveIntermediates/Document_Scan/BuildProductsPath/Release-iphoneos/XCFrameworkIntermediates/FBAudienceNetwork -F/Users/runner/Library/Developer/Xcode/DerivedData/Document_Scan-gpyzovawczbcogekrckiypzonffc/Build/Intermediates.noindex/ArchiveIntermediates/Document_Scan/BuildProductsPath/Release-iphoneos/XCFrameworkIntermediates/InMobiSDK -F/Users/runner/Library/Developer/Xcode/DerivedData/Document_Scan-gpyzovawczbcogekrckiypzonffc/Build/Intermediates.noindex/ArchiveIntermediates/Document_Scan/BuildProductsPath/Release-iphoneos/XCFrameworkIntermediates/MintegralAdSDK/BannerAd -F/Users/runner/Library/Developer/Xcode/DerivedData/Document_Scan-gpyzovawczbcogekrckiypzonffc/Build/Intermediates.noindex/ArchiveIntermediates/Document_Scan/BuildProductsPath/Release-iphoneos/XCFrameworkIntermediates/MintegralAdSDK/BidNativeAd -F/Users/runner/Library/Developer/Xcode/DerivedData/Document_Scan-gpyzovawczbcogekrckiypzonffc/Build/Intermediates.noindex/ArchiveIntermediates/Document_Scan/BuildProductsPath/Release-iphoneos/XCFrameworkIntermediates/MintegralAdSDK/InterstitialVideoAd -F/Users/runner/Library/Developer/Xcode/DerivedData/Document_Scan-gpyzovawczbcogekrckiypzonffc/Build/Intermediates.noindex/ArchiveIntermediates/Document_Scan/BuildProductsPath/Release-iphoneos/XCFrameworkIntermediates/MintegralAdSDK/NativeAd -F/Users/runner/Library/Developer/Xcode/DerivedData/Document_Scan-gpyzovawczbcogekrckiypzonffc/Build/Intermediates.noindex/ArchiveIntermediates/Document_Scan/BuildProductsPath/Release-iphoneos/XCFrameworkIntermediates/MintegralAdSDK/NativeAdvancedAd -F/Users/runner/Library/Developer/Xcode/DerivedData/Document_Scan-gpyzovawczbcogekrckiypzonffc/Build/Intermediates.noindex/ArchiveIntermediates/Document_Scan/BuildProductsPath/Release-iphoneos/XCFrameworkIntermediates/MintegralAdSDK/NewInterstitialAd -F/Users/runner/Library/Developer/Xcode/DerivedData/Document_Scan-gpyzovawczbcogekrckiypzonffc/Build/Intermediates.noindex/ArchiveIntermediates/Document_Scan/BuildProductsPath/Release-iphoneos/XCFrameworkIntermediates/MintegralAdSDK/RewardVideoAd -F/Users/runner/Library/Developer/Xcode/DerivedData/Document_Scan-gpyzovawczbcogekrckiypzonffc/Build/Intermediates.noindex/ArchiveIntermediates/Document_Scan/BuildProductsPath/Release-iphoneos/XCFrameworkIntermediates/MintegralAdSDK/SplashAd -F/Users/runner/Library/Developer/Xcode/DerivedData/Document_Scan-gpyzovawczbcogekrckiypzonffc/Build/Intermediates.noindex/ArchiveIntermediates/Document_Scan/BuildProductsPath/Release-iphoneos/XCFrameworkIntermediates/SmartdigimktSDK -F/Users/runner/Library/Developer/Xcode/DerivedData/Document_Scan-gpyzovawczbcogekrckiypzonffc/Build/Intermediates.noindex/ArchiveIntermediates/Document_Scan/BuildProductsPath/Release-iphoneos/XCFrameworkIntermediates/TPNMediationAdxSmartdigimktAdapter -F/Users/runner/Library/Developer/Xcode/DerivedData/Document_Scan-gpyzovawczbcogekrckiypzonffc/Build/Intermediates.noindex/ArchiveIntermediates/Document_Scan/BuildProductsPath/Release-iphoneos/XCFrameworkIntermediates/TPNMediationFacebookAdapter -F/Users/runner/Library/Developer/Xcode/DerivedData/Document_Scan-gpyzovawczbcogekrckiypzonffc/Build/Intermediates.noindex/ArchiveIntermediates/Document_Scan/BuildProductsPath/Release-iphoneos/XCFrameworkIntermediates/TPNMediationInmobiAdapter -F/Users/runner/Library/Developer/Xcode/DerivedData/Document_Scan-gpyzovawczbcogekrckiypzonffc/Build/Intermediates.noindex/ArchiveIntermediates/Document_Scan/BuildProductsPath/Release-iphoneos/XCFrameworkIntermediates/TPNMediationMintegralAdapter -F/Users/runner/Library/Developer/Xcode/DerivedData/Document_Scan-gpyzovawczbcogekrckiypzonffc/Build/Intermediates.noindex/ArchiveIntermediates/Document_Scan/BuildProductsPath/Release-iphoneos/XCFrameworkIntermediates/TPNMediationPangleAdapter -F/Users/runner/Library/Developer/Xcode/DerivedData/Document_Scan-gpyzovawczbcogekrckiypzonffc/Build/Intermediates.noindex/ArchiveIntermediates/Document_Scan/BuildProductsPath/Release-iphoneos/XCFrameworkIntermediates/TPNiOS/TPNSDK -F/Users/runner/Library/Developer/Xcode/DerivedData/Document_Scan-gpyzovawczbcogekrckiypzonffc/Build/Intermediates.noindex/ArchiveIntermediates/Document_Scan/BuildProductsPath/Release-iphoneos/XCFrameworkIntermediates/UMAPM -F/Users/runner/Library/Developer/Xcode/DerivedData/Document_Scan-gpyzovawczbcogekrckiypzonffc/Build/Intermediates.noindex/ArchiveIntermediates/Document_Scan/BuildProductsPath/Release-iphoneos/XCFrameworkIntermediates/UMCommon -F/Users/runner/Library/Developer/Xcode/DerivedData/Document_Scan-gpyzovawczbcogekrckiypzonffc/Build/Intermediates.noindex/ArchiveIntermediates/Document_Scan/BuildProductsPath/Release-iphoneos/XCFrameworkIntermediates/UMDevice -isystem /Users/runner/Library/Developer/Xcode/DerivedData/Document_Scan-gpyzovawczbcogekrckiypzonffc/Build/Intermediates.noindex/ArchiveIntermediates/Document_Scan/BuildProductsPath/Release-iphoneos/WYYKit/WYYKit.framework/Headers -iframework /Users/runner/work/Document_Scan/Document_Scan/Pods/Ads-Global/SDK -iframework /Users/runner/Library/Developer/Xcode/DerivedData/Document_Scan-gpyzovawczbcogekrckiypzonffc/Build/Intermediates.noindex/ArchiveIntermediates/Document_Scan/BuildProductsPath/Release-iphoneos/XCFrameworkIntermediates/Ads-Global/PangleSDK -iframework /Users/runner/Library/Developer/Xcode/DerivedData/Document_Scan-gpyzovawczbcogekrckiypzonffc/Build/Intermediates.noindex/ArchiveIntermediates/Document_Scan/BuildProductsPath/Release-iphoneos/XCFrameworkIntermediates/Ads-Global/TikTokBusinessSDK -iframework /Users/runner/work/Document_Scan/Document_Scan/Pods/FBAudienceNetwork/Dynamic -iframework /Users/runner/Library/Developer/Xcode/DerivedData/Document_Scan-gpyzovawczbcogekrckiypzonffc/Build/Intermediates.noindex/ArchiveIntermediates/Document_Scan/BuildProductsPath/Release-iphoneos/XCFrameworkIntermediates/FBAudienceNetwork -iframework /Users/runner/work/Document_Scan/Document_Scan/Pods/InMobiSDK -iframework /Users/runner/Library/Developer/Xcode/DerivedData/Document_Scan-gpyzovawczbcogekrckiypzonffc/Build/Intermediates.noindex/ArchiveIntermediates/Document_Scan/BuildProductsPath/Release-iphoneos/XCFrameworkIntermediates/InMobiSDK -iframework /Users/runner/work/Document_Scan/Document_Scan/Pods/MintegralAdSDK/Fmk -iframework /Users/runner/Library/Developer/Xcode/DerivedData/Document_Scan-gpyzovawczbcogekrckiypzonffc/Build/Intermediates.noindex/ArchiveIntermediates/Document_Scan/BuildProductsPath/Release-iphoneos/XCFrameworkIntermediates/MintegralAdSDK/BannerAd -iframework /Users/runner/Library/Developer/Xcode/DerivedData/Document_Scan-gpyzovawczbcogekrckiypzonffc/Build/Intermediates.noindex/ArchiveIntermediates/Document_Scan/BuildProductsPath/Release-iphoneos/XCFrameworkIntermediates/MintegralAdSDK/BidNativeAd -iframework /Users/runner/Library/Developer/Xcode/DerivedData/Document_Scan-gpyzovawczbcogekrckiypzonffc/Build/Intermediates.noindex/ArchiveIntermediates/Document_Scan/BuildProductsPath/Release-iphoneos/XCFrameworkIntermediates/MintegralAdSDK/InterstitialVideoAd -iframework /Users/runner/Library/Developer/Xcode/DerivedData/Document_Scan-gpyzovawczbcogekrckiypzonffc/Build/Intermediates.noindex/ArchiveIntermediates/Document_Scan/BuildProductsPath/Release-iphoneos/XCFrameworkIntermediates/MintegralAdSDK/NativeAd -iframework /Users/runner/Library/Developer/Xcode/DerivedData/Document_Scan-gpyzovawczbcogekrckiypzonffc/Build/Intermediates.noindex/ArchiveIntermediates/Document_Scan/BuildProductsPath/Release-iphoneos/XCFrameworkIntermediates/MintegralAdSDK/NativeAdvancedAd -iframework /Users/runner/Library/Developer/Xcode/DerivedData/Document_Scan-gpyzovawczbcogekrckiypzonffc/Build/Intermediates.noindex/ArchiveIntermediates/Document_Scan/BuildProductsPath/Release-iphoneos/XCFrameworkIntermediates/MintegralAdSDK/NewInterstitialAd -iframework /Users/runner/Library/Developer/Xcode/DerivedData/Document_Scan-gpyzovawczbcogekrckiypzonffc/Build/Intermediates.noindex/ArchiveIntermediates/Document_Scan/BuildProductsPath/Release-iphoneos/XCFrameworkIntermediates/MintegralAdSDK/RewardVideoAd -iframework /Users/runner/Library/Developer/Xcode/DerivedData/Document_Scan-gpyzovawczbcogekrckiypzonffc/Build/Intermediates.noindex/ArchiveIntermediates/Document_Scan/BuildProductsPath/Release-iphoneos/XCFrameworkIntermediates/MintegralAdSDK/SplashAd -iframework /Users/runner/work/Document_Scan/Document_Scan/Pods/SmartdigimktSDK/SmartDigimktSDK -iframework /Users/runner/Library/Developer/Xcode/DerivedData/Document_Scan-gpyzovawczbcogekrckiypzonffc/Build/Intermediates.noindex/ArchiveIntermediates/Document_Scan/BuildProductsPath/Release-iphoneos/XCFrameworkIntermediates/SmartdigimktSDK -iframework /Users/runner/work/Document_Scan/Document_Scan/Pods/TPNMediationAdxSmartdigimktAdapter/AnyThinkSmartdigimktAdapter-6.5.45.0 -iframework /Users/runner/Library/Developer/Xcode/DerivedData/Document_Scan-gpyzovawczbcogekrckiypzonffc/Build/Intermediates.noindex/ArchiveIntermediates/Document_Scan/BuildProductsPath/Release-iphoneos/XCFrameworkIntermediates/TPNMediationAdxSmartdigimktAdapter -iframework /Users/runner/work/Document_Scan/Document_Scan/Pods/TPNMediationFacebookAdapter/AnyThinkFacebookAdapter-6.21.1.0 -iframework /Users/runner/Library/Developer/Xcode/DerivedData/Document_Scan-gpyzovawczbcogekrckiypzonffc/Build/Intermediates.noindex/ArchiveIntermediates/Document_Scan/BuildProductsPath/Release-iphoneos/XCFrameworkIntermediates/TPNMediationFacebookAdapter -iframework /Users/runner/work/Document_Scan/Document_Scan/Pods/TPNMediationInmobiAdapter/AnyThinkInmobiAdapter-11.1.0.0 -iframework /Users/runner/Library/Developer/Xcode/DerivedData/Document_Scan-gpyzovawczbcogekrckiypzonffc/Build/Intermediates.noindex/ArchiveIntermediates/Document_Scan/BuildProductsPath/Release-iphoneos/XCFrameworkIntermediates/TPNMediationInmobiAdapter -iframework /Users/runner/work/Document_Scan/Document_Scan/Pods/TPNMediationMintegralAdapter/AnyThinkMintegralAdapter-8.0.4.0 -iframework /Users/runner/Library/Developer/Xcode/DerivedData/Document_Scan-gpyzovawczbcogekrckiypzonffc/Build/Intermediates.noindex/ArchiveIntermediates/Document_Scan/BuildProductsPath/Release-iphoneos/XCFrameworkIntermediates/TPNMediationMintegralAdapter -iframework /Users/runner/work/Document_Scan/Document_Scan/Pods/TPNMediationPangleAdapter/AnyThinkPangleAdapter-7.8.5.7.0 -iframework /Users/runner/Library/Developer/Xcode/DerivedData/Document_Scan-gpyzovawczbcogekrckiypzonffc/Build/Intermediates.noindex/ArchiveIntermediates/Document_Scan/BuildProductsPath/Release-iphoneos/XCFrameworkIntermediates/TPNMediationPangleAdapter -iframework /Users/runner/work/Document_Scan/Document_Scan/Pods/TPNiOS/core -iframework /Users/runner/Library/Developer/Xcode/DerivedData/Document_Scan-gpyzovawczbcogekrckiypzonffc/Build/Intermediates.noindex/ArchiveIntermediates/Document_Scan/BuildProductsPath/Release-iphoneos/XCFrameworkIntermediates/TPNiOS/TPNSDK -iframework /Users/runner/work/Document_Scan/Document_Scan/Pods/UMAPM/UMAPM_2.0.7 -iframework /Users/runner/Library/Developer/Xcode/DerivedData/Document_Scan-gpyzovawczbcogekrckiypzonffc/Build/Intermediates.noindex/ArchiveIntermediates/Document_Scan/BuildProductsPath/Release-iphoneos/XCFrameworkIntermediates/UMAPM -iframework /Users/runner/work/Document_Scan/Document_Scan/Pods/UMCommon/UMCommon_7.5.8 -iframework /Users/runner/Library/Developer/Xcode/DerivedData/Document_Scan-gpyzovawczbcogekrckiypzonffc/Build/Intermediates.noindex/ArchiveIntermediates/Document_Scan/BuildProductsPath/Release-iphoneos/XCFrameworkIntermediates/UMCommon -iframework /Users/runner/work/Document_Scan/Document_Scan/Pods/UMDevice/UMDevice_3.5.0 -iframework /Users/runner/Library/Developer/Xcode/DerivedData/Document_Scan-gpyzovawczbcogekrckiypzonffc/Build/Intermediates.noindex/ArchiveIntermediates/Document_Scan/BuildProductsPath/Release-iphoneos/XCFrameworkIntermediates/UMDevice -iframework /Users/runner/Library/Developer/Xcode/DerivedData/Document_Scan-gpyzovawczbcogekrckiypzonffc/Build/Intermediates.noindex/ArchiveIntermediates/Document_Scan/BuildProductsPath/Release-iphoneos/WYYKit

WriteAuxiliaryFile /Users/runner/Library/Developer/Xcode/DerivedData/Document_Scan-gpyzovawczbcogekrckiypzonffc/Build/Intermediates.noindex/ArchiveIntermediates/Document_Scan/IntermediateBuildFilesPath/Document_Scan.build/Release-iphoneos/Document_Scan.build/InputFileList-B6F869A5B5AAB57A595584FB-Pods-Document_Scan-frameworks-Release-input-files-493e4de09ab15e976c8848643db588bd-resolved.xcfilelist (in target 'Document_Scan' from project 'Document_Scan')
    cd /Users/runner/work/Document_Scan/Document_Scan
    write-file /Users/runner/Library/Developer/Xcode/DerivedData/Document_Scan-gpyzovawczbcogekrckiypzonffc/Build/Intermediates.noindex/ArchiveIntermediates/Document_Scan/IntermediateBuildFilesPath/Document_Scan.build/Release-iphoneos/Document_Scan.build/InputFileList-B6F869A5B5AAB57A595584FB-Pods-Document_Scan-frameworks-Release-input-files-493e4de09ab15e976c8848643db588bd-resolved.xcfilelist

WriteAuxiliaryFile /Users/runner/Library/Developer/Xcode/DerivedData/Document_Scan-gpyzovawczbcogekrckiypzonffc/Build/Intermediates.noindex/ArchiveIntermediates/Document_Scan/IntermediateBuildFilesPath/Document_Scan.build/Release-iphoneos/Document_Scan.build/InputFileList-A3751E4E8EF740E00F39BA3A-Pods-Document_Scan-resources-Release-input-files-67e3df9bbfc324b72d0a21aaf6de7ded-resolved.xcfilelist (in target 'Document_Scan' from project 'Document_Scan')
    cd /Users/runner/work/Document_Scan/Document_Scan
    write-file /Users/runner/Library/Developer/Xcode/DerivedData/Document_Scan-gpyzovawczbcogekrckiypzonffc/Build/Intermediates.noindex/ArchiveIntermediates/Document_Scan/IntermediateBuildFilesPath/Document_Scan.build/Release-iphoneos/Document_Scan.build/InputFileList-A3751E4E8EF740E00F39BA3A-Pods-Document_Scan-resources-Release-input-files-67e3df9bbfc324b72d0a21aaf6de7ded-resolved.xcfilelist

WriteAuxiliaryFile /Users/runner/Library/Developer/Xcode/DerivedData/Document_Scan-gpyzovawczbcogekrckiypzonffc/Build/Intermediates.noindex/ArchiveIntermediates/Document_Scan/IntermediateBuildFilesPath/Document_Scan.build/Release-iphoneos/Document_Scan.build/Document_Scan.hmap (in target 'Document_Scan' from project 'Document_Scan')
    cd /Users/runner/work/Document_Scan/Document_Scan
    write-file /Users/runner/Library/Developer/Xcode/DerivedData/Document_Scan-gpyzovawczbcogekrckiypzonffc/Build/Intermediates.noindex/ArchiveIntermediates/Document_Scan/IntermediateBuildFilesPath/Document_Scan.build/Release-iphoneos/Document_Scan.build/Document_Scan.hmap

WriteAuxiliaryFile /Users/runner/Library/Developer/Xcode/DerivedData/Document_Scan-gpyzovawczbcogekrckiypzonffc/Build/Intermediates.noindex/ArchiveIntermediates/Document_Scan/IntermediateBuildFilesPath/Document_Scan.build/Release-iphoneos/Document_Scan.build/Document_Scan.DependencyStaticMetadataFileList (in target 'Document_Scan' from project 'Document_Scan')
    cd /Users/runner/work/Document_Scan/Document_Scan
    write-file /Users/runner/Library/Developer/Xcode/DerivedData/Document_Scan-gpyzovawczbcogekrckiypzonffc/Build/Intermediates.noindex/ArchiveIntermediates/Document_Scan/IntermediateBuildFilesPath/Document_Scan.build/Release-iphoneos/Document_Scan.build/Document_Scan.DependencyStaticMetadataFileList

WriteAuxiliaryFile /Users/runner/Library/Developer/Xcode/DerivedData/Document_Scan-gpyzovawczbcogekrckiypzonffc/Build/Intermediates.noindex/ArchiveIntermediates/Document_Scan/IntermediateBuildFilesPath/Document_Scan.build/Release-iphoneos/Document_Scan.build/Document_Scan.DependencyMetadataFileList (in target 'Document_Scan' from project 'Document_Scan')
    cd /Users/runner/work/Document_Scan/Document_Scan
    write-file /Users/runner/Library/Developer/Xcode/DerivedData/Document_Scan-gpyzovawczbcogekrckiypzonffc/Build/Intermediates.noindex/ArchiveIntermediates/Document_Scan/IntermediateBuildFilesPath/Document_Scan.build/Release-iphoneos/Document_Scan.build/Document_Scan.DependencyMetadataFileList

WriteAuxiliaryFile /Users/runner/Library/Developer/Xcode/DerivedData/Document_Scan-gpyzovawczbcogekrckiypzonffc/Build/Intermediates.noindex/ArchiveIntermediates/Document_Scan/IntermediateBuildFilesPath/Document_Scan.build/Release-iphoneos/Document_Scan.build/Document_Scan-project-headers.hmap (in target 'Document_Scan' from project 'Document_Scan')
    cd /Users/runner/work/Document_Scan/Document_Scan
    write-file /Users/runner/Library/Developer/Xcode/DerivedData/Document_Scan-gpyzovawczbcogekrckiypzonffc/Build/Intermediates.noindex/ArchiveIntermediates/Document_Scan/IntermediateBuildFilesPath/Document_Scan.build/Release-iphoneos/Document_Scan.build/Document_Scan-project-headers.hmap

WriteAuxiliaryFile /Users/runner/Library/Developer/Xcode/DerivedData/Document_Scan-gpyzovawczbcogekrckiypzonffc/Build/Intermediates.noindex/ArchiveIntermediates/Document_Scan/IntermediateBuildFilesPath/Document_Scan.build/Release-iphoneos/Document_Scan.build/Document_Scan-own-target-headers.hmap (in target 'Document_Scan' from project 'Document_Scan')
    cd /Users/runner/work/Document_Scan/Document_Scan
    write-file /Users/runner/Library/Developer/Xcode/DerivedData/Document_Scan-gpyzovawczbcogekrckiypzonffc/Build/Intermediates.noindex/ArchiveIntermediates/Document_Scan/IntermediateBuildFilesPath/Document_Scan.build/Release-iphoneos/Document_Scan.build/Document_Scan-own-target-headers.hmap

WriteAuxiliaryFile /Users/runner/Library/Developer/Xcode/DerivedData/Document_Scan-gpyzovawczbcogekrckiypzonffc/Build/Intermediates.noindex/ArchiveIntermediates/Document_Scan/IntermediateBuildFilesPath/Document_Scan.build/Release-iphoneos/Document_Scan.build/Document_Scan-generated-files.hmap (in target 'Document_Scan' from project 'Document_Scan')
    cd /Users/runner/work/Document_Scan/Document_Scan
    write-file /Users/runner/Library/Developer/Xcode/DerivedData/Document_Scan-gpyzovawczbcogekrckiypzonffc/Build/Intermediates.noindex/ArchiveIntermediates/Document_Scan/IntermediateBuildFilesPath/Document_Scan.build/Release-iphoneos/Document_Scan.build/Document_Scan-generated-files.hmap

WriteAuxiliaryFile /Users/runner/Library/Developer/Xcode/DerivedData/Document_Scan-gpyzovawczbcogekrckiypzonffc/Build/Intermediates.noindex/ArchiveIntermediates/Document_Scan/IntermediateBuildFilesPath/Document_Scan.build/Release-iphoneos/Document_Scan.build/Document_Scan-all-target-headers.hmap (in target 'Document_Scan' from project 'Document_Scan')
    cd /Users/runner/work/Document_Scan/Document_Scan
    write-file /Users/runner/Library/Developer/Xcode/DerivedData/Document_Scan-gpyzovawczbcogekrckiypzonffc/Build/Intermediates.noindex/ArchiveIntermediates/Document_Scan/IntermediateBuildFilesPath/Document_Scan.build/Release-iphoneos/Document_Scan.build/Document_Scan-all-target-headers.hmap

WriteAuxiliaryFile /Users/runner/Library/Developer/Xcode/DerivedData/Document_Scan-gpyzovawczbcogekrckiypzonffc/Build/Intermediates.noindex/ArchiveIntermediates/Document_Scan/IntermediateBuildFilesPath/Document_Scan.build/Release-iphoneos/Document_Scan.build/Document_Scan-all-non-framework-target-headers.hmap (in target 'Document_Scan' from project 'Document_Scan')
    cd /Users/runner/work/Document_Scan/Document_Scan
    write-file /Users/runner/Library/Developer/Xcode/DerivedData/Document_Scan-gpyzovawczbcogekrckiypzonffc/Build/Intermediates.noindex/ArchiveIntermediates/Document_Scan/IntermediateBuildFilesPath/Document_Scan.build/Release-iphoneos/Document_Scan.build/Document_Scan-all-non-framework-target-headers.hmap

WriteAuxiliaryFile /Users/runner/Library/Developer/Xcode/DerivedData/Document_Scan-gpyzovawczbcogekrckiypzonffc/Build/Intermediates.noindex/ArchiveIntermediates/Document_Scan/IntermediateBuildFilesPath/Document_Scan.build/Release-iphoneos/Document_Scan.build/DerivedSources/Entitlements.plist (in target 'Document_Scan' from project 'Document_Scan')
    cd /Users/runner/work/Document_Scan/Document_Scan
    write-file /Users/runner/Library/Developer/Xcode/DerivedData/Document_Scan-gpyzovawczbcogekrckiypzonffc/Build/Intermediates.noindex/ArchiveIntermediates/Document_Scan/IntermediateBuildFilesPath/Document_Scan.build/Release-iphoneos/Document_Scan.build/DerivedSources/Entitlements.plist

WriteAuxiliaryFile /Users/runner/Library/Developer/Xcode/DerivedData/Document_Scan-gpyzovawczbcogekrckiypzonffc/Build/Intermediates.noindex/ArchiveIntermediates/Document_Scan/IntermediateBuildFilesPath/Document_Scan.build/Release-iphoneos/Document_Scan.build/DerivedSources/Document_Scan_vers.c (in target 'Document_Scan' from project 'Document_Scan')
    cd /Users/runner/work/Document_Scan/Document_Scan
    write-file /Users/runner/Library/Developer/Xcode/DerivedData/Document_Scan-gpyzovawczbcogekrckiypzonffc/Build/Intermediates.noindex/ArchiveIntermediates/Document_Scan/IntermediateBuildFilesPath/Document_Scan.build/Release-iphoneos/Document_Scan.build/DerivedSources/Document_Scan_vers.c

SymLink /Users/runner/Library/Developer/Xcode/DerivedData/Document_Scan-gpyzovawczbcogekrckiypzonffc/Build/Intermediates.noindex/ArchiveIntermediates/Document_Scan/BuildProductsPath/Release-iphoneos/Pods_Document_Scan.framework ../../IntermediateBuildFilesPath/UninstalledProducts/iphoneos/Pods_Document_Scan.framework (in target 'Pods-Document_Scan' from project 'Pods')
    cd /Users/runner/work/Document_Scan/Document_Scan/Pods
    /bin/ln -sfh ../../IntermediateBuildFilesPath/UninstalledProducts/iphoneos/Pods_Document_Scan.framework /Users/runner/Library/Developer/Xcode/DerivedData/Document_Scan-gpyzovawczbcogekrckiypzonffc/Build/Intermediates.noindex/ArchiveIntermediates/Document_Scan/BuildProductsPath/Release-iphoneos/Pods_Document_Scan.framework

MkDir /Users/runner/Library/Developer/Xcode/DerivedData/Document_Scan-gpyzovawczbcogekrckiypzonffc/Build/Intermediates.noindex/ArchiveIntermediates/Document_Scan/IntermediateBuildFilesPath/UninstalledProducts/iphoneos/Pods_Document_Scan.framework/Headers (in target 'Pods-Document_Scan' from project 'Pods')
    cd /Users/runner/work/Document_Scan/Document_Scan/Pods
    /bin/mkdir -p /Users/runner/Library/Developer/Xcode/DerivedData/Document_Scan-gpyzovawczbcogekrckiypzonffc/Build/Intermediates.noindex/ArchiveIntermediates/Document_Scan/IntermediateBuildFilesPath/UninstalledProducts/iphoneos/Pods_Document_Scan.framework/Headers

MkDir /Users/runner/Library/Developer/Xcode/DerivedData/Document_Scan-gpyzovawczbcogekrckiypzonffc/Build/Intermediates.noindex/ArchiveIntermediates/Document_Scan/IntermediateBuildFilesPath/UninstalledProducts/iphoneos/Pods_Document_Scan.framework (in target 'Pods-Document_Scan' from project 'Pods')
    cd /Users/runner/work/Document_Scan/Document_Scan/Pods
    /bin/mkdir -p /Users/runner/Library/Developer/Xcode/DerivedData/Document_Scan-gpyzovawczbcogekrckiypzonffc/Build/Intermediates.noindex/ArchiveIntermediates/Document_Scan/IntermediateBuildFilesPath/UninstalledProducts/iphoneos/Pods_Document_Scan.framework

SymLink /Users/runner/Library/Developer/Xcode/DerivedData/Document_Scan-gpyzovawczbcogekrckiypzonffc/Build/Intermediates.noindex/ArchiveIntermediates/Document_Scan/BuildProductsPath/Release-iphoneos/Document_Scan.app ../../InstallationBuildProductsLocation/Applications/Document_Scan.app (in target 'Document_Scan' from project 'Document_Scan')
    cd /Users/runner/work/Document_Scan/Document_Scan
    /bin/ln -sfh ../../InstallationBuildProductsLocation/Applications/Document_Scan.app /Users/runner/Library/Developer/Xcode/DerivedData/Document_Scan-gpyzovawczbcogekrckiypzonffc/Build/Intermediates.noindex/ArchiveIntermediates/Document_Scan/BuildProductsPath/Release-iphoneos/Document_Scan.app

MkDir /Users/runner/Library/Developer/Xcode/DerivedData/Document_Scan-gpyzovawczbcogekrckiypzonffc/Build/Intermediates.noindex/ArchiveIntermediates/Document_Scan/InstallationBuildProductsLocation/Applications/Document_Scan.app/Frameworks (in target 'Document_Scan' from project 'Document_Scan')
    cd /Users/runner/work/Document_Scan/Document_Scan
    /bin/mkdir -p /Users/runner/Library/Developer/Xcode/DerivedData/Document_Scan-gpyzovawczbcogekrckiypzonffc/Build/Intermediates.noindex/ArchiveIntermediates/Document_Scan/InstallationBuildProductsLocation/Applications/Document_Scan.app/Frameworks

MkDir /Users/runner/Library/Developer/Xcode/DerivedData/Document_Scan-gpyzovawczbcogekrckiypzonffc/Build/Intermediates.noindex/ArchiveIntermediates/Document_Scan/InstallationBuildProductsLocation/Applications/Document_Scan.app (in target 'Document_Scan' from project 'Document_Scan')
    cd /Users/runner/work/Document_Scan/Document_Scan
    /bin/mkdir -p /Users/runner/Library/Developer/Xcode/DerivedData/Document_Scan-gpyzovawczbcogekrckiypzonffc/Build/Intermediates.noindex/ArchiveIntermediates/Document_Scan/InstallationBuildProductsLocation/Applications/Document_Scan.app

CreateBuildDirectory /Users/runner/Library/Developer/Xcode/DerivedData/Document_Scan-gpyzovawczbcogekrckiypzonffc/Build/Intermediates.noindex/ArchiveIntermediates/Document_Scan/BuildProductsPath/Release-iphoneos/TPNMediationInmobiAdapter
    cd /Users/runner/work/Document_Scan/Document_Scan
    builtin-create-build-directory /Users/runner/Library/Developer/Xcode/DerivedData/Document_Scan-gpyzovawczbcogekrckiypzonffc/Build/Intermediates.noindex/ArchiveIntermediates/Document_Scan/BuildProductsPath/Release-iphoneos/TPNMediationInmobiAdapter

WriteAuxiliaryFile /Users/runner/Library/Developer/Xcode/DerivedData/Document_Scan-gpyzovawczbcogekrckiypzonffc/Build/Intermediates.noindex/ArchiveIntermediates/Document_Scan/IntermediateBuildFilesPath/Pods.build/Release-iphoneos/WYYKit.build/unextended-module-swiftunextension.modulemap (in target 'WYYKit' from project 'Pods')
    cd /Users/runner/work/Document_Scan/Document_Scan/Pods
    write-file /Users/runner/Library/Developer/Xcode/DerivedData/Document_Scan-gpyzovawczbcogekrckiypzonffc/Build/Intermediates.noindex/ArchiveIntermediates/Document_Scan/IntermediateBuildFilesPath/Pods.build/Release-iphoneos/WYYKit.build/unextended-module-swiftunextension.modulemap

WriteAuxiliaryFile /Users/runner/Library/Developer/Xcode/DerivedData/Document_Scan-gpyzovawczbcogekrckiypzonffc/Build/Intermediates.noindex/ArchiveIntermediates/Document_Scan/IntermediateBuildFilesPath/Pods.build/Release-iphoneos/WYYKit.build/unextended-module-overlay.yaml (in target 'WYYKit' from project 'Pods')
    cd /Users/runner/work/Document_Scan/Document_Scan/Pods
    write-file /Users/runner/Library/Developer/Xcode/DerivedData/Document_Scan-gpyzovawczbcogekrckiypzonffc/Build/Intermediates.noindex/ArchiveIntermediates/Document_Scan/IntermediateBuildFilesPath/Pods.build/Release-iphoneos/WYYKit.build/unextended-module-overlay.yaml

WriteAuxiliaryFile /Users/runner/Library/Developer/Xcode/DerivedData/Document_Scan-gpyzovawczbcogekrckiypzonffc/Build/Intermediates.noindex/ArchiveIntermediates/Document_Scan/IntermediateBuildFilesPath/Pods.build/Release-iphoneos/WYYKit.build/module-swiftextension.modulemap (in target 'WYYKit' from project 'Pods')
    cd /Users/runner/work/Document_Scan/Document_Scan/Pods
    write-file /Users/runner/Library/Developer/Xcode/DerivedData/Document_Scan-gpyzovawczbcogekrckiypzonffc/Build/Intermediates.noindex/ArchiveIntermediates/Document_Scan/IntermediateBuildFilesPath/Pods.build/Release-iphoneos/WYYKit.build/module-swiftextension.modulemap

WriteAuxiliaryFile /Users/runner/Library/Developer/Xcode/DerivedData/Document_Scan-gpyzovawczbcogekrckiypzonffc/Build/Intermediates.noindex/ArchiveIntermediates/Document_Scan/IntermediateBuildFilesPath/Pods.build/Release-iphoneos/WYYKit.build/WYYKit.hmap (in target 'WYYKit' from project 'Pods')
    cd /Users/runner/work/Document_Scan/Document_Scan/Pods
    write-file /Users/runner/Library/Developer/Xcode/DerivedData/Document_Scan-gpyzovawczbcogekrckiypzonffc/Build/Intermediates.noindex/ArchiveIntermediates/Document_Scan/IntermediateBuildFilesPath/Pods.build/Release-iphoneos/WYYKit.build/WYYKit.hmap

WriteAuxiliaryFile /Users/runner/Library/Developer/Xcode/DerivedData/Document_Scan-gpyzovawczbcogekrckiypzonffc/Build/Intermediates.noindex/ArchiveIntermediates/Document_Scan/IntermediateBuildFilesPath/Pods.build/Release-iphoneos/WYYKit.build/WYYKit.DependencyStaticMetadataFileList (in target 'WYYKit' from project 'Pods')
    cd /Users/runner/work/Document_Scan/Document_Scan/Pods
    write-file /Users/runner/Library/Developer/Xcode/DerivedData/Document_Scan-gpyzovawczbcogekrckiypzonffc/Build/Intermediates.noindex/ArchiveIntermediates/Document_Scan/IntermediateBuildFilesPath/Pods.build/Release-iphoneos/WYYKit.build/WYYKit.DependencyStaticMetadataFileList

WriteAuxiliaryFile /Users/runner/Library/Developer/Xcode/DerivedData/Document_Scan-gpyzovawczbcogekrckiypzonffc/Build/Intermediates.noindex/ArchiveIntermediates/Document_Scan/IntermediateBuildFilesPath/Pods.build/Release-iphoneos/WYYKit.build/WYYKit.DependencyMetadataFileList (in target 'WYYKit' from project 'Pods')
    cd /Users/runner/work/Document_Scan/Document_Scan/Pods
    write-file /Users/runner/Library/Developer/Xcode/DerivedData/Document_Scan-gpyzovawczbcogekrckiypzonffc/Build/Intermediates.noindex/ArchiveIntermediates/Document_Scan/IntermediateBuildFilesPath/Pods.build/Release-iphoneos/WYYKit.build/WYYKit.DependencyMetadataFileList

WriteAuxiliaryFile /Users/runner/Library/Developer/Xcode/DerivedData/Document_Scan-gpyzovawczbcogekrckiypzonffc/Build/Intermediates.noindex/ArchiveIntermediates/Document_Scan/IntermediateBuildFilesPath/Pods.build/Release-iphoneos/WYYKit.build/WYYKit-project-headers.hmap (in target 'WYYKit' from project 'Pods')
    cd /Users/runner/work/Document_Scan/Document_Scan/Pods
    write-file /Users/runner/Library/Developer/Xcode/DerivedData/Document_Scan-gpyzovawczbcogekrckiypzonffc/Build/Intermediates.noindex/ArchiveIntermediates/Document_Scan/IntermediateBuildFilesPath/Pods.build/Release-iphoneos/WYYKit.build/WYYKit-project-headers.hmap

WriteAuxiliaryFile /Users/runner/Library/Developer/Xcode/DerivedData/Document_Scan-gpyzovawczbcogekrckiypzonffc/Build/Intermediates.noindex/ArchiveIntermediates/Document_Scan/IntermediateBuildFilesPath/Pods.build/Release-iphoneos/WYYKit.build/WYYKit-own-target-headers.hmap (in target 'WYYKit' from project 'Pods')
    cd /Users/runner/work/Document_Scan/Document_Scan/Pods
    write-file /Users/runner/Library/Developer/Xcode/DerivedData/Document_Scan-gpyzovawczbcogekrckiypzonffc/Build/Intermediates.noindex/ArchiveIntermediates/Document_Scan/IntermediateBuildFilesPath/Pods.build/Release-iphoneos/WYYKit.build/WYYKit-own-target-headers.hmap

WriteAuxiliaryFile /Users/runner/Library/Developer/Xcode/DerivedData/Document_Scan-gpyzovawczbcogekrckiypzonffc/Build/Intermediates.noindex/ArchiveIntermediates/Document_Scan/IntermediateBuildFilesPath/Pods.build/Release-iphoneos/WYYKit.build/WYYKit-generated-files.hmap (in target 'WYYKit' from project 'Pods')
    cd /Users/runner/work/Document_Scan/Document_Scan/Pods
    write-file /Users/runner/Library/Developer/Xcode/DerivedData/Document_Scan-gpyzovawczbcogekrckiypzonffc/Build/Intermediates.noindex/ArchiveIntermediates/Document_Scan/IntermediateBuildFilesPath/Pods.build/Release-iphoneos/WYYKit.build/WYYKit-generated-files.hmap

WriteAuxiliaryFile /Users/runner/Library/Developer/Xcode/DerivedData/Document_Scan-gpyzovawczbcogekrckiypzonffc/Build/Intermediates.noindex/ArchiveIntermediates/Document_Scan/IntermediateBuildFilesPath/Pods.build/Release-iphoneos/WYYKit.build/WYYKit-all-target-headers.hmap (in target 'WYYKit' from project 'Pods')
    cd /Users/runner/work/Document_Scan/Document_Scan/Pods
    write-file /Users/runner/Library/Developer/Xcode/DerivedData/Document_Scan-gpyzovawczbcogekrckiypzonffc/Build/Intermediates.noindex/ArchiveIntermediates/Document_Scan/IntermediateBuildFilesPath/Pods.build/Release-iphoneos/WYYKit.build/WYYKit-all-target-headers.hmap

WriteAuxiliaryFile /Users/runner/Library/Developer/Xcode/DerivedData/Document_Scan-gpyzovawczbcogekrckiypzonffc/Build/Intermediates.noindex/ArchiveIntermediates/Document_Scan/IntermediateBuildFilesPath/Pods.build/Release-iphoneos/WYYKit.build/WYYKit-all-non-framework-target-headers.hmap (in target 'WYYKit' from project 'Pods')
    cd /Users/runner/work/Document_Scan/Document_Scan/Pods
    write-file /Users/runner/Library/Developer/Xcode/DerivedData/Document_Scan-gpyzovawczbcogekrckiypzonffc/Build/Intermediates.noindex/ArchiveIntermediates/Document_Scan/IntermediateBuildFilesPath/Pods.build/Release-iphoneos/WYYKit.build/WYYKit-all-non-framework-target-headers.hmap

WriteAuxiliaryFile /Users/runner/Library/Developer/Xcode/DerivedData/Document_Scan-gpyzovawczbcogekrckiypzonffc/Build/Intermediates.noindex/ArchiveIntermediates/Document_Scan/IntermediateBuildFilesPath/Pods.build/Release-iphoneos/WYYKit.build/Objects-normal/arm64/e6072d4f65d7061329687fe24e3d63a7-common-args.resp (in target 'WYYKit' from project 'Pods')
    cd /Users/runner/work/Document_Scan/Document_Scan/Pods
    write-file /Users/runner/Library/Developer/Xcode/DerivedData/Document_Scan-gpyzovawczbcogekrckiypzonffc/Build/Intermediates.noindex/ArchiveIntermediates/Document_Scan/IntermediateBuildFilesPath/Pods.build/Release-iphoneos/WYYKit.build/Objects-normal/arm64/e6072d4f65d7061329687fe24e3d63a7-common-args.resp
-target arm64-apple-ios16.0 '-std=gnu11' -fobjc-arc -fmodules -gmodules '-fmodules-cache-path=/Users/runner/Library/Developer/Xcode/DerivedData/ModuleCache.noindex' '-fmodule-name=WYYKit' -fpascal-strings -Os -fno-common '-DPOD_CONFIGURATION_RELEASE=1' '-DCOCOAPODS=1' '-DNS_BLOCK_ASSERTIONS=1' '-DOBJC_OLD_DISPATCH_PROTOTYPES=0' -isysroot /Applications/Xcode_16.4.app/Contents/Developer/Platforms/iPhoneOS.platform/Developer/SDKs/iPhoneOS18.5.sdk -g -iquote /Users/runner/Library/Developer/Xcode/DerivedData/Document_Scan-gpyzovawczbcogekrckiypzonffc/Build/Intermediates.noindex/ArchiveIntermediates/Document_Scan/IntermediateBuildFilesPath/Pods.build/Release-iphoneos/WYYKit.build/WYYKit-generated-files.hmap -I/Users/runner/Library/Developer/Xcode/DerivedData/Document_Scan-gpyzovawczbcogekrckiypzonffc/Build/Intermediates.noindex/ArchiveIntermediates/Document_Scan/IntermediateBuildFilesPath/Pods.build/Release-iphoneos/WYYKit.build/WYYKit-own-target-headers.hmap -I/Users/runner/Library/Developer/Xcode/DerivedData/Document_Scan-gpyzovawczbcogekrckiypzonffc/Build/Intermediates.noindex/ArchiveIntermediates/Document_Scan/IntermediateBuildFilesPath/Pods.build/Release-iphoneos/WYYKit.build/WYYKit-all-non-framework-target-headers.hmap -ivfsoverlay /Users/runner/Library/Developer/Xcode/DerivedData/Document_Scan-gpyzovawczbcogekrckiypzonffc/Build/Intermediates.noindex/ArchiveIntermediates/Document_Scan/IntermediateBuildFilesPath/Pods.build/Release-iphoneos/Pods-8699adb1dd336b26511df848a716bd42-VFS-iphoneos/all-product-headers.yaml -iquote /Users/runner/Library/Developer/Xcode/DerivedData/Document_Scan-gpyzovawczbcogekrckiypzonffc/Build/Intermediates.noindex/ArchiveIntermediates/Document_Scan/IntermediateBuildFilesPath/Pods.build/Release-iphoneos/WYYKit.build/WYYKit-project-headers.hmap -I/Users/runner/Library/Developer/Xcode/DerivedData/Document_Scan-gpyzovawczbcogekrckiypzonffc/Build/Intermediates.noindex/ArchiveIntermediates/Document_Scan/BuildProductsPath/Release-iphoneos/WYYKit/include -I/Users/runner/Library/Developer/Xcode/DerivedData/Document_Scan-gpyzovawczbcogekrckiypzonffc/Build/Intermediates.noindex/ArchiveIntermediates/Document_Scan/IntermediateBuildFilesPath/Pods.build/Release-iphoneos/WYYKit.build/DerivedSources-normal/arm64 -I/Users/runner/Library/Developer/Xcode/DerivedData/Document_Scan-gpyzovawczbcogekrckiypzonffc/Build/Intermediates.noindex/ArchiveIntermediates/Document_Scan/IntermediateBuildFilesPath/Pods.build/Release-iphoneos/WYYKit.build/DerivedSources/arm64 -I/Users/runner/Library/Developer/Xcode/DerivedData/Document_Scan-gpyzovawczbcogekrckiypzonffc/Build/Intermediates.noindex/ArchiveIntermediates/Document_Scan/IntermediateBuildFilesPath/Pods.build/Release-iphoneos/WYYKit.build/DerivedSources -F/Users/runner/Library/Developer/Xcode/DerivedData/Document_Scan-gpyzovawczbcogekrckiypzonffc/Build/Intermediates.noindex/ArchiveIntermediates/Document_Scan/BuildProductsPath/Release-iphoneos/WYYKit -F/Users/runner/work/Document_Scan/Document_Scan/Pods/UMAPM/UMAPM_2.0.7 -F/Users/runner/work/Document_Scan/Document_Scan/Pods/UMCommon/UMCommon_7.5.8 -F/Users/runner/work/Document_Scan/Document_Scan/Pods/UMDevice/UMDevice_3.5.0 -F/Users/runner/Library/Developer/Xcode/DerivedData/Document_Scan-gpyzovawczbcogekrckiypzonffc/Build/Intermediates.noindex/ArchiveIntermediates/Document_Scan/BuildProductsPath/Release-iphoneos/XCFrameworkIntermediates/UMAPM -F/Users/runner/Library/Developer/Xcode/DerivedData/Document_Scan-gpyzovawczbcogekrckiypzonffc/Build/Intermediates.noindex/ArchiveIntermediates/Document_Scan/BuildProductsPath/Release-iphoneos/XCFrameworkIntermediates/UMCommon -F/Users/runner/Library/Developer/Xcode/DerivedData/Document_Scan-gpyzovawczbcogekrckiypzonffc/Build/Intermediates.noindex/ArchiveIntermediates/Document_Scan/BuildProductsPath/Release-iphoneos/XCFrameworkIntermediates/UMDevice

WriteAuxiliaryFile /Users/runner/Library/Developer/Xcode/DerivedData/Document_Scan-gpyzovawczbcogekrckiypzonffc/Build/Intermediates.noindex/ArchiveIntermediates/Document_Scan/IntermediateBuildFilesPath/Pods.build/Release-iphoneos/WYYKit.build/Objects-normal/arm64/WYYKit_const_extract_protocols.json (in target 'WYYKit' from project 'Pods')
    cd /Users/runner/work/Document_Scan/Document_Scan/Pods
    write-file /Users/runner/Library/Developer/Xcode/DerivedData/Document_Scan-gpyzovawczbcogekrckiypzonffc/Build/Intermediates.noindex/ArchiveIntermediates/Document_Scan/IntermediateBuildFilesPath/Pods.build/Release-iphoneos/WYYKit.build/Objects-normal/arm64/WYYKit_const_extract_protocols.json

WriteAuxiliaryFile /Users/runner/Library/Developer/Xcode/DerivedData/Document_Scan-gpyzovawczbcogekrckiypzonffc/Build/Intermediates.noindex/ArchiveIntermediates/Document_Scan/IntermediateBuildFilesPath/Pods.build/Release-iphoneos/WYYKit.build/Objects-normal/arm64/WYYKit.SwiftFileList (in target 'WYYKit' from project 'Pods')
    cd /Users/runner/work/Document_Scan/Document_Scan/Pods
    write-file /Users/runner/Library/Developer/Xcode/DerivedData/Document_Scan-gpyzovawczbcogekrckiypzonffc/Build/Intermediates.noindex/ArchiveIntermediates/Document_Scan/IntermediateBuildFilesPath/Pods.build/Release-iphoneos/WYYKit.build/Objects-normal/arm64/WYYKit.SwiftFileList

WriteAuxiliaryFile /Users/runner/Library/Developer/Xcode/DerivedData/Document_Scan-gpyzovawczbcogekrckiypzonffc/Build/Intermediates.noindex/ArchiveIntermediates/Document_Scan/IntermediateBuildFilesPath/Pods.build/Release-iphoneos/WYYKit.build/Objects-normal/arm64/WYYKit.SwiftConstValuesFileList (in target 'WYYKit' from project 'Pods')
    cd /Users/runner/work/Document_Scan/Document_Scan/Pods
    write-file /Users/runner/Library/Developer/Xcode/DerivedData/Document_Scan-gpyzovawczbcogekrckiypzonffc/Build/Intermediates.noindex/ArchiveIntermediates/Document_Scan/IntermediateBuildFilesPath/Pods.build/Release-iphoneos/WYYKit.build/Objects-normal/arm64/WYYKit.SwiftConstValuesFileList

WriteAuxiliaryFile /Users/runner/Library/Developer/Xcode/DerivedData/Document_Scan-gpyzovawczbcogekrckiypzonffc/Build/Intermediates.noindex/ArchiveIntermediates/Document_Scan/IntermediateBuildFilesPath/Pods.build/Release-iphoneos/WYYKit.build/Objects-normal/arm64/WYYKit.LinkFileList (in target 'WYYKit' from project 'Pods')
    cd /Users/runner/work/Document_Scan/Document_Scan/Pods
    write-file /Users/runner/Library/Developer/Xcode/DerivedData/Document_Scan-gpyzovawczbcogekrckiypzonffc/Build/Intermediates.noindex/ArchiveIntermediates/Document_Scan/IntermediateBuildFilesPath/Pods.build/Release-iphoneos/WYYKit.build/Objects-normal/arm64/WYYKit.LinkFileList

WriteAuxiliaryFile /Users/runner/Library/Developer/Xcode/DerivedData/Document_Scan-gpyzovawczbcogekrckiypzonffc/Build/Intermediates.noindex/ArchiveIntermediates/Document_Scan/IntermediateBuildFilesPath/Pods.build/Release-iphoneos/WYYKit.build/Objects-normal/arm64/WYYKit-OutputFileMap.json (in target 'WYYKit' from project 'Pods')
    cd /Users/runner/work/Document_Scan/Document_Scan/Pods
    write-file /Users/runner/Library/Developer/Xcode/DerivedData/Document_Scan-gpyzovawczbcogekrckiypzonffc/Build/Intermediates.noindex/ArchiveIntermediates/Document_Scan/IntermediateBuildFilesPath/Pods.build/Release-iphoneos/WYYKit.build/Objects-normal/arm64/WYYKit-OutputFileMap.json

WriteAuxiliaryFile /Users/runner/Library/Developer/Xcode/DerivedData/Document_Scan-gpyzovawczbcogekrckiypzonffc/Build/Intermediates.noindex/ArchiveIntermediates/Document_Scan/IntermediateBuildFilesPath/Pods.build/Release-iphoneos/WYYKit.build/Objects-normal/arm64/7187679823f38a2a940e0043cdf9d637-common-args.resp (in target 'WYYKit' from project 'Pods')
    cd /Users/runner/work/Document_Scan/Document_Scan/Pods
    write-file /Users/runner/Library/Developer/Xcode/DerivedData/Document_Scan-gpyzovawczbcogekrckiypzonffc/Build/Intermediates.noindex/ArchiveIntermediates/Document_Scan/IntermediateBuildFilesPath/Pods.build/Release-iphoneos/WYYKit.build/Objects-normal/arm64/7187679823f38a2a940e0043cdf9d637-common-args.resp
-target arm64-apple-ios16.0 '-std=gnu11' -fmodules -gmodules '-fmodules-cache-path=/Users/runner/Library/Developer/Xcode/DerivedData/ModuleCache.noindex' '-fmodule-name=WYYKit' -fpascal-strings -Os -fno-common '-DPOD_CONFIGURATION_RELEASE=1' '-DCOCOAPODS=1' -isysroot /Applications/Xcode_16.4.app/Contents/Developer/Platforms/iPhoneOS.platform/Developer/SDKs/iPhoneOS18.5.sdk -g -iquote /Users/runner/Library/Developer/Xcode/DerivedData/Document_Scan-gpyzovawczbcogekrckiypzonffc/Build/Intermediates.noindex/ArchiveIntermediates/Document_Scan/IntermediateBuildFilesPath/Pods.build/Release-iphoneos/WYYKit.build/WYYKit-generated-files.hmap -I/Users/runner/Library/Developer/Xcode/DerivedData/Document_Scan-gpyzovawczbcogekrckiypzonffc/Build/Intermediates.noindex/ArchiveIntermediates/Document_Scan/IntermediateBuildFilesPath/Pods.build/Release-iphoneos/WYYKit.build/WYYKit-own-target-headers.hmap -I/Users/runner/Library/Developer/Xcode/DerivedData/Document_Scan-gpyzovawczbcogekrckiypzonffc/Build/Intermediates.noindex/ArchiveIntermediates/Document_Scan/IntermediateBuildFilesPath/Pods.build/Release-iphoneos/WYYKit.build/WYYKit-all-non-framework-target-headers.hmap -ivfsoverlay /Users/runner/Library/Developer/Xcode/DerivedData/Document_Scan-gpyzovawczbcogekrckiypzonffc/Build/Intermediates.noindex/ArchiveIntermediates/Document_Scan/IntermediateBuildFilesPath/Pods.build/Release-iphoneos/Pods-8699adb1dd336b26511df848a716bd42-VFS-iphoneos/all-product-headers.yaml -iquote /Users/runner/Library/Developer/Xcode/DerivedData/Document_Scan-gpyzovawczbcogekrckiypzonffc/Build/Intermediates.noindex/ArchiveIntermediates/Document_Scan/IntermediateBuildFilesPath/Pods.build/Release-iphoneos/WYYKit.build/WYYKit-project-headers.hmap -I/Users/runner/Library/Developer/Xcode/DerivedData/Document_Scan-gpyzovawczbcogekrckiypzonffc/Build/Intermediates.noindex/ArchiveIntermediates/Document_Scan/BuildProductsPath/Release-iphoneos/WYYKit/include -I/Users/runner/Library/Developer/Xcode/DerivedData/Document_Scan-gpyzovawczbcogekrckiypzonffc/Build/Intermediates.noindex/ArchiveIntermediates/Document_Scan/IntermediateBuildFilesPath/Pods.build/Release-iphoneos/WYYKit.build/DerivedSources-normal/arm64 -I/Users/runner/Library/Developer/Xcode/DerivedData/Document_Scan-gpyzovawczbcogekrckiypzonffc/Build/Intermediates.noindex/ArchiveIntermediates/Document_Scan/IntermediateBuildFilesPath/Pods.build/Release-iphoneos/WYYKit.build/DerivedSources/arm64 -I/Users/runner/Library/Developer/Xcode/DerivedData/Document_Scan-gpyzovawczbcogekrckiypzonffc/Build/Intermediates.noindex/ArchiveIntermediates/Document_Scan/IntermediateBuildFilesPath/Pods.build/Release-iphoneos/WYYKit.build/DerivedSources -F/Users/runner/Library/Developer/Xcode/DerivedData/Document_Scan-gpyzovawczbcogekrckiypzonffc/Build/Intermediates.noindex/ArchiveIntermediates/Document_Scan/BuildProductsPath/Release-iphoneos/WYYKit -F/Users/runner/work/Document_Scan/Document_Scan/Pods/UMAPM/UMAPM_2.0.7 -F/Users/runner/work/Document_Scan/Document_Scan/Pods/UMCommon/UMCommon_7.5.8 -F/Users/runner/work/Document_Scan/Document_Scan/Pods/UMDevice/UMDevice_3.5.0 -F/Users/runner/Library/Developer/Xcode/DerivedData/Document_Scan-gpyzovawczbcogekrckiypzonffc/Build/Intermediates.noindex/ArchiveIntermediates/Document_Scan/BuildProductsPath/Release-iphoneos/XCFrameworkIntermediates/UMAPM -F/Users/runner/Library/Developer/Xcode/DerivedData/Document_Scan-gpyzovawczbcogekrckiypzonffc/Build/Intermediates.noindex/ArchiveIntermediates/Document_Scan/BuildProductsPath/Release-iphoneos/XCFrameworkIntermediates/UMCommon -F/Users/runner/Library/Developer/Xcode/DerivedData/Document_Scan-gpyzovawczbcogekrckiypzonffc/Build/Intermediates.noindex/ArchiveIntermediates/Document_Scan/BuildProductsPath/Release-iphoneos/XCFrameworkIntermediates/UMDevice

WriteAuxiliaryFile /Users/runner/Library/Developer/Xcode/DerivedData/Document_Scan-gpyzovawczbcogekrckiypzonffc/Build/Intermediates.noindex/ArchiveIntermediates/Document_Scan/IntermediateBuildFilesPath/Pods.build/Release-iphoneos/WYYKit.build/DerivedSources/WYYKit_vers.c (in target 'WYYKit' from project 'Pods')
    cd /Users/runner/work/Document_Scan/Document_Scan/Pods
    write-file /Users/runner/Library/Developer/Xcode/DerivedData/Document_Scan-gpyzovawczbcogekrckiypzonffc/Build/Intermediates.noindex/ArchiveIntermediates/Document_Scan/IntermediateBuildFilesPath/Pods.build/Release-iphoneos/WYYKit.build/DerivedSources/WYYKit_vers.c

CpHeader /Users/runner/Library/Developer/Xcode/DerivedData/Document_Scan-gpyzovawczbcogekrckiypzonffc/Build/Intermediates.noindex/ArchiveIntermediates/Document_Scan/IntermediateBuildFilesPath/UninstalledProducts/iphoneos/WYYKit.framework/Headers/WYYKit-umbrella.h /Users/runner/work/Document_Scan/Document_Scan/Pods/Target\ Support\ Files/WYYKit/WYYKit-umbrella.h (in target 'WYYKit' from project 'Pods')
    cd /Users/runner/work/Document_Scan/Document_Scan/Pods
    builtin-copy -exclude .DS_Store -exclude CVS -exclude .svn -exclude .git -exclude .hg -resolve-src-symlinks /Users/runner/work/Document_Scan/Document_Scan/Pods/Target\ Support\ Files/WYYKit/WYYKit-umbrella.h /Users/runner/Library/Developer/Xcode/DerivedData/Document_Scan-gpyzovawczbcogekrckiypzonffc/Build/Intermediates.noindex/ArchiveIntermediates/Document_Scan/IntermediateBuildFilesPath/UninstalledProducts/iphoneos/WYYKit.framework/Headers

Concatenate /Users/runner/Library/Developer/Xcode/DerivedData/Document_Scan-gpyzovawczbcogekrckiypzonffc/Build/Intermediates.noindex/ArchiveIntermediates/Document_Scan/IntermediateBuildFilesPath/Pods.build/Release-iphoneos/WYYKit.build/unextended-module.modulemap /Users/runner/work/Document_Scan/Document_Scan/Pods/Target\ Support\ Files/WYYKit/WYYKit.modulemap /Users/runner/Library/Developer/Xcode/DerivedData/Document_Scan-gpyzovawczbcogekrckiypzonffc/Build/Intermediates.noindex/ArchiveIntermediates/Document_Scan/IntermediateBuildFilesPath/Pods.build/Release-iphoneos/WYYKit.build/unextended-module-swiftunextension.modulemap (in target 'WYYKit' from project 'Pods')
    cd /Users/runner/work/Document_Scan/Document_Scan/Pods
    builtin-concatenate /Users/runner/Library/Developer/Xcode/DerivedData/Document_Scan-gpyzovawczbcogekrckiypzonffc/Build/Intermediates.noindex/ArchiveIntermediates/Document_Scan/IntermediateBuildFilesPath/Pods.build/Release-iphoneos/WYYKit.build/unextended-module.modulemap /Users/runner/work/Document_Scan/Document_Scan/Pods/Target\ Support\ Files/WYYKit/WYYKit.modulemap /Users/runner/Library/Developer/Xcode/DerivedData/Document_Scan-gpyzovawczbcogekrckiypzonffc/Build/Intermediates.noindex/ArchiveIntermediates/Document_Scan/IntermediateBuildFilesPath/Pods.build/Release-iphoneos/WYYKit.build/unextended-module-swiftunextension.modulemap

Concatenate /Users/runner/Library/Developer/Xcode/DerivedData/Document_Scan-gpyzovawczbcogekrckiypzonffc/Build/Intermediates.noindex/ArchiveIntermediates/Document_Scan/IntermediateBuildFilesPath/Pods.build/Release-iphoneos/WYYKit.build/module.modulemap /Users/runner/work/Document_Scan/Document_Scan/Pods/Target\ Support\ Files/WYYKit/WYYKit.modulemap /Users/runner/Library/Developer/Xcode/DerivedData/Document_Scan-gpyzovawczbcogekrckiypzonffc/Build/Intermediates.noindex/ArchiveIntermediates/Document_Scan/IntermediateBuildFilesPath/Pods.build/Release-iphoneos/WYYKit.build/module-swiftextension.modulemap (in target 'WYYKit' from project 'Pods')
    cd /Users/runner/work/Document_Scan/Document_Scan/Pods
    builtin-concatenate /Users/runner/Library/Developer/Xcode/DerivedData/Document_Scan-gpyzovawczbcogekrckiypzonffc/Build/Intermediates.noindex/ArchiveIntermediates/Document_Scan/IntermediateBuildFilesPath/Pods.build/Release-iphoneos/WYYKit.build/module.modulemap /Users/runner/work/Document_Scan/Document_Scan/Pods/Target\ Support\ Files/WYYKit/WYYKit.modulemap /Users/runner/Library/Developer/Xcode/DerivedData/Document_Scan-gpyzovawczbcogekrckiypzonffc/Build/Intermediates.noindex/ArchiveIntermediates/Document_Scan/IntermediateBuildFilesPath/Pods.build/Release-iphoneos/WYYKit.build/module-swiftextension.modulemap

SymLink /Users/runner/Library/Developer/Xcode/DerivedData/Document_Scan-gpyzovawczbcogekrckiypzonffc/Build/Intermediates.noindex/ArchiveIntermediates/Document_Scan/BuildProductsPath/Release-iphoneos/WYYKit/WYYKit.framework ../../../IntermediateBuildFilesPath/UninstalledProducts/iphoneos/WYYKit.framework (in target 'WYYKit' from project 'Pods')
    cd /Users/runner/work/Document_Scan/Document_Scan/Pods
    /bin/ln -sfh ../../../IntermediateBuildFilesPath/UninstalledProducts/iphoneos/WYYKit.framework /Users/runner/Library/Developer/Xcode/DerivedData/Document_Scan-gpyzovawczbcogekrckiypzonffc/Build/Intermediates.noindex/ArchiveIntermediates/Document_Scan/BuildProductsPath/Release-iphoneos/WYYKit/WYYKit.framework

MkDir /Users/runner/Library/Developer/Xcode/DerivedData/Document_Scan-gpyzovawczbcogekrckiypzonffc/Build/Intermediates.noindex/ArchiveIntermediates/Document_Scan/IntermediateBuildFilesPath/UninstalledProducts/iphoneos/WYYKit.framework/Headers (in target 'WYYKit' from project 'Pods')
    cd /Users/runner/work/Document_Scan/Document_Scan/Pods
    /bin/mkdir -p /Users/runner/Library/Developer/Xcode/DerivedData/Document_Scan-gpyzovawczbcogekrckiypzonffc/Build/Intermediates.noindex/ArchiveIntermediates/Document_Scan/IntermediateBuildFilesPath/UninstalledProducts/iphoneos/WYYKit.framework/Headers

MkDir /Users/runner/Library/Developer/Xcode/DerivedData/Document_Scan-gpyzovawczbcogekrckiypzonffc/Build/Intermediates.noindex/ArchiveIntermediates/Document_Scan/IntermediateBuildFilesPath/UninstalledProducts/iphoneos/WYYKit.framework (in target 'WYYKit' from project 'Pods')
    cd /Users/runner/work/Document_Scan/Document_Scan/Pods
    /bin/mkdir -p /Users/runner/Library/Developer/Xcode/DerivedData/Document_Scan-gpyzovawczbcogekrckiypzonffc/Build/Intermediates.noindex/ArchiveIntermediates/Document_Scan/IntermediateBuildFilesPath/UninstalledProducts/iphoneos/WYYKit.framework

CreateBuildDirectory /Users/runner/Library/Developer/Xcode/DerivedData/Document_Scan-gpyzovawczbcogekrckiypzonffc/Build/Intermediates.noindex/ArchiveIntermediates/Document_Scan/BuildProductsPath/Release-iphoneos/TPNMediationFacebookAdapter
    cd /Users/runner/work/Document_Scan/Document_Scan
    builtin-create-build-directory /Users/runner/Library/Developer/Xcode/DerivedData/Document_Scan-gpyzovawczbcogekrckiypzonffc/Build/Intermediates.noindex/ArchiveIntermediates/Document_Scan/BuildProductsPath/Release-iphoneos/TPNMediationFacebookAdapter

Copy /Users/runner/Library/Developer/Xcode/DerivedData/Document_Scan-gpyzovawczbcogekrckiypzonffc/Build/Intermediates.noindex/ArchiveIntermediates/Document_Scan/IntermediateBuildFilesPath/UninstalledProducts/iphoneos/WYYKit.framework/Modules/module.modulemap /Users/runner/Library/Developer/Xcode/DerivedData/Document_Scan-gpyzovawczbcogekrckiypzonffc/Build/Intermediates.noindex/ArchiveIntermediates/Document_Scan/IntermediateBuildFilesPath/Pods.build/Release-iphoneos/WYYKit.build/module.modulemap (in target 'WYYKit' from project 'Pods')
    cd /Users/runner/work/Document_Scan/Document_Scan/Pods
    builtin-copy -exclude .DS_Store -exclude CVS -exclude .svn -exclude .git -exclude .hg -resolve-src-symlinks /Users/runner/Library/Developer/Xcode/DerivedData/Document_Scan-gpyzovawczbcogekrckiypzonffc/Build/Intermediates.noindex/ArchiveIntermediates/Document_Scan/IntermediateBuildFilesPath/Pods.build/Release-iphoneos/WYYKit.build/module.modulemap /Users/runner/Library/Developer/Xcode/DerivedData/Document_Scan-gpyzovawczbcogekrckiypzonffc/Build/Intermediates.noindex/ArchiveIntermediates/Document_Scan/IntermediateBuildFilesPath/UninstalledProducts/iphoneos/WYYKit.framework/Modules

CreateBuildDirectory /Users/runner/Library/Developer/Xcode/DerivedData/Document_Scan-gpyzovawczbcogekrckiypzonffc/Build/Intermediates.noindex/ArchiveIntermediates/Document_Scan/BuildProductsPath/Release-iphoneos/TPNMediationAdxSmartdigimktAdapter
    cd /Users/runner/work/Document_Scan/Document_Scan
    builtin-create-build-directory /Users/runner/Library/Developer/Xcode/DerivedData/Document_Scan-gpyzovawczbcogekrckiypzonffc/Build/Intermediates.noindex/ArchiveIntermediates/Document_Scan/BuildProductsPath/Release-iphoneos/TPNMediationAdxSmartdigimktAdapter

PhaseScriptExecution [CP]\ Copy\ XCFrameworks /Users/runner/Library/Developer/Xcode/DerivedData/Document_Scan-gpyzovawczbcogekrckiypzonffc/Build/Intermediates.noindex/ArchiveIntermediates/Document_Scan/IntermediateBuildFilesPath/Pods.build/Release-iphoneos/UMCommon.build/Script-3190A7B1A6A7D61FA2941E2DAD3C8895.sh (in target 'UMCommon' from project 'Pods')
    cd /Users/runner/work/Document_Scan/Document_Scan/Pods
    /bin/sh -c /Users/runner/Library/Developer/Xcode/DerivedData/Document_Scan-gpyzovawczbcogekrckiypzonffc/Build/Intermediates.noindex/ArchiveIntermediates/Document_Scan/IntermediateBuildFilesPath/Pods.build/Release-iphoneos/UMCommon.build/Script-3190A7B1A6A7D61FA2941E2DAD3C8895.sh
Selected xcframework slice ios-arm64
rsync --delete -av --filter P .*.?????? --links --filter "- CVS/" --filter "- .svn/" --filter "- .git/" --filter "- .hg/" "/Users/runner/work/Document_Scan/Document_Scan/Pods/UMCommon/UMCommon_7.5.8/UMCommon.xcframework/ios-arm64/*" "/Users/runner/Library/Developer/Xcode/DerivedData/Document_Scan-gpyzovawczbcogekrckiypzonffc/Build/Intermediates.noindex/ArchiveIntermediates/Document_Scan/BuildProductsPath/Release-iphoneos/XCFrameworkIntermediates/UMCommon"
Transfer starting: 16 files
UMCommon.framework/
UMCommon.framework/Info.plist
UMCommon.framework/PrivacyInfo.xcprivacy
UMCommon.framework/UMCommon
UMCommon.framework/Headers/
UMCommon.framework/Headers/MobClick.h
UMCommon.framework/Headers/UMCommon.h
UMCommon.framework/Headers/UMConfigure.h
UMCommon.framework/Modules/
UMCommon.framework/Modules/module.modulemap
UMCommon.framework/_CodeSignature/
UMCommon.framework/_CodeSignature/CodeDirectory
UMCommon.framework/_CodeSignature/CodeRequirements
UMCommon.framework/_CodeSignature/CodeRequirements-1
UMCommon.framework/_CodeSignature/CodeResources
UMCommon.framework/_CodeSignature/CodeSignature

sent 1701718 bytes  received 308 bytes  80664739 bytes/sec
total size is 1699828  speedup is 1.00
Copied /Users/runner/work/Document_Scan/Document_Scan/Pods/UMCommon/UMCommon_7.5.8/UMCommon.xcframework/ios-arm64 to /Users/runner/Library/Developer/Xcode/DerivedData/Document_Scan-gpyzovawczbcogekrckiypzonffc/Build/Intermediates.noindex/ArchiveIntermediates/Document_Scan/BuildProductsPath/Release-iphoneos/XCFrameworkIntermediates/UMCommon

PhaseScriptExecution [CP]\ Copy\ XCFrameworks /Users/runner/Library/Developer/Xcode/DerivedData/Document_Scan-gpyzovawczbcogekrckiypzonffc/Build/Intermediates.noindex/ArchiveIntermediates/Document_Scan/IntermediateBuildFilesPath/Pods.build/Release-iphoneos/TPNMediationAdxSmartdigimktAdapter.build/Script-321407375806862595DC785732A491B8.sh (in target 'TPNMediationAdxSmartdigimktAdapter' from project 'Pods')
    cd /Users/runner/work/Document_Scan/Document_Scan/Pods
    /bin/sh -c /Users/runner/Library/Developer/Xcode/DerivedData/Document_Scan-gpyzovawczbcogekrckiypzonffc/Build/Intermediates.noindex/ArchiveIntermediates/Document_Scan/IntermediateBuildFilesPath/Pods.build/Release-iphoneos/TPNMediationAdxSmartdigimktAdapter.build/Script-321407375806862595DC785732A491B8.sh
Selected xcframework slice ios-arm64
rsync --delete -av --filter P .*.?????? --links --filter "- CVS/" --filter "- .svn/" --filter "- .git/" --filter "- .hg/" "/Users/runner/work/Document_Scan/Document_Scan/Pods/TPNMediationAdxSmartdigimktAdapter/AnyThinkSmartdigimktAdapter-6.5.45.0/AnyThinkSmartdigimktAdapter.xcframework/ios-arm64/*" "/Users/runner/Library/Developer/Xcode/DerivedData/Document_Scan-gpyzovawczbcogekrckiypzonffc/Build/Intermediates.noindex/ArchiveIntermediates/Document_Scan/BuildProductsPath/Release-iphoneos/XCFrameworkIntermediates/TPNMediationAdxSmartdigimktAdapter"
Transfer starting: 7 files
AnyThinkSmartdigimktAdapter.framework/
AnyThinkSmartdigimktAdapter.framework/AnyThinkSmartdigimktAdapter
AnyThinkSmartdigimktAdapter.framework/Info.plist
AnyThinkSmartdigimktAdapter.framework/Headers/
AnyThinkSmartdigimktAdapter.framework/Headers/AnyThinkSmartdigimktAdapter.h
AnyThinkSmartdigimktAdapter.framework/Modules/
AnyThinkSmartdigimktAdapter.framework/Modules/module.modulemap

sent 849993 bytes  received 126 bytes  70257768 bytes/sec
total size is 849028  speedup is 1.00
Copied /Users/runner/work/Document_Scan/Document_Scan/Pods/TPNMediationAdxSmartdigimktAdapter/AnyThinkSmartdigimktAdapter-6.5.45.0/AnyThinkSmartdigimktAdapter.xcframework/ios-arm64 to /Users/runner/Library/Developer/Xcode/DerivedData/Document_Scan-gpyzovawczbcogekrckiypzonffc/Build/Intermediates.noindex/ArchiveIntermediates/Document_Scan/BuildProductsPath/Release-iphoneos/XCFrameworkIntermediates/TPNMediationAdxSmartdigimktAdapter

CreateBuildDirectory /Users/runner/Library/Developer/Xcode/DerivedData/Document_Scan-gpyzovawczbcogekrckiypzonffc/Build/Intermediates.noindex/ArchiveIntermediates/Document_Scan/BuildProductsPath/Release-iphoneos/SmartdigimktSDK
    cd /Users/runner/work/Document_Scan/Document_Scan
    builtin-create-build-directory /Users/runner/Library/Developer/Xcode/DerivedData/Document_Scan-gpyzovawczbcogekrckiypzonffc/Build/Intermediates.noindex/ArchiveIntermediates/Document_Scan/BuildProductsPath/Release-iphoneos/SmartdigimktSDK

CreateBuildDirectory /Users/runner/Library/Developer/Xcode/DerivedData/Document_Scan-gpyzovawczbcogekrckiypzonffc/Build/Intermediates.noindex/ArchiveIntermediates/Document_Scan/BuildProductsPath/Release-iphoneos/MintegralAdSDK
    cd /Users/runner/work/Document_Scan/Document_Scan
    builtin-create-build-directory /Users/runner/Library/Developer/Xcode/DerivedData/Document_Scan-gpyzovawczbcogekrckiypzonffc/Build/Intermediates.noindex/ArchiveIntermediates/Document_Scan/BuildProductsPath/Release-iphoneos/MintegralAdSDK

CreateBuildDirectory /Users/runner/Library/Developer/Xcode/DerivedData/Document_Scan-gpyzovawczbcogekrckiypzonffc/Build/Intermediates.noindex/ArchiveIntermediates/Document_Scan/BuildProductsPath/Release-iphoneos/InMobiSDK
    cd /Users/runner/work/Document_Scan/Document_Scan
    builtin-create-build-directory /Users/runner/Library/Developer/Xcode/DerivedData/Document_Scan-gpyzovawczbcogekrckiypzonffc/Build/Intermediates.noindex/ArchiveIntermediates/Document_Scan/BuildProductsPath/Release-iphoneos/InMobiSDK

PhaseScriptExecution [CP]\ Copy\ XCFrameworks /Users/runner/Library/Developer/Xcode/DerivedData/Document_Scan-gpyzovawczbcogekrckiypzonffc/Build/Intermediates.noindex/ArchiveIntermediates/Document_Scan/IntermediateBuildFilesPath/Pods.build/Release-iphoneos/UMAPM.build/Script-47CF44479ABE0A5C18DEDA0F07935DF1.sh (in target 'UMAPM' from project 'Pods')
    cd /Users/runner/work/Document_Scan/Document_Scan/Pods
    /bin/sh -c /Users/runner/Library/Developer/Xcode/DerivedData/Document_Scan-gpyzovawczbcogekrckiypzonffc/Build/Intermediates.noindex/ArchiveIntermediates/Document_Scan/IntermediateBuildFilesPath/Pods.build/Release-iphoneos/UMAPM.build/Script-47CF44479ABE0A5C18DEDA0F07935DF1.sh
Selected xcframework slice ios-arm64
rsync --delete -av --filter P .*.?????? --links --filter "- CVS/" --filter "- .svn/" --filter "- .git/" --filter "- .hg/" "/Users/runner/work/Document_Scan/Document_Scan/Pods/UMAPM/UMAPM_2.0.7/UMAPM.xcframework/ios-arm64/*" "/Users/runner/Library/Developer/Xcode/DerivedData/Document_Scan-gpyzovawczbcogekrckiypzonffc/Build/Intermediates.noindex/ArchiveIntermediates/Document_Scan/BuildProductsPath/Release-iphoneos/XCFrameworkIntermediates/UMAPM"
Transfer starting: 18 files
UMAPM.framework/
UMAPM.framework/Info.plist
UMAPM.framework/PrivacyInfo.xcprivacy
UMAPM.framework/UMAPM
UMAPM.framework/Headers/
UMAPM.framework/Headers/UAPMLog.h
UMAPM.framework/Headers/UMAPMConfig.h
UMAPM.framework/Headers/UMAPMCustomData.h
UMAPM.framework/Headers/UMAPMCustomLog.h
UMAPM.framework/Headers/UMCrashConfigure.h
UMAPM.framework/Headers/UMLaunch.h
UMAPM.framework/Headers/UMPage.h
UMAPM.framework/_CodeSignature/
UMAPM.framework/_CodeSignature/CodeDirectory
UMAPM.framework/_CodeSignature/CodeRequirements
UMAPM.framework/_CodeSignature/CodeRequirements-1
UMAPM.framework/_CodeSignature/CodeResources
UMAPM.framework/_CodeSignature/CodeSignature

sent 7193593 bytes  received 368 bytes  39289792 bytes/sec
total size is 7190813  speedup is 1.00
Copied /Users/runner/work/Document_Scan/Document_Scan/Pods/UMAPM/UMAPM_2.0.7/UMAPM.xcframework/ios-arm64 to /Users/runner/Library/Developer/Xcode/DerivedData/Document_Scan-gpyzovawczbcogekrckiypzonffc/Build/Intermediates.noindex/ArchiveIntermediates/Document_Scan/BuildProductsPath/Release-iphoneos/XCFrameworkIntermediates/UMAPM

CreateBuildDirectory /Users/runner/Library/Developer/Xcode/DerivedData/Document_Scan-gpyzovawczbcogekrckiypzonffc/Build/Intermediates.noindex/ArchiveIntermediates/Document_Scan/BuildProductsPath/Release-iphoneos/FBAudienceNetwork
    cd /Users/runner/work/Document_Scan/Document_Scan
    builtin-create-build-directory /Users/runner/Library/Developer/Xcode/DerivedData/Document_Scan-gpyzovawczbcogekrckiypzonffc/Build/Intermediates.noindex/ArchiveIntermediates/Document_Scan/BuildProductsPath/Release-iphoneos/FBAudienceNetwork

PhaseScriptExecution [CP]\ Copy\ XCFrameworks /Users/runner/Library/Developer/Xcode/DerivedData/Document_Scan-gpyzovawczbcogekrckiypzonffc/Build/Intermediates.noindex/ArchiveIntermediates/Document_Scan/IntermediateBuildFilesPath/Pods.build/Release-iphoneos/TPNMediationInmobiAdapter.build/Script-D29D3D83171C5275812AAAEE47AF38B5.sh (in target 'TPNMediationInmobiAdapter' from project 'Pods')
    cd /Users/runner/work/Document_Scan/Document_Scan/Pods
    /bin/sh -c /Users/runner/Library/Developer/Xcode/DerivedData/Document_Scan-gpyzovawczbcogekrckiypzonffc/Build/Intermediates.noindex/ArchiveIntermediates/Document_Scan/IntermediateBuildFilesPath/Pods.build/Release-iphoneos/TPNMediationInmobiAdapter.build/Script-D29D3D83171C5275812AAAEE47AF38B5.sh
Selected xcframework slice ios-arm64
rsync --delete -av --filter P .*.?????? --links --filter "- CVS/" --filter "- .svn/" --filter "- .git/" --filter "- .hg/" "/Users/runner/work/Document_Scan/Document_Scan/Pods/TPNMediationInmobiAdapter/AnyThinkInmobiAdapter-11.1.0.0/AnyThinkInmobiAdapter.xcframework/ios-arm64/*" "/Users/runner/Library/Developer/Xcode/DerivedData/Document_Scan-gpyzovawczbcogekrckiypzonffc/Build/Intermediates.noindex/ArchiveIntermediates/Document_Scan/BuildProductsPath/Release-iphoneos/XCFrameworkIntermediates/TPNMediationInmobiAdapter"
Transfer starting: 7 files
AnyThinkInmobiAdapter.framework/
AnyThinkInmobiAdapter.framework/AnyThinkInmobiAdapter
AnyThinkInmobiAdapter.framework/Info.plist
AnyThinkInmobiAdapter.framework/Headers/
AnyThinkInmobiAdapter.framework/Headers/AnyThinkInmobiAdapter.h
AnyThinkInmobiAdapter.framework/Modules/
AnyThinkInmobiAdapter.framework/Modules/module.modulemap

sent 347363 bytes  received 126 bytes  48942112 bytes/sec
total size is 346512  speedup is 1.00
Copied /Users/runner/work/Document_Scan/Document_Scan/Pods/TPNMediationInmobiAdapter/AnyThinkInmobiAdapter-11.1.0.0/AnyThinkInmobiAdapter.xcframework/ios-arm64 to /Users/runner/Library/Developer/Xcode/DerivedData/Document_Scan-gpyzovawczbcogekrckiypzonffc/Build/Intermediates.noindex/ArchiveIntermediates/Document_Scan/BuildProductsPath/Release-iphoneos/XCFrameworkIntermediates/TPNMediationInmobiAdapter

WriteAuxiliaryFile /Users/runner/Library/Developer/Xcode/DerivedData/Document_Scan-gpyzovawczbcogekrckiypzonffc/Build/Intermediates.noindex/ArchiveIntermediates/Document_Scan/IntermediateBuildFilesPath/Pods.build/Release-iphoneos/MintegralAdSDK-MTGSDK.build/MTGSDK.hmap (in target 'MintegralAdSDK-MTGSDK' from project 'Pods')
    cd /Users/runner/work/Document_Scan/Document_Scan/Pods
    write-file /Users/runner/Library/Developer/Xcode/DerivedData/Document_Scan-gpyzovawczbcogekrckiypzonffc/Build/Intermediates.noindex/ArchiveIntermediates/Document_Scan/IntermediateBuildFilesPath/Pods.build/Release-iphoneos/MintegralAdSDK-MTGSDK.build/MTGSDK.hmap

WriteAuxiliaryFile /Users/runner/Library/Developer/Xcode/DerivedData/Document_Scan-gpyzovawczbcogekrckiypzonffc/Build/Intermediates.noindex/ArchiveIntermediates/Document_Scan/IntermediateBuildFilesPath/Pods.build/Release-iphoneos/MintegralAdSDK-MTGSDK.build/MTGSDK.DependencyStaticMetadataFileList (in target 'MintegralAdSDK-MTGSDK' from project 'Pods')
    cd /Users/runner/work/Document_Scan/Document_Scan/Pods
    write-file /Users/runner/Library/Developer/Xcode/DerivedData/Document_Scan-gpyzovawczbcogekrckiypzonffc/Build/Intermediates.noindex/ArchiveIntermediates/Document_Scan/IntermediateBuildFilesPath/Pods.build/Release-iphoneos/MintegralAdSDK-MTGSDK.build/MTGSDK.DependencyStaticMetadataFileList

WriteAuxiliaryFile /Users/runner/Library/Developer/Xcode/DerivedData/Document_Scan-gpyzovawczbcogekrckiypzonffc/Build/Intermediates.noindex/ArchiveIntermediates/Document_Scan/IntermediateBuildFilesPath/Pods.build/Release-iphoneos/MintegralAdSDK-MTGSDK.build/MTGSDK.DependencyMetadataFileList (in target 'MintegralAdSDK-MTGSDK' from project 'Pods')
    cd /Users/runner/work/Document_Scan/Document_Scan/Pods
    write-file /Users/runner/Library/Developer/Xcode/DerivedData/Document_Scan-gpyzovawczbcogekrckiypzonffc/Build/Intermediates.noindex/ArchiveIntermediates/Document_Scan/IntermediateBuildFilesPath/Pods.build/Release-iphoneos/MintegralAdSDK-MTGSDK.build/MTGSDK.DependencyMetadataFileList

WriteAuxiliaryFile /Users/runner/Library/Developer/Xcode/DerivedData/Document_Scan-gpyzovawczbcogekrckiypzonffc/Build/Intermediates.noindex/ArchiveIntermediates/Document_Scan/IntermediateBuildFilesPath/Pods.build/Release-iphoneos/MintegralAdSDK-MTGSDK.build/MTGSDK-project-headers.hmap (in target 'MintegralAdSDK-MTGSDK' from project 'Pods')
    cd /Users/runner/work/Document_Scan/Document_Scan/Pods
    write-file /Users/runner/Library/Developer/Xcode/DerivedData/Document_Scan-gpyzovawczbcogekrckiypzonffc/Build/Intermediates.noindex/ArchiveIntermediates/Document_Scan/IntermediateBuildFilesPath/Pods.build/Release-iphoneos/MintegralAdSDK-MTGSDK.build/MTGSDK-project-headers.hmap

WriteAuxiliaryFile /Users/runner/Library/Developer/Xcode/DerivedData/Document_Scan-gpyzovawczbcogekrckiypzonffc/Build/Intermediates.noindex/ArchiveIntermediates/Document_Scan/IntermediateBuildFilesPath/Pods.build/Release-iphoneos/MintegralAdSDK-MTGSDK.build/MTGSDK-own-target-headers.hmap (in target 'MintegralAdSDK-MTGSDK' from project 'Pods')
    cd /Users/runner/work/Document_Scan/Document_Scan/Pods
    write-file /Users/runner/Library/Developer/Xcode/DerivedData/Document_Scan-gpyzovawczbcogekrckiypzonffc/Build/Intermediates.noindex/ArchiveIntermediates/Document_Scan/IntermediateBuildFilesPath/Pods.build/Release-iphoneos/MintegralAdSDK-MTGSDK.build/MTGSDK-own-target-headers.hmap

WriteAuxiliaryFile /Users/runner/Library/Developer/Xcode/DerivedData/Document_Scan-gpyzovawczbcogekrckiypzonffc/Build/Intermediates.noindex/ArchiveIntermediates/Document_Scan/IntermediateBuildFilesPath/Pods.build/Release-iphoneos/MintegralAdSDK-MTGSDK.build/MTGSDK-generated-files.hmap (in target 'MintegralAdSDK-MTGSDK' from project 'Pods')
    cd /Users/runner/work/Document_Scan/Document_Scan/Pods
    write-file /Users/runner/Library/Developer/Xcode/DerivedData/Document_Scan-gpyzovawczbcogekrckiypzonffc/Build/Intermediates.noindex/ArchiveIntermediates/Document_Scan/IntermediateBuildFilesPath/Pods.build/Release-iphoneos/MintegralAdSDK-MTGSDK.build/MTGSDK-generated-files.hmap

WriteAuxiliaryFile /Users/runner/Library/Developer/Xcode/DerivedData/Document_Scan-gpyzovawczbcogekrckiypzonffc/Build/Intermediates.noindex/ArchiveIntermediates/Document_Scan/IntermediateBuildFilesPath/Pods.build/Release-iphoneos/MintegralAdSDK-MTGSDK.build/MTGSDK-all-target-headers.hmap (in target 'MintegralAdSDK-MTGSDK' from project 'Pods')
    cd /Users/runner/work/Document_Scan/Document_Scan/Pods
    write-file /Users/runner/Library/Developer/Xcode/DerivedData/Document_Scan-gpyzovawczbcogekrckiypzonffc/Build/Intermediates.noindex/ArchiveIntermediates/Document_Scan/IntermediateBuildFilesPath/Pods.build/Release-iphoneos/MintegralAdSDK-MTGSDK.build/MTGSDK-all-target-headers.hmap

WriteAuxiliaryFile /Users/runner/Library/Developer/Xcode/DerivedData/Document_Scan-gpyzovawczbcogekrckiypzonffc/Build/Intermediates.noindex/ArchiveIntermediates/Document_Scan/IntermediateBuildFilesPath/Pods.build/Release-iphoneos/MintegralAdSDK-MTGSDK.build/MTGSDK-all-non-framework-target-headers.hmap (in target 'MintegralAdSDK-MTGSDK' from project 'Pods')
    cd /Users/runner/work/Document_Scan/Document_Scan/Pods
    write-file /Users/runner/Library/Developer/Xcode/DerivedData/Document_Scan-gpyzovawczbcogekrckiypzonffc/Build/Intermediates.noindex/ArchiveIntermediates/Document_Scan/IntermediateBuildFilesPath/Pods.build/Release-iphoneos/MintegralAdSDK-MTGSDK.build/MTGSDK-all-non-framework-target-headers.hmap

SymLink /Users/runner/Library/Developer/Xcode/DerivedData/Document_Scan-gpyzovawczbcogekrckiypzonffc/Build/Intermediates.noindex/ArchiveIntermediates/Document_Scan/BuildProductsPath/Release-iphoneos/MintegralAdSDK/MTGSDK.bundle ../../../IntermediateBuildFilesPath/UninstalledProducts/iphoneos/MTGSDK.bundle (in target 'MintegralAdSDK-MTGSDK' from project 'Pods')
    cd /Users/runner/work/Document_Scan/Document_Scan/Pods
    /bin/ln -sfh ../../../IntermediateBuildFilesPath/UninstalledProducts/iphoneos/MTGSDK.bundle /Users/runner/Library/Developer/Xcode/DerivedData/Document_Scan-gpyzovawczbcogekrckiypzonffc/Build/Intermediates.noindex/ArchiveIntermediates/Document_Scan/BuildProductsPath/Release-iphoneos/MintegralAdSDK/MTGSDK.bundle

MkDir /Users/runner/Library/Developer/Xcode/DerivedData/Document_Scan-gpyzovawczbcogekrckiypzonffc/Build/Intermediates.noindex/ArchiveIntermediates/Document_Scan/IntermediateBuildFilesPath/UninstalledProducts/iphoneos/MTGSDK.bundle (in target 'MintegralAdSDK-MTGSDK' from project 'Pods')
    cd /Users/runner/work/Document_Scan/Document_Scan/Pods
    /bin/mkdir -p /Users/runner/Library/Developer/Xcode/DerivedData/Document_Scan-gpyzovawczbcogekrckiypzonffc/Build/Intermediates.noindex/ArchiveIntermediates/Document_Scan/IntermediateBuildFilesPath/UninstalledProducts/iphoneos/MTGSDK.bundle

WriteAuxiliaryFile /Users/runner/Library/Developer/Xcode/DerivedData/Document_Scan-gpyzovawczbcogekrckiypzonffc/Build/Intermediates.noindex/ArchiveIntermediates/Document_Scan/IntermediateBuildFilesPath/Pods.build/Release-iphoneos/FBAudienceNetwork-FBAudienceNetwork.build/FBAudienceNetwork.hmap (in target 'FBAudienceNetwork-FBAudienceNetwork' from project 'Pods')
    cd /Users/runner/work/Document_Scan/Document_Scan/Pods
    write-file /Users/runner/Library/Developer/Xcode/DerivedData/Document_Scan-gpyzovawczbcogekrckiypzonffc/Build/Intermediates.noindex/ArchiveIntermediates/Document_Scan/IntermediateBuildFilesPath/Pods.build/Release-iphoneos/FBAudienceNetwork-FBAudienceNetwork.build/FBAudienceNetwork.hmap

WriteAuxiliaryFile /Users/runner/Library/Developer/Xcode/DerivedData/Document_Scan-gpyzovawczbcogekrckiypzonffc/Build/Intermediates.noindex/ArchiveIntermediates/Document_Scan/IntermediateBuildFilesPath/Pods.build/Release-iphoneos/FBAudienceNetwork-FBAudienceNetwork.build/FBAudienceNetwork.DependencyStaticMetadataFileList (in target 'FBAudienceNetwork-FBAudienceNetwork' from project 'Pods')
    cd /Users/runner/work/Document_Scan/Document_Scan/Pods
    write-file /Users/runner/Library/Developer/Xcode/DerivedData/Document_Scan-gpyzovawczbcogekrckiypzonffc/Build/Intermediates.noindex/ArchiveIntermediates/Document_Scan/IntermediateBuildFilesPath/Pods.build/Release-iphoneos/FBAudienceNetwork-FBAudienceNetwork.build/FBAudienceNetwork.DependencyStaticMetadataFileList

WriteAuxiliaryFile /Users/runner/Library/Developer/Xcode/DerivedData/Document_Scan-gpyzovawczbcogekrckiypzonffc/Build/Intermediates.noindex/ArchiveIntermediates/Document_Scan/IntermediateBuildFilesPath/Pods.build/Release-iphoneos/FBAudienceNetwork-FBAudienceNetwork.build/FBAudienceNetwork.DependencyMetadataFileList (in target 'FBAudienceNetwork-FBAudienceNetwork' from project 'Pods')
    cd /Users/runner/work/Document_Scan/Document_Scan/Pods
    write-file /Users/runner/Library/Developer/Xcode/DerivedData/Document_Scan-gpyzovawczbcogekrckiypzonffc/Build/Intermediates.noindex/ArchiveIntermediates/Document_Scan/IntermediateBuildFilesPath/Pods.build/Release-iphoneos/FBAudienceNetwork-FBAudienceNetwork.build/FBAudienceNetwork.DependencyMetadataFileList

WriteAuxiliaryFile /Users/runner/Library/Developer/Xcode/DerivedData/Document_Scan-gpyzovawczbcogekrckiypzonffc/Build/Intermediates.noindex/ArchiveIntermediates/Document_Scan/IntermediateBuildFilesPath/Pods.build/Release-iphoneos/FBAudienceNetwork-FBAudienceNetwork.build/FBAudienceNetwork-project-headers.hmap (in target 'FBAudienceNetwork-FBAudienceNetwork' from project 'Pods')
    cd /Users/runner/work/Document_Scan/Document_Scan/Pods
    write-file /Users/runner/Library/Developer/Xcode/DerivedData/Document_Scan-gpyzovawczbcogekrckiypzonffc/Build/Intermediates.noindex/ArchiveIntermediates/Document_Scan/IntermediateBuildFilesPath/Pods.build/Release-iphoneos/FBAudienceNetwork-FBAudienceNetwork.build/FBAudienceNetwork-project-headers.hmap

WriteAuxiliaryFile /Users/runner/Library/Developer/Xcode/DerivedData/Document_Scan-gpyzovawczbcogekrckiypzonffc/Build/Intermediates.noindex/ArchiveIntermediates/Document_Scan/IntermediateBuildFilesPath/Pods.build/Release-iphoneos/FBAudienceNetwork-FBAudienceNetwork.build/FBAudienceNetwork-own-target-headers.hmap (in target 'FBAudienceNetwork-FBAudienceNetwork' from project 'Pods')
    cd /Users/runner/work/Document_Scan/Document_Scan/Pods
    write-file /Users/runner/Library/Developer/Xcode/DerivedData/Document_Scan-gpyzovawczbcogekrckiypzonffc/Build/Intermediates.noindex/ArchiveIntermediates/Document_Scan/IntermediateBuildFilesPath/Pods.build/Release-iphoneos/FBAudienceNetwork-FBAudienceNetwork.build/FBAudienceNetwork-own-target-headers.hmap

WriteAuxiliaryFile /Users/runner/Library/Developer/Xcode/DerivedData/Document_Scan-gpyzovawczbcogekrckiypzonffc/Build/Intermediates.noindex/ArchiveIntermediates/Document_Scan/IntermediateBuildFilesPath/Pods.build/Release-iphoneos/FBAudienceNetwork-FBAudienceNetwork.build/FBAudienceNetwork-generated-files.hmap (in target 'FBAudienceNetwork-FBAudienceNetwork' from project 'Pods')
    cd /Users/runner/work/Document_Scan/Document_Scan/Pods
    write-file /Users/runner/Library/Developer/Xcode/DerivedData/Document_Scan-gpyzovawczbcogekrckiypzonffc/Build/Intermediates.noindex/ArchiveIntermediates/Document_Scan/IntermediateBuildFilesPath/Pods.build/Release-iphoneos/FBAudienceNetwork-FBAudienceNetwork.build/FBAudienceNetwork-generated-files.hmap

WriteAuxiliaryFile /Users/runner/Library/Developer/Xcode/DerivedData/Document_Scan-gpyzovawczbcogekrckiypzonffc/Build/Intermediates.noindex/ArchiveIntermediates/Document_Scan/IntermediateBuildFilesPath/Pods.build/Release-iphoneos/FBAudienceNetwork-FBAudienceNetwork.build/FBAudienceNetwork-all-target-headers.hmap (in target 'FBAudienceNetwork-FBAudienceNetwork' from project 'Pods')
    cd /Users/runner/work/Document_Scan/Document_Scan/Pods
    write-file /Users/runner/Library/Developer/Xcode/DerivedData/Document_Scan-gpyzovawczbcogekrckiypzonffc/Build/Intermediates.noindex/ArchiveIntermediates/Document_Scan/IntermediateBuildFilesPath/Pods.build/Release-iphoneos/FBAudienceNetwork-FBAudienceNetwork.build/FBAudienceNetwork-all-target-headers.hmap

WriteAuxiliaryFile /Users/runner/Library/Developer/Xcode/DerivedData/Document_Scan-gpyzovawczbcogekrckiypzonffc/Build/Intermediates.noindex/ArchiveIntermediates/Document_Scan/IntermediateBuildFilesPath/Pods.build/Release-iphoneos/FBAudienceNetwork-FBAudienceNetwork.build/FBAudienceNetwork-all-non-framework-target-headers.hmap (in target 'FBAudienceNetwork-FBAudienceNetwork' from project 'Pods')
    cd /Users/runner/work/Document_Scan/Document_Scan/Pods
    write-file /Users/runner/Library/Developer/Xcode/DerivedData/Document_Scan-gpyzovawczbcogekrckiypzonffc/Build/Intermediates.noindex/ArchiveIntermediates/Document_Scan/IntermediateBuildFilesPath/Pods.build/Release-iphoneos/FBAudienceNetwork-FBAudienceNetwork.build/FBAudienceNetwork-all-non-framework-target-headers.hmap

SymLink /Users/runner/Library/Developer/Xcode/DerivedData/Document_Scan-gpyzovawczbcogekrckiypzonffc/Build/Intermediates.noindex/ArchiveIntermediates/Document_Scan/BuildProductsPath/Release-iphoneos/FBAudienceNetwork/FBAudienceNetwork.bundle ../../../IntermediateBuildFilesPath/UninstalledProducts/iphoneos/FBAudienceNetwork.bundle (in target 'FBAudienceNetwork-FBAudienceNetwork' from project 'Pods')
    cd /Users/runner/work/Document_Scan/Document_Scan/Pods
    /bin/ln -sfh ../../../IntermediateBuildFilesPath/UninstalledProducts/iphoneos/FBAudienceNetwork.bundle /Users/runner/Library/Developer/Xcode/DerivedData/Document_Scan-gpyzovawczbcogekrckiypzonffc/Build/Intermediates.noindex/ArchiveIntermediates/Document_Scan/BuildProductsPath/Release-iphoneos/FBAudienceNetwork/FBAudienceNetwork.bundle

MkDir /Users/runner/Library/Developer/Xcode/DerivedData/Document_Scan-gpyzovawczbcogekrckiypzonffc/Build/Intermediates.noindex/ArchiveIntermediates/Document_Scan/IntermediateBuildFilesPath/UninstalledProducts/iphoneos/FBAudienceNetwork.bundle (in target 'FBAudienceNetwork-FBAudienceNetwork' from project 'Pods')
    cd /Users/runner/work/Document_Scan/Document_Scan/Pods
    /bin/mkdir -p /Users/runner/Library/Developer/Xcode/DerivedData/Document_Scan-gpyzovawczbcogekrckiypzonffc/Build/Intermediates.noindex/ArchiveIntermediates/Document_Scan/IntermediateBuildFilesPath/UninstalledProducts/iphoneos/FBAudienceNetwork.bundle

CreateBuildDirectory /Users/runner/Library/Developer/Xcode/DerivedData/Document_Scan-gpyzovawczbcogekrckiypzonffc/Build/Intermediates.noindex/ArchiveIntermediates/Document_Scan/BuildProductsPath/Release-iphoneos/Ads-Global
    cd /Users/runner/work/Document_Scan/Document_Scan
    builtin-create-build-directory /Users/runner/Library/Developer/Xcode/DerivedData/Document_Scan-gpyzovawczbcogekrckiypzonffc/Build/Intermediates.noindex/ArchiveIntermediates/Document_Scan/BuildProductsPath/Release-iphoneos/Ads-Global

WriteAuxiliaryFile /Users/runner/Library/Developer/Xcode/DerivedData/Document_Scan-gpyzovawczbcogekrckiypzonffc/Build/Intermediates.noindex/ArchiveIntermediates/Document_Scan/IntermediateBuildFilesPath/Pods.build/Release-iphoneos/Ads-Global-TikTokBusinessSDK.build/TikTokBusinessSDK.hmap (in target 'Ads-Global-TikTokBusinessSDK' from project 'Pods')
    cd /Users/runner/work/Document_Scan/Document_Scan/Pods
    write-file /Users/runner/Library/Developer/Xcode/DerivedData/Document_Scan-gpyzovawczbcogekrckiypzonffc/Build/Intermediates.noindex/ArchiveIntermediates/Document_Scan/IntermediateBuildFilesPath/Pods.build/Release-iphoneos/Ads-Global-TikTokBusinessSDK.build/TikTokBusinessSDK.hmap

WriteAuxiliaryFile /Users/runner/Library/Developer/Xcode/DerivedData/Document_Scan-gpyzovawczbcogekrckiypzonffc/Build/Intermediates.noindex/ArchiveIntermediates/Document_Scan/IntermediateBuildFilesPath/Pods.build/Release-iphoneos/Ads-Global-TikTokBusinessSDK.build/TikTokBusinessSDK.DependencyStaticMetadataFileList (in target 'Ads-Global-TikTokBusinessSDK' from project 'Pods')
    cd /Users/runner/work/Document_Scan/Document_Scan/Pods
    write-file /Users/runner/Library/Developer/Xcode/DerivedData/Document_Scan-gpyzovawczbcogekrckiypzonffc/Build/Intermediates.noindex/ArchiveIntermediates/Document_Scan/IntermediateBuildFilesPath/Pods.build/Release-iphoneos/Ads-Global-TikTokBusinessSDK.build/TikTokBusinessSDK.DependencyStaticMetadataFileList

WriteAuxiliaryFile /Users/runner/Library/Developer/Xcode/DerivedData/Document_Scan-gpyzovawczbcogekrckiypzonffc/Build/Intermediates.noindex/ArchiveIntermediates/Document_Scan/IntermediateBuildFilesPath/Pods.build/Release-iphoneos/Ads-Global-TikTokBusinessSDK.build/TikTokBusinessSDK.DependencyMetadataFileList (in target 'Ads-Global-TikTokBusinessSDK' from project 'Pods')
    cd /Users/runner/work/Document_Scan/Document_Scan/Pods
    write-file /Users/runner/Library/Developer/Xcode/DerivedData/Document_Scan-gpyzovawczbcogekrckiypzonffc/Build/Intermediates.noindex/ArchiveIntermediates/Document_Scan/IntermediateBuildFilesPath/Pods.build/Release-iphoneos/Ads-Global-TikTokBusinessSDK.build/TikTokBusinessSDK.DependencyMetadataFileList

WriteAuxiliaryFile /Users/runner/Library/Developer/Xcode/DerivedData/Document_Scan-gpyzovawczbcogekrckiypzonffc/Build/Intermediates.noindex/ArchiveIntermediates/Document_Scan/IntermediateBuildFilesPath/Pods.build/Release-iphoneos/Ads-Global-TikTokBusinessSDK.build/TikTokBusinessSDK-project-headers.hmap (in target 'Ads-Global-TikTokBusinessSDK' from project 'Pods')
    cd /Users/runner/work/Document_Scan/Document_Scan/Pods
    write-file /Users/runner/Library/Developer/Xcode/DerivedData/Document_Scan-gpyzovawczbcogekrckiypzonffc/Build/Intermediates.noindex/ArchiveIntermediates/Document_Scan/IntermediateBuildFilesPath/Pods.build/Release-iphoneos/Ads-Global-TikTokBusinessSDK.build/TikTokBusinessSDK-project-headers.hmap

WriteAuxiliaryFile /Users/runner/Library/Developer/Xcode/DerivedData/Document_Scan-gpyzovawczbcogekrckiypzonffc/Build/Intermediates.noindex/ArchiveIntermediates/Document_Scan/IntermediateBuildFilesPath/Pods.build/Release-iphoneos/Ads-Global-TikTokBusinessSDK.build/TikTokBusinessSDK-own-target-headers.hmap (in target 'Ads-Global-TikTokBusinessSDK' from project 'Pods')
    cd /Users/runner/work/Document_Scan/Document_Scan/Pods
    write-file /Users/runner/Library/Developer/Xcode/DerivedData/Document_Scan-gpyzovawczbcogekrckiypzonffc/Build/Intermediates.noindex/ArchiveIntermediates/Document_Scan/IntermediateBuildFilesPath/Pods.build/Release-iphoneos/Ads-Global-TikTokBusinessSDK.build/TikTokBusinessSDK-own-target-headers.hmap

WriteAuxiliaryFile /Users/runner/Library/Developer/Xcode/DerivedData/Document_Scan-gpyzovawczbcogekrckiypzonffc/Build/Intermediates.noindex/ArchiveIntermediates/Document_Scan/IntermediateBuildFilesPath/Pods.build/Release-iphoneos/Ads-Global-TikTokBusinessSDK.build/TikTokBusinessSDK-generated-files.hmap (in target 'Ads-Global-TikTokBusinessSDK' from project 'Pods')
    cd /Users/runner/work/Document_Scan/Document_Scan/Pods
    write-file /Users/runner/Library/Developer/Xcode/DerivedData/Document_Scan-gpyzovawczbcogekrckiypzonffc/Build/Intermediates.noindex/ArchiveIntermediates/Document_Scan/IntermediateBuildFilesPath/Pods.build/Release-iphoneos/Ads-Global-TikTokBusinessSDK.build/TikTokBusinessSDK-generated-files.hmap

WriteAuxiliaryFile /Users/runner/Library/Developer/Xcode/DerivedData/Document_Scan-gpyzovawczbcogekrckiypzonffc/Build/Intermediates.noindex/ArchiveIntermediates/Document_Scan/IntermediateBuildFilesPath/Pods.build/Release-iphoneos/Ads-Global-TikTokBusinessSDK.build/TikTokBusinessSDK-all-target-headers.hmap (in target 'Ads-Global-TikTokBusinessSDK' from project 'Pods')
    cd /Users/runner/work/Document_Scan/Document_Scan/Pods
    write-file /Users/runner/Library/Developer/Xcode/DerivedData/Document_Scan-gpyzovawczbcogekrckiypzonffc/Build/Intermediates.noindex/ArchiveIntermediates/Document_Scan/IntermediateBuildFilesPath/Pods.build/Release-iphoneos/Ads-Global-TikTokBusinessSDK.build/TikTokBusinessSDK-all-target-headers.hmap

WriteAuxiliaryFile /Users/runner/Library/Developer/Xcode/DerivedData/Document_Scan-gpyzovawczbcogekrckiypzonffc/Build/Intermediates.noindex/ArchiveIntermediates/Document_Scan/IntermediateBuildFilesPath/Pods.build/Release-iphoneos/Ads-Global-TikTokBusinessSDK.build/TikTokBusinessSDK-all-non-framework-target-headers.hmap (in target 'Ads-Global-TikTokBusinessSDK' from project 'Pods')
    cd /Users/runner/work/Document_Scan/Document_Scan/Pods
    write-file /Users/runner/Library/Developer/Xcode/DerivedData/Document_Scan-gpyzovawczbcogekrckiypzonffc/Build/Intermediates.noindex/ArchiveIntermediates/Document_Scan/IntermediateBuildFilesPath/Pods.build/Release-iphoneos/Ads-Global-TikTokBusinessSDK.build/TikTokBusinessSDK-all-non-framework-target-headers.hmap

WriteAuxiliaryFile /Users/runner/Library/Developer/Xcode/DerivedData/Document_Scan-gpyzovawczbcogekrckiypzonffc/Build/Intermediates.noindex/ArchiveIntermediates/Document_Scan/IntermediateBuildFilesPath/Pods.build/Release-iphoneos/Ads-Global-AdsGlobalSDK.build/AdsGlobalSDK.hmap (in target 'Ads-Global-AdsGlobalSDK' from project 'Pods')
    cd /Users/runner/work/Document_Scan/Document_Scan/Pods
    write-file /Users/runner/Library/Developer/Xcode/DerivedData/Document_Scan-gpyzovawczbcogekrckiypzonffc/Build/Intermediates.noindex/ArchiveIntermediates/Document_Scan/IntermediateBuildFilesPath/Pods.build/Release-iphoneos/Ads-Global-AdsGlobalSDK.build/AdsGlobalSDK.hmap

WriteAuxiliaryFile /Users/runner/Library/Developer/Xcode/DerivedData/Document_Scan-gpyzovawczbcogekrckiypzonffc/Build/Intermediates.noindex/ArchiveIntermediates/Document_Scan/IntermediateBuildFilesPath/Pods.build/Release-iphoneos/Ads-Global-AdsGlobalSDK.build/AdsGlobalSDK.DependencyStaticMetadataFileList (in target 'Ads-Global-AdsGlobalSDK' from project 'Pods')
    cd /Users/runner/work/Document_Scan/Document_Scan/Pods
    write-file /Users/runner/Library/Developer/Xcode/DerivedData/Document_Scan-gpyzovawczbcogekrckiypzonffc/Build/Intermediates.noindex/ArchiveIntermediates/Document_Scan/IntermediateBuildFilesPath/Pods.build/Release-iphoneos/Ads-Global-AdsGlobalSDK.build/AdsGlobalSDK.DependencyStaticMetadataFileList

WriteAuxiliaryFile /Users/runner/Library/Developer/Xcode/DerivedData/Document_Scan-gpyzovawczbcogekrckiypzonffc/Build/Intermediates.noindex/ArchiveIntermediates/Document_Scan/IntermediateBuildFilesPath/Pods.build/Release-iphoneos/Ads-Global-AdsGlobalSDK.build/AdsGlobalSDK.DependencyMetadataFileList (in target 'Ads-Global-AdsGlobalSDK' from project 'Pods')
    cd /Users/runner/work/Document_Scan/Document_Scan/Pods
    write-file /Users/runner/Library/Developer/Xcode/DerivedData/Document_Scan-gpyzovawczbcogekrckiypzonffc/Build/Intermediates.noindex/ArchiveIntermediates/Document_Scan/IntermediateBuildFilesPath/Pods.build/Release-iphoneos/Ads-Global-AdsGlobalSDK.build/AdsGlobalSDK.DependencyMetadataFileList

WriteAuxiliaryFile /Users/runner/Library/Developer/Xcode/DerivedData/Document_Scan-gpyzovawczbcogekrckiypzonffc/Build/Intermediates.noindex/ArchiveIntermediates/Document_Scan/IntermediateBuildFilesPath/Pods.build/Release-iphoneos/Ads-Global-AdsGlobalSDK.build/AdsGlobalSDK-project-headers.hmap (in target 'Ads-Global-AdsGlobalSDK' from project 'Pods')
    cd /Users/runner/work/Document_Scan/Document_Scan/Pods
    write-file /Users/runner/Library/Developer/Xcode/DerivedData/Document_Scan-gpyzovawczbcogekrckiypzonffc/Build/Intermediates.noindex/ArchiveIntermediates/Document_Scan/IntermediateBuildFilesPath/Pods.build/Release-iphoneos/Ads-Global-AdsGlobalSDK.build/AdsGlobalSDK-project-headers.hmap

WriteAuxiliaryFile /Users/runner/Library/Developer/Xcode/DerivedData/Document_Scan-gpyzovawczbcogekrckiypzonffc/Build/Intermediates.noindex/ArchiveIntermediates/Document_Scan/IntermediateBuildFilesPath/Pods.build/Release-iphoneos/Ads-Global-AdsGlobalSDK.build/AdsGlobalSDK-own-target-headers.hmap (in target 'Ads-Global-AdsGlobalSDK' from project 'Pods')
    cd /Users/runner/work/Document_Scan/Document_Scan/Pods
    write-file /Users/runner/Library/Developer/Xcode/DerivedData/Document_Scan-gpyzovawczbcogekrckiypzonffc/Build/Intermediates.noindex/ArchiveIntermediates/Document_Scan/IntermediateBuildFilesPath/Pods.build/Release-iphoneos/Ads-Global-AdsGlobalSDK.build/AdsGlobalSDK-own-target-headers.hmap

WriteAuxiliaryFile /Users/runner/Library/Developer/Xcode/DerivedData/Document_Scan-gpyzovawczbcogekrckiypzonffc/Build/Intermediates.noindex/ArchiveIntermediates/Document_Scan/IntermediateBuildFilesPath/Pods.build/Release-iphoneos/Ads-Global-AdsGlobalSDK.build/AdsGlobalSDK-generated-files.hmap (in target 'Ads-Global-AdsGlobalSDK' from project 'Pods')
    cd /Users/runner/work/Document_Scan/Document_Scan/Pods
    write-file /Users/runner/Library/Developer/Xcode/DerivedData/Document_Scan-gpyzovawczbcogekrckiypzonffc/Build/Intermediates.noindex/ArchiveIntermediates/Document_Scan/IntermediateBuildFilesPath/Pods.build/Release-iphoneos/Ads-Global-AdsGlobalSDK.build/AdsGlobalSDK-generated-files.hmap

WriteAuxiliaryFile /Users/runner/Library/Developer/Xcode/DerivedData/Document_Scan-gpyzovawczbcogekrckiypzonffc/Build/Intermediates.noindex/ArchiveIntermediates/Document_Scan/IntermediateBuildFilesPath/Pods.build/Release-iphoneos/Ads-Global-AdsGlobalSDK.build/AdsGlobalSDK-all-target-headers.hmap (in target 'Ads-Global-AdsGlobalSDK' from project 'Pods')
    cd /Users/runner/work/Document_Scan/Document_Scan/Pods
    write-file /Users/runner/Library/Developer/Xcode/DerivedData/Document_Scan-gpyzovawczbcogekrckiypzonffc/Build/Intermediates.noindex/ArchiveIntermediates/Document_Scan/IntermediateBuildFilesPath/Pods.build/Release-iphoneos/Ads-Global-AdsGlobalSDK.build/AdsGlobalSDK-all-target-headers.hmap

WriteAuxiliaryFile /Users/runner/Library/Developer/Xcode/DerivedData/Document_Scan-gpyzovawczbcogekrckiypzonffc/Build/Intermediates.noindex/ArchiveIntermediates/Document_Scan/IntermediateBuildFilesPath/Pods.build/Release-iphoneos/Ads-Global-AdsGlobalSDK.build/AdsGlobalSDK-all-non-framework-target-headers.hmap (in target 'Ads-Global-AdsGlobalSDK' from project 'Pods')
    cd /Users/runner/work/Document_Scan/Document_Scan/Pods
    write-file /Users/runner/Library/Developer/Xcode/DerivedData/Document_Scan-gpyzovawczbcogekrckiypzonffc/Build/Intermediates.noindex/ArchiveIntermediates/Document_Scan/IntermediateBuildFilesPath/Pods.build/Release-iphoneos/Ads-Global-AdsGlobalSDK.build/AdsGlobalSDK-all-non-framework-target-headers.hmap

SymLink /Users/runner/Library/Developer/Xcode/DerivedData/Document_Scan-gpyzovawczbcogekrckiypzonffc/Build/Intermediates.noindex/ArchiveIntermediates/Document_Scan/BuildProductsPath/Release-iphoneos/Ads-Global/TikTokBusinessSDK.bundle ../../../IntermediateBuildFilesPath/UninstalledProducts/iphoneos/TikTokBusinessSDK.bundle (in target 'Ads-Global-TikTokBusinessSDK' from project 'Pods')
    cd /Users/runner/work/Document_Scan/Document_Scan/Pods
    /bin/ln -sfh ../../../IntermediateBuildFilesPath/UninstalledProducts/iphoneos/TikTokBusinessSDK.bundle /Users/runner/Library/Developer/Xcode/DerivedData/Document_Scan-gpyzovawczbcogekrckiypzonffc/Build/Intermediates.noindex/ArchiveIntermediates/Document_Scan/BuildProductsPath/Release-iphoneos/Ads-Global/TikTokBusinessSDK.bundle

MkDir /Users/runner/Library/Developer/Xcode/DerivedData/Document_Scan-gpyzovawczbcogekrckiypzonffc/Build/Intermediates.noindex/ArchiveIntermediates/Document_Scan/IntermediateBuildFilesPath/UninstalledProducts/iphoneos/TikTokBusinessSDK.bundle (in target 'Ads-Global-TikTokBusinessSDK' from project 'Pods')
    cd /Users/runner/work/Document_Scan/Document_Scan/Pods
    /bin/mkdir -p /Users/runner/Library/Developer/Xcode/DerivedData/Document_Scan-gpyzovawczbcogekrckiypzonffc/Build/Intermediates.noindex/ArchiveIntermediates/Document_Scan/IntermediateBuildFilesPath/UninstalledProducts/iphoneos/TikTokBusinessSDK.bundle

SymLink /Users/runner/Library/Developer/Xcode/DerivedData/Document_Scan-gpyzovawczbcogekrckiypzonffc/Build/Intermediates.noindex/ArchiveIntermediates/Document_Scan/BuildProductsPath/Release-iphoneos/Ads-Global/AdsGlobalSDK.bundle ../../../IntermediateBuildFilesPath/UninstalledProducts/iphoneos/AdsGlobalSDK.bundle (in target 'Ads-Global-AdsGlobalSDK' from project 'Pods')
    cd /Users/runner/work/Document_Scan/Document_Scan/Pods
    /bin/ln -sfh ../../../IntermediateBuildFilesPath/UninstalledProducts/iphoneos/AdsGlobalSDK.bundle /Users/runner/Library/Developer/Xcode/DerivedData/Document_Scan-gpyzovawczbcogekrckiypzonffc/Build/Intermediates.noindex/ArchiveIntermediates/Document_Scan/BuildProductsPath/Release-iphoneos/Ads-Global/AdsGlobalSDK.bundle

MkDir /Users/runner/Library/Developer/Xcode/DerivedData/Document_Scan-gpyzovawczbcogekrckiypzonffc/Build/Intermediates.noindex/ArchiveIntermediates/Document_Scan/IntermediateBuildFilesPath/UninstalledProducts/iphoneos/AdsGlobalSDK.bundle (in target 'Ads-Global-AdsGlobalSDK' from project 'Pods')
    cd /Users/runner/work/Document_Scan/Document_Scan/Pods
    /bin/mkdir -p /Users/runner/Library/Developer/Xcode/DerivedData/Document_Scan-gpyzovawczbcogekrckiypzonffc/Build/Intermediates.noindex/ArchiveIntermediates/Document_Scan/IntermediateBuildFilesPath/UninstalledProducts/iphoneos/AdsGlobalSDK.bundle

ProcessInfoPlistFile /Users/runner/Library/Developer/Xcode/DerivedData/Document_Scan-gpyzovawczbcogekrckiypzonffc/Build/Intermediates.noindex/ArchiveIntermediates/Document_Scan/IntermediateBuildFilesPath/UninstalledProducts/iphoneos/MTGSDK.bundle/Info.plist /Users/runner/work/Document_Scan/Document_Scan/Pods/Target\ Support\ Files/MintegralAdSDK/ResourceBundle-MTGSDK-MintegralAdSDK-Info.plist (in target 'MintegralAdSDK-MTGSDK' from project 'Pods')
    cd /Users/runner/work/Document_Scan/Document_Scan/Pods
    builtin-infoPlistUtility /Users/runner/work/Document_Scan/Document_Scan/Pods/Target\ Support\ Files/MintegralAdSDK/ResourceBundle-MTGSDK-MintegralAdSDK-Info.plist -producttype com.apple.product-type.bundle -expandbuildsettings -format binary -platform iphoneos -requiredArchitecture arm64 -o /Users/runner/Library/Developer/Xcode/DerivedData/Document_Scan-gpyzovawczbcogekrckiypzonffc/Build/Intermediates.noindex/ArchiveIntermediates/Document_Scan/IntermediateBuildFilesPath/UninstalledProducts/iphoneos/MTGSDK.bundle/Info.plist

CpResource /Users/runner/Library/Developer/Xcode/DerivedData/Document_Scan-gpyzovawczbcogekrckiypzonffc/Build/Intermediates.noindex/ArchiveIntermediates/Document_Scan/IntermediateBuildFilesPath/UninstalledProducts/iphoneos/MTGSDK.bundle/PrivacyInfo.xcprivacy /Users/runner/work/Document_Scan/Document_Scan/Pods/MintegralAdSDK/Fmk/MTGSDK.xcframework/ios-arm64/MTGSDK.framework/PrivacyInfo.xcprivacy (in target 'MintegralAdSDK-MTGSDK' from project 'Pods')
    cd /Users/runner/work/Document_Scan/Document_Scan/Pods
    builtin-copy -exclude .DS_Store -exclude CVS -exclude .svn -exclude .git -exclude .hg -resolve-src-symlinks /Users/runner/work/Document_Scan/Document_Scan/Pods/MintegralAdSDK/Fmk/MTGSDK.xcframework/ios-arm64/MTGSDK.framework/PrivacyInfo.xcprivacy /Users/runner/Library/Developer/Xcode/DerivedData/Document_Scan-gpyzovawczbcogekrckiypzonffc/Build/Intermediates.noindex/ArchiveIntermediates/Document_Scan/IntermediateBuildFilesPath/UninstalledProducts/iphoneos/MTGSDK.bundle

ProcessInfoPlistFile /Users/runner/Library/Developer/Xcode/DerivedData/Document_Scan-gpyzovawczbcogekrckiypzonffc/Build/Intermediates.noindex/ArchiveIntermediates/Document_Scan/IntermediateBuildFilesPath/UninstalledProducts/iphoneos/FBAudienceNetwork.bundle/Info.plist /Users/runner/work/Document_Scan/Document_Scan/Pods/Target\ Support\ Files/FBAudienceNetwork/ResourceBundle-FBAudienceNetwork-FBAudienceNetwork-Info.plist (in target 'FBAudienceNetwork-FBAudienceNetwork' from project 'Pods')
    cd /Users/runner/work/Document_Scan/Document_Scan/Pods
    builtin-infoPlistUtility /Users/runner/work/Document_Scan/Document_Scan/Pods/Target\ Support\ Files/FBAudienceNetwork/ResourceBundle-FBAudienceNetwork-FBAudienceNetwork-Info.plist -producttype com.apple.product-type.bundle -expandbuildsettings -format binary -platform iphoneos -requiredArchitecture arm64 -o /Users/runner/Library/Developer/Xcode/DerivedData/Document_Scan-gpyzovawczbcogekrckiypzonffc/Build/Intermediates.noindex/ArchiveIntermediates/Document_Scan/IntermediateBuildFilesPath/UninstalledProducts/iphoneos/FBAudienceNetwork.bundle/Info.plist

CpResource /Users/runner/Library/Developer/Xcode/DerivedData/Document_Scan-gpyzovawczbcogekrckiypzonffc/Build/Intermediates.noindex/ArchiveIntermediates/Document_Scan/IntermediateBuildFilesPath/UninstalledProducts/iphoneos/FBAudienceNetwork.bundle/PrivacyInfo.xcprivacy /Users/runner/work/Document_Scan/Document_Scan/Pods/FBAudienceNetwork/Dynamic/FBAudienceNetwork.xcframework/ios-arm64/FBAudienceNetwork.framework/PrivacyInfo.xcprivacy (in target 'FBAudienceNetwork-FBAudienceNetwork' from project 'Pods')
    cd /Users/runner/work/Document_Scan/Document_Scan/Pods
    builtin-copy -exclude .DS_Store -exclude CVS -exclude .svn -exclude .git -exclude .hg -resolve-src-symlinks /Users/runner/work/Document_Scan/Document_Scan/Pods/FBAudienceNetwork/Dynamic/FBAudienceNetwork.xcframework/ios-arm64/FBAudienceNetwork.framework/PrivacyInfo.xcprivacy /Users/runner/Library/Developer/Xcode/DerivedData/Document_Scan-gpyzovawczbcogekrckiypzonffc/Build/Intermediates.noindex/ArchiveIntermediates/Document_Scan/IntermediateBuildFilesPath/UninstalledProducts/iphoneos/FBAudienceNetwork.bundle

ProcessInfoPlistFile /Users/runner/Library/Developer/Xcode/DerivedData/Document_Scan-gpyzovawczbcogekrckiypzonffc/Build/Intermediates.noindex/ArchiveIntermediates/Document_Scan/IntermediateBuildFilesPath/UninstalledProducts/iphoneos/TikTokBusinessSDK.bundle/Info.plist /Users/runner/work/Document_Scan/Document_Scan/Pods/Target\ Support\ Files/Ads-Global/ResourceBundle-TikTokBusinessSDK-Ads-Global-Info.plist (in target 'Ads-Global-TikTokBusinessSDK' from project 'Pods')
    cd /Users/runner/work/Document_Scan/Document_Scan/Pods
    builtin-infoPlistUtility /Users/runner/work/Document_Scan/Document_Scan/Pods/Target\ Support\ Files/Ads-Global/ResourceBundle-TikTokBusinessSDK-Ads-Global-Info.plist -producttype com.apple.product-type.bundle -expandbuildsettings -format binary -platform iphoneos -requiredArchitecture arm64 -o /Users/runner/Library/Developer/Xcode/DerivedData/Document_Scan-gpyzovawczbcogekrckiypzonffc/Build/Intermediates.noindex/ArchiveIntermediates/Document_Scan/IntermediateBuildFilesPath/UninstalledProducts/iphoneos/TikTokBusinessSDK.bundle/Info.plist

CpResource /Users/runner/Library/Developer/Xcode/DerivedData/Document_Scan-gpyzovawczbcogekrckiypzonffc/Build/Intermediates.noindex/ArchiveIntermediates/Document_Scan/IntermediateBuildFilesPath/UninstalledProducts/iphoneos/TikTokBusinessSDK.bundle/PrivacyInfo.xcprivacy /Users/runner/work/Document_Scan/Document_Scan/Pods/Ads-Global/SDK/TikTokBusinessSDK.xcframework/ios-arm64/TikTokBusinessSDK.framework/PrivacyInfo.xcprivacy (in target 'Ads-Global-TikTokBusinessSDK' from project 'Pods')
    cd /Users/runner/work/Document_Scan/Document_Scan/Pods
    builtin-copy -exclude .DS_Store -exclude CVS -exclude .svn -exclude .git -exclude .hg -resolve-src-symlinks /Users/runner/work/Document_Scan/Document_Scan/Pods/Ads-Global/SDK/TikTokBusinessSDK.xcframework/ios-arm64/TikTokBusinessSDK.framework/PrivacyInfo.xcprivacy /Users/runner/Library/Developer/Xcode/DerivedData/Document_Scan-gpyzovawczbcogekrckiypzonffc/Build/Intermediates.noindex/ArchiveIntermediates/Document_Scan/IntermediateBuildFilesPath/UninstalledProducts/iphoneos/TikTokBusinessSDK.bundle

ProcessInfoPlistFile /Users/runner/Library/Developer/Xcode/DerivedData/Document_Scan-gpyzovawczbcogekrckiypzonffc/Build/Intermediates.noindex/ArchiveIntermediates/Document_Scan/IntermediateBuildFilesPath/UninstalledProducts/iphoneos/AdsGlobalSDK.bundle/Info.plist /Users/runner/work/Document_Scan/Document_Scan/Pods/Target\ Support\ Files/Ads-Global/ResourceBundle-AdsGlobalSDK-Ads-Global-Info.plist (in target 'Ads-Global-AdsGlobalSDK' from project 'Pods')
    cd /Users/runner/work/Document_Scan/Document_Scan/Pods
    builtin-infoPlistUtility /Users/runner/work/Document_Scan/Document_Scan/Pods/Target\ Support\ Files/Ads-Global/ResourceBundle-AdsGlobalSDK-Ads-Global-Info.plist -producttype com.apple.product-type.bundle -expandbuildsettings -format binary -platform iphoneos -requiredArchitecture arm64 -o /Users/runner/Library/Developer/Xcode/DerivedData/Document_Scan-gpyzovawczbcogekrckiypzonffc/Build/Intermediates.noindex/ArchiveIntermediates/Document_Scan/IntermediateBuildFilesPath/UninstalledProducts/iphoneos/AdsGlobalSDK.bundle/Info.plist

CpResource /Users/runner/Library/Developer/Xcode/DerivedData/Document_Scan-gpyzovawczbcogekrckiypzonffc/Build/Intermediates.noindex/ArchiveIntermediates/Document_Scan/IntermediateBuildFilesPath/UninstalledProducts/iphoneos/AdsGlobalSDK.bundle/PrivacyInfo.xcprivacy /Users/runner/work/Document_Scan/Document_Scan/Pods/Ads-Global/SDK/PAGAdSDK.xcframework/ios-arm64/PAGAdSDK.framework/PrivacyInfo.xcprivacy (in target 'Ads-Global-AdsGlobalSDK' from project 'Pods')
    cd /Users/runner/work/Document_Scan/Document_Scan/Pods
    builtin-copy -exclude .DS_Store -exclude CVS -exclude .svn -exclude .git -exclude .hg -resolve-src-symlinks /Users/runner/work/Document_Scan/Document_Scan/Pods/Ads-Global/SDK/PAGAdSDK.xcframework/ios-arm64/PAGAdSDK.framework/PrivacyInfo.xcprivacy /Users/runner/Library/Developer/Xcode/DerivedData/Document_Scan-gpyzovawczbcogekrckiypzonffc/Build/Intermediates.noindex/ArchiveIntermediates/Document_Scan/IntermediateBuildFilesPath/UninstalledProducts/iphoneos/AdsGlobalSDK.bundle

SetOwnerAndGroup runner:staff /Users/runner/Library/Developer/Xcode/DerivedData/Document_Scan-gpyzovawczbcogekrckiypzonffc/Build/Intermediates.noindex/ArchiveIntermediates/Document_Scan/IntermediateBuildFilesPath/UninstalledProducts/iphoneos/MTGSDK.bundle (in target 'MintegralAdSDK-MTGSDK' from project 'Pods')
    cd /Users/runner/work/Document_Scan/Document_Scan/Pods
    /usr/sbin/chown -RH runner:staff /Users/runner/Library/Developer/Xcode/DerivedData/Document_Scan-gpyzovawczbcogekrckiypzonffc/Build/Intermediates.noindex/ArchiveIntermediates/Document_Scan/IntermediateBuildFilesPath/UninstalledProducts/iphoneos/MTGSDK.bundle

SetMode u+w,go-w,a+rX /Users/runner/Library/Developer/Xcode/DerivedData/Document_Scan-gpyzovawczbcogekrckiypzonffc/Build/Intermediates.noindex/ArchiveIntermediates/Document_Scan/IntermediateBuildFilesPath/UninstalledProducts/iphoneos/MTGSDK.bundle (in target 'MintegralAdSDK-MTGSDK' from project 'Pods')
    cd /Users/runner/work/Document_Scan/Document_Scan/Pods
    /bin/chmod -RH u+w,go-w,a+rX /Users/runner/Library/Developer/Xcode/DerivedData/Document_Scan-gpyzovawczbcogekrckiypzonffc/Build/Intermediates.noindex/ArchiveIntermediates/Document_Scan/IntermediateBuildFilesPath/UninstalledProducts/iphoneos/MTGSDK.bundle

SetOwnerAndGroup runner:staff /Users/runner/Library/Developer/Xcode/DerivedData/Document_Scan-gpyzovawczbcogekrckiypzonffc/Build/Intermediates.noindex/ArchiveIntermediates/Document_Scan/IntermediateBuildFilesPath/UninstalledProducts/iphoneos/FBAudienceNetwork.bundle (in target 'FBAudienceNetwork-FBAudienceNetwork' from project 'Pods')
    cd /Users/runner/work/Document_Scan/Document_Scan/Pods
    /usr/sbin/chown -RH runner:staff /Users/runner/Library/Developer/Xcode/DerivedData/Document_Scan-gpyzovawczbcogekrckiypzonffc/Build/Intermediates.noindex/ArchiveIntermediates/Document_Scan/IntermediateBuildFilesPath/UninstalledProducts/iphoneos/FBAudienceNetwork.bundle

SetMode u+w,go-w,a+rX /Users/runner/Library/Developer/Xcode/DerivedData/Document_Scan-gpyzovawczbcogekrckiypzonffc/Build/Intermediates.noindex/ArchiveIntermediates/Document_Scan/IntermediateBuildFilesPath/UninstalledProducts/iphoneos/FBAudienceNetwork.bundle (in target 'FBAudienceNetwork-FBAudienceNetwork' from project 'Pods')
    cd /Users/runner/work/Document_Scan/Document_Scan/Pods
    /bin/chmod -RH u+w,go-w,a+rX /Users/runner/Library/Developer/Xcode/DerivedData/Document_Scan-gpyzovawczbcogekrckiypzonffc/Build/Intermediates.noindex/ArchiveIntermediates/Document_Scan/IntermediateBuildFilesPath/UninstalledProducts/iphoneos/FBAudienceNetwork.bundle

SetOwnerAndGroup runner:staff /Users/runner/Library/Developer/Xcode/DerivedData/Document_Scan-gpyzovawczbcogekrckiypzonffc/Build/Intermediates.noindex/ArchiveIntermediates/Document_Scan/IntermediateBuildFilesPath/UninstalledProducts/iphoneos/TikTokBusinessSDK.bundle (in target 'Ads-Global-TikTokBusinessSDK' from project 'Pods')
    cd /Users/runner/work/Document_Scan/Document_Scan/Pods
    /usr/sbin/chown -RH runner:staff /Users/runner/Library/Developer/Xcode/DerivedData/Document_Scan-gpyzovawczbcogekrckiypzonffc/Build/Intermediates.noindex/ArchiveIntermediates/Document_Scan/IntermediateBuildFilesPath/UninstalledProducts/iphoneos/TikTokBusinessSDK.bundle

RegisterExecutionPolicyException /Users/runner/Library/Developer/Xcode/DerivedData/Document_Scan-gpyzovawczbcogekrckiypzonffc/Build/Intermediates.noindex/ArchiveIntermediates/Document_Scan/IntermediateBuildFilesPath/UninstalledProducts/iphoneos/MTGSDK.bundle (in target 'MintegralAdSDK-MTGSDK' from project 'Pods')
    cd /Users/runner/work/Document_Scan/Document_Scan/Pods
    builtin-RegisterExecutionPolicyException /Users/runner/Library/Developer/Xcode/DerivedData/Document_Scan-gpyzovawczbcogekrckiypzonffc/Build/Intermediates.noindex/ArchiveIntermediates/Document_Scan/IntermediateBuildFilesPath/UninstalledProducts/iphoneos/MTGSDK.bundle

SetMode u+w,go-w,a+rX /Users/runner/Library/Developer/Xcode/DerivedData/Document_Scan-gpyzovawczbcogekrckiypzonffc/Build/Intermediates.noindex/ArchiveIntermediates/Document_Scan/IntermediateBuildFilesPath/UninstalledProducts/iphoneos/TikTokBusinessSDK.bundle (in target 'Ads-Global-TikTokBusinessSDK' from project 'Pods')
    cd /Users/runner/work/Document_Scan/Document_Scan/Pods
    /bin/chmod -RH u+w,go-w,a+rX /Users/runner/Library/Developer/Xcode/DerivedData/Document_Scan-gpyzovawczbcogekrckiypzonffc/Build/Intermediates.noindex/ArchiveIntermediates/Document_Scan/IntermediateBuildFilesPath/UninstalledProducts/iphoneos/TikTokBusinessSDK.bundle

SetOwnerAndGroup runner:staff /Users/runner/Library/Developer/Xcode/DerivedData/Document_Scan-gpyzovawczbcogekrckiypzonffc/Build/Intermediates.noindex/ArchiveIntermediates/Document_Scan/IntermediateBuildFilesPath/UninstalledProducts/iphoneos/AdsGlobalSDK.bundle (in target 'Ads-Global-AdsGlobalSDK' from project 'Pods')
    cd /Users/runner/work/Document_Scan/Document_Scan/Pods
    /usr/sbin/chown -RH runner:staff /Users/runner/Library/Developer/Xcode/DerivedData/Document_Scan-gpyzovawczbcogekrckiypzonffc/Build/Intermediates.noindex/ArchiveIntermediates/Document_Scan/IntermediateBuildFilesPath/UninstalledProducts/iphoneos/AdsGlobalSDK.bundle

SetMode u+w,go-w,a+rX /Users/runner/Library/Developer/Xcode/DerivedData/Document_Scan-gpyzovawczbcogekrckiypzonffc/Build/Intermediates.noindex/ArchiveIntermediates/Document_Scan/IntermediateBuildFilesPath/UninstalledProducts/iphoneos/AdsGlobalSDK.bundle (in target 'Ads-Global-AdsGlobalSDK' from project 'Pods')
    cd /Users/runner/work/Document_Scan/Document_Scan/Pods
    /bin/chmod -RH u+w,go-w,a+rX /Users/runner/Library/Developer/Xcode/DerivedData/Document_Scan-gpyzovawczbcogekrckiypzonffc/Build/Intermediates.noindex/ArchiveIntermediates/Document_Scan/IntermediateBuildFilesPath/UninstalledProducts/iphoneos/AdsGlobalSDK.bundle

Touch /Users/runner/Library/Developer/Xcode/DerivedData/Document_Scan-gpyzovawczbcogekrckiypzonffc/Build/Intermediates.noindex/ArchiveIntermediates/Document_Scan/IntermediateBuildFilesPath/UninstalledProducts/iphoneos/MTGSDK.bundle (in target 'MintegralAdSDK-MTGSDK' from project 'Pods')
    cd /Users/runner/work/Document_Scan/Document_Scan/Pods
    /usr/bin/touch -c /Users/runner/Library/Developer/Xcode/DerivedData/Document_Scan-gpyzovawczbcogekrckiypzonffc/Build/Intermediates.noindex/ArchiveIntermediates/Document_Scan/IntermediateBuildFilesPath/UninstalledProducts/iphoneos/MTGSDK.bundle

RegisterExecutionPolicyException /Users/runner/Library/Developer/Xcode/DerivedData/Document_Scan-gpyzovawczbcogekrckiypzonffc/Build/Intermediates.noindex/ArchiveIntermediates/Document_Scan/IntermediateBuildFilesPath/UninstalledProducts/iphoneos/FBAudienceNetwork.bundle (in target 'FBAudienceNetwork-FBAudienceNetwork' from project 'Pods')
    cd /Users/runner/work/Document_Scan/Document_Scan/Pods
    builtin-RegisterExecutionPolicyException /Users/runner/Library/Developer/Xcode/DerivedData/Document_Scan-gpyzovawczbcogekrckiypzonffc/Build/Intermediates.noindex/ArchiveIntermediates/Document_Scan/IntermediateBuildFilesPath/UninstalledProducts/iphoneos/FBAudienceNetwork.bundle

RegisterExecutionPolicyException /Users/runner/Library/Developer/Xcode/DerivedData/Document_Scan-gpyzovawczbcogekrckiypzonffc/Build/Intermediates.noindex/ArchiveIntermediates/Document_Scan/IntermediateBuildFilesPath/UninstalledProducts/iphoneos/TikTokBusinessSDK.bundle (in target 'Ads-Global-TikTokBusinessSDK' from project 'Pods')
    cd /Users/runner/work/Document_Scan/Document_Scan/Pods
    builtin-RegisterExecutionPolicyException /Users/runner/Library/Developer/Xcode/DerivedData/Document_Scan-gpyzovawczbcogekrckiypzonffc/Build/Intermediates.noindex/ArchiveIntermediates/Document_Scan/IntermediateBuildFilesPath/UninstalledProducts/iphoneos/TikTokBusinessSDK.bundle

PhaseScriptExecution [CP]\ Copy\ XCFrameworks /Users/runner/Library/Developer/Xcode/DerivedData/Document_Scan-gpyzovawczbcogekrckiypzonffc/Build/Intermediates.noindex/ArchiveIntermediates/Document_Scan/IntermediateBuildFilesPath/Pods.build/Release-iphoneos/MintegralAdSDK.build/Script-913B196655DE10582268512F07EAAD65.sh (in target 'MintegralAdSDK' from project 'Pods')
    cd /Users/runner/work/Document_Scan/Document_Scan/Pods
    /bin/sh -c /Users/runner/Library/Developer/Xcode/DerivedData/Document_Scan-gpyzovawczbcogekrckiypzonffc/Build/Intermediates.noindex/ArchiveIntermediates/Document_Scan/IntermediateBuildFilesPath/Pods.build/Release-iphoneos/MintegralAdSDK.build/Script-913B196655DE10582268512F07EAAD65.sh
Selected xcframework slice ios-arm64
rsync --delete -av --filter P .*.?????? --links --filter "- CVS/" --filter "- .svn/" --filter "- .git/" --filter "- .hg/" "/Users/runner/work/Document_Scan/Document_Scan/Pods/MintegralAdSDK/Fmk/MTGSDKBanner.xcframework/ios-arm64/*" "/Users/runner/Library/Developer/Xcode/DerivedData/Document_Scan-gpyzovawczbcogekrckiypzonffc/Build/Intermediates.noindex/ArchiveIntermediates/Document_Scan/BuildProductsPath/Release-iphoneos/XCFrameworkIntermediates/MintegralAdSDK/BannerAd"
Transfer starting: 14 files
MTGSDKBanner.framework/
MTGSDKBanner.framework/Info.plist
MTGSDKBanner.framework/MTGSDKBanner
MTGSDKBanner.framework/Headers/
MTGSDKBanner.framework/Headers/MTGBannerAdView.h
MTGSDKBanner.framework/Headers/MTGBannerAdViewDelegate.h
MTGSDKBanner.framework/Modules/
MTGSDKBanner.framework/Modules/module.modulemap
MTGSDKBanner.framework/_CodeSignature/
MTGSDKBanner.framework/_CodeSignature/CodeDirectory
MTGSDKBanner.framework/_CodeSignature/CodeRequirements
MTGSDKBanner.framework/_CodeSignature/CodeRequirements-1
MTGSDKBanner.framework/_CodeSignature/CodeResources
MTGSDKBanner.framework/_CodeSignature/CodeSignature

sent 301225 bytes  received 264 bytes  2022059 bytes/sec
total size is 299647  speedup is 0.99
Copied /Users/runner/work/Document_Scan/Document_Scan/Pods/MintegralAdSDK/Fmk/MTGSDKBanner.xcframework/ios-arm64 to /Users/runner/Library/Developer/Xcode/DerivedData/Document_Scan-gpyzovawczbcogekrckiypzonffc/Build/Intermediates.noindex/ArchiveIntermediates/Document_Scan/BuildProductsPath/Release-iphoneos/XCFrameworkIntermediates/MintegralAdSDK/BannerAd
Selected xcframework slice ios-arm64
rsync --delete -av --filter P .*.?????? --links --filter "- CVS/" --filter "- .svn/" --filter "- .git/" --filter "- .hg/" "/Users/runner/work/Document_Scan/Document_Scan/Pods/MintegralAdSDK/Fmk/MTGSDKBidding.xcframework/ios-arm64/*" "/Users/runner/Library/Developer/Xcode/DerivedData/Document_Scan-gpyzovawczbcogekrckiypzonffc/Build/Intermediates.noindex/ArchiveIntermediates/Document_Scan/BuildProductsPath/Release-iphoneos/XCFrameworkIntermediates/MintegralAdSDK/BidNativeAd"
Transfer starting: 20 files
MTGSDKBidding.framework/
MTGSDKBidding.framework/Info.plist
MTGSDKBidding.framework/MTGSDKBidding
MTGSDKBidding.framework/Headers/
MTGSDKBidding.framework/Headers/MTGBiddingBannerRequestParameter.h
MTGSDKBidding.framework/Headers/MTGBiddingHeader.h
MTGSDKBidding.framework/Headers/MTGBiddingNativeAdvancedAdRequestParameter.h
MTGSDKBidding.framework/Headers/MTGBiddingRequest.h
MTGSDKBidding.framework/Headers/MTGBiddingRequestParameter.h
MTGSDKBidding.framework/Headers/MTGBiddingResponse.h
MTGSDKBidding.framework/Headers/MTGBiddingSDK.h
MTGSDKBidding.framework/Headers/MTGBiddingSplashRequestParameter.h
MTGSDKBidding.framework/Modules/
MTGSDKBidding.framework/Modules/module.modulemap
MTGSDKBidding.framework/_CodeSignature/
MTGSDKBidding.framework/_CodeSignature/CodeDirectory
MTGSDKBidding.framework/_CodeSignature/CodeRequirements
MTGSDKBidding.framework/_CodeSignature/CodeRequirements-1
MTGSDKBidding.framework/_CodeSignature/CodeResources
MTGSDKBidding.framework/_CodeSignature/CodeSignature

sent 136339 bytes  received 396 bytes  1219759 bytes/sec
total size is 133978  speedup is 0.98
Copied /Users/runner/work/Document_Scan/Document_Scan/Pods/MintegralAdSDK/Fmk/MTGSDKBidding.xcframework/ios-arm64 to /Users/runner/Library/Developer/Xcode/DerivedData/Document_Scan-gpyzovawczbcogekrckiypzonffc/Build/Intermediates.noindex/ArchiveIntermediates/Document_Scan/BuildProductsPath/Release-iphoneos/XCFrameworkIntermediates/MintegralAdSDK/BidNativeAd
Selected xcframework slice ios-arm64
rsync --delete -av --filter P .*.?????? --links --filter "- CVS/" --filter "- .svn/" --filter "- .git/" --filter "- .hg/" "/Users/runner/work/Document_Scan/Document_Scan/Pods/MintegralAdSDK/Fmk/MTGSDKInterstitialVideo.xcframework/ios-arm64/*" "/Users/runner/Library/Developer/Xcode/DerivedData/Document_Scan-gpyzovawczbcogekrckiypzonffc/Build/Intermediates.noindex/ArchiveIntermediates/Document_Scan/BuildProductsPath/Release-iphoneos/XCFrameworkIntermediates/MintegralAdSDK/InterstitialVideoAd"
Transfer starting: 15 files
MTGSDKInterstitialVideo.framework/
MTGSDKInterstitialVideo.framework/Info.plist
MTGSDKInterstitialVideo.framework/MTGSDKInterstitialVideo
MTGSDKInterstitialVideo.framework/Headers/
MTGSDKInterstitialVideo.framework/Headers/MTGBidInterstitialVideoAdManager.h
MTGSDKInterstitialVideo.framework/Headers/MTGInterstitialVideoAd.h
MTGSDKInterstitialVideo.framework/Headers/MTGInterstitialVideoAdManager.h
MTGSDKInterstitialVideo.framework/Modules/
MTGSDKInterstitialVideo.framework/Modules/module.modulemap
MTGSDKInterstitialVideo.framework/_CodeSignature/
MTGSDKInterstitialVideo.framework/_CodeSignature/CodeDirectory
MTGSDKInterstitialVideo.framework/_CodeSignature/CodeRequirements
MTGSDKInterstitialVideo.framework/_CodeSignature/CodeRequirements-1
MTGSDKInterstitialVideo.framework/_CodeSignature/CodeResources
MTGSDKInterstitialVideo.framework/_CodeSignature/CodeSignature

sent 104757 bytes  received 286 bytes  664408 bytes/sec
total size is 102878  speedup is 0.98
Copied /Users/runner/work/Document_Scan/Document_Scan/Pods/MintegralAdSDK/Fmk/MTGSDKInterstitialVideo.xcframework/ios-arm64 to /Users/runner/Library/Developer/Xcode/DerivedData/Document_Scan-gpyzovawczbcogekrckiypzonffc/Build/Intermediates.noindex/ArchiveIntermediates/Document_Scan/BuildProductsPath/Release-iphoneos/XCFrameworkIntermediates/MintegralAdSDK/InterstitialVideoAd
Selected xcframework slice ios-arm64
rsync --delete -av --filter P .*.?????? --links --filter "- CVS/" --filter "- .svn/" --filter "- .git/" --filter "- .hg/" "/Users/runner/work/Document_Scan/Document_Scan/Pods/MintegralAdSDK/Fmk/MTGSDK.xcframework/ios-arm64/*" "/Users/runner/Library/Developer/Xcode/DerivedData/Document_Scan-gpyzovawczbcogekrckiypzonffc/Build/Intermediates.noindex/ArchiveIntermediates/Document_Scan/BuildProductsPath/Release-iphoneos/XCFrameworkIntermediates/MintegralAdSDK/NativeAd"
Transfer starting: 36 files
MTGSDK.framework/
MTGSDK.framework/Info.plist
MTGSDK.framework/MTGSDK
MTGSDK.framework/PrivacyInfo.xcprivacy
MTGSDK.framework/Headers/
MTGSDK.framework/Headers/MTGAdChoicesView.h
MTGSDK.framework/Headers/MTGAdSize.h
MTGSDK.framework/Headers/MTGBidNativeAdManager.h
MTGSDK.framework/Headers/MTGBool.h
MTGSDK.framework/Headers/MTGCampaign.h
MTGSDK.framework/Headers/MTGErrorCodeConstant.h
MTGSDK.framework/Headers/MTGFrame.h
MTGSDK.framework/Headers/MTGMediaView.h
MTGSDK.framework/Headers/MTGNativeAd.h
MTGSDK.framework/Headers/MTGNativeAdManager.h
MTGSDK.framework/Headers/MTGRewardAdInfo.h
MTGSDK.framework/Headers/MTGSDK-Swift.h
MTGSDK.framework/Headers/MTGSDK.h
MTGSDK.framework/Headers/MTGSDKUmbrellaHeaders.h
MTGSDK.framework/Headers/MTGTemplate.h
MTGSDK.framework/Headers/MTGTrackAdRevenue.h
MTGSDK.framework/Headers/MTGTrackAdRevenueModel.h
MTGSDK.framework/Headers/MTGUserInfo.h
MTGSDK.framework/Modules/
MTGSDK.framework/Modules/module.modulemap
MTGSDK.framework/Modules/MTGSDK.swiftmodule/
MTGSDK.framework/Modules/MTGSDK.swiftmodule/arm64-apple-ios.abi.json
MTGSDK.framework/Modules/MTGSDK.swiftmodule/arm64-apple-ios.private.swiftinterface
MTGSDK.framework/Modules/MTGSDK.swiftmodule/arm64-apple-ios.swiftdoc
MTGSDK.framework/Modules/MTGSDK.swiftmodule/arm64-apple-ios.swiftinterface
MTGSDK.framework/_CodeSignature/
MTGSDK.framework/_CodeSignature/CodeDirectory
MTGSDK.framework/_CodeSignature/CodeRequirements
MTGSDK.framework/_CodeSignature/CodeRequirements-1
MTGSDK.framework/_CodeSignature/CodeResources
MTGSDK.framework/_CodeSignature/CodeSignature

sent 15179458 bytes  received 732 bytes  21468236 bytes/sec
total size is 15173625  speedup is 1.00
Copied /Users/runner/work/Document_Scan/Document_Scan/Pods/MintegralAdSDK/Fmk/MTGSDK.xcframework/ios-arm64 to /Users/runner/Library/Developer/Xcode/DerivedData/Document_Scan-gpyzovawczbcogekrckiypzonffc/Build/Intermediates.noindex/ArchiveIntermediates/Document_Scan/BuildProductsPath/Release-iphoneos/XCFrameworkIntermediates/MintegralAdSDK/NativeAd
Selected xcframework slice ios-arm64
rsync --delete -av --filter P .*.?????? --links --filter "- CVS/" --filter "- .svn/" --filter "- .git/" --filter "- .hg/" "/Users/runner/work/Document_Scan/Document_Scan/Pods/MintegralAdSDK/Fmk/MTGSDKNativeAdvanced.xcframework/ios-arm64/*" "/Users/runner/Library/Developer/Xcode/DerivedData/Document_Scan-gpyzovawczbcogekrckiypzonffc/Build/Intermediates.noindex/ArchiveIntermediates/Document_Scan/BuildProductsPath/Release-iphoneos/XCFrameworkIntermediates/MintegralAdSDK/NativeAdvancedAd"
Transfer starting: 14 files
MTGSDKNativeAdvanced.framework/
MTGSDKNativeAdvanced.framework/Info.plist
MTGSDKNativeAdvanced.framework/MTGSDKNativeAdvanced
MTGSDKNativeAdvanced.framework/Headers/
MTGSDKNativeAdvanced.framework/Headers/MTGNativeAdvancedAd.h
MTGSDKNativeAdvanced.framework/Headers/MTGNativeAdvancedAdDelegate.h
MTGSDKNativeAdvanced.framework/Modules/
MTGSDKNativeAdvanced.framework/Modules/module.modulemap
MTGSDKNativeAdvanced.framework/_CodeSignature/
MTGSDKNativeAdvanced.framework/_CodeSignature/CodeDirectory
MTGSDKNativeAdvanced.framework/_CodeSignature/CodeRequirements
MTGSDKNativeAdvanced.framework/_CodeSignature/CodeRequirements-1
MTGSDKNativeAdvanced.framework/_CodeSignature/CodeResources
MTGSDKNativeAdvanced.framework/_CodeSignature/CodeSignature

sent 106604 bytes  received 264 bytes  4257689 bytes/sec
total size is 104922  speedup is 0.98
Copied /Users/runner/work/Document_Scan/Document_Scan/Pods/MintegralAdSDK/Fmk/MTGSDKNativeAdvanced.xcframework/ios-arm64 to /Users/runner/Library/Developer/Xcode/DerivedData/Document_Scan-gpyzovawczbcogekrckiypzonffc/Build/Intermediates.noindex/ArchiveIntermediates/Document_Scan/BuildProductsPath/Release-iphoneos/XCFrameworkIntermediates/MintegralAdSDK/NativeAdvancedAd
Selected xcframework slice ios-arm64
rsync --delete -av --filter P .*.?????? --links --filter "- CVS/" --filter "- .svn/" --filter "- .git/" --filter "- .hg/" "/Users/runner/work/Document_Scan/Document_Scan/Pods/MintegralAdSDK/Fmk/MTGSDKNewInterstitial.xcframework/ios-arm64/*" "/Users/runner/Library/Developer/Xcode/DerivedData/Document_Scan-gpyzovawczbcogekrckiypzonffc/Build/Intermediates.noindex/ArchiveIntermediates/Document_Scan/BuildProductsPath/Release-iphoneos/XCFrameworkIntermediates/MintegralAdSDK/NewInterstitialAd"
Transfer starting: 15 files
MTGSDKNewInterstitial.framework/
MTGSDKNewInterstitial.framework/Info.plist
MTGSDKNewInterstitial.framework/MTGSDKNewInterstitial
MTGSDKNewInterstitial.framework/Headers/
MTGSDKNewInterstitial.framework/Headers/MTGNewInterstitialAdManager.h
MTGSDKNewInterstitial.framework/Headers/MTGNewInterstitialBidAdManager.h
MTGSDKNewInterstitial.framework/Headers/MTGSDKNewInterstitial.h
MTGSDKNewInterstitial.framework/Modules/
MTGSDKNewInterstitial.framework/Modules/module.modulemap
MTGSDKNewInterstitial.framework/_CodeSignature/
MTGSDKNewInterstitial.framework/_CodeSignature/CodeDirectory
MTGSDKNewInterstitial.framework/_CodeSignature/CodeRequirements
MTGSDKNewInterstitial.framework/_CodeSignature/CodeRequirements-1
MTGSDKNewInterstitial.framework/_CodeSignature/CodeResources
MTGSDKNewInterstitial.framework/_CodeSignature/CodeSignature

sent 89375 bytes  received 286 bytes  8077567 bytes/sec
total size is 87537  speedup is 0.98
Copied /Users/runner/work/Document_Scan/Document_Scan/Pods/MintegralAdSDK/Fmk/MTGSDKNewInterstitial.xcframework/ios-arm64 to /Users/runner/Library/Developer/Xcode/DerivedData/Document_Scan-gpyzovawczbcogekrckiypzonffc/Build/Intermediates.noindex/ArchiveIntermediates/Document_Scan/BuildProductsPath/Release-iphoneos/XCFrameworkIntermediates/MintegralAdSDK/NewInterstitialAd
Selected xcframework slice ios-arm64
rsync --delete -av --filter P .*.?????? --links --filter "- CVS/" --filter "- .svn/" --filter "- .git/" --filter "- .hg/" "/Users/runner/work/Document_Scan/Document_Scan/Pods/MintegralAdSDK/Fmk/MTGSDKReward.xcframework/ios-arm64/*" "/Users/runner/Library/Developer/Xcode/DerivedData/Document_Scan-gpyzovawczbcogekrckiypzonffc/Build/Intermediates.noindex/ArchiveIntermediates/Document_Scan/BuildProductsPath/Release-iphoneos/XCFrameworkIntermediates/MintegralAdSDK/RewardVideoAd"
Transfer starting: 15 files
MTGSDKReward.framework/
MTGSDKReward.framework/Info.plist
MTGSDKReward.framework/MTGSDKReward
MTGSDKReward.framework/Headers/
MTGSDKReward.framework/Headers/MTGBidRewardAdManager.h
MTGSDKReward.framework/Headers/MTGRewardAd.h
MTGSDKReward.framework/Headers/MTGRewardAdManager.h
MTGSDKReward.framework/Modules/
MTGSDKReward.framework/Modules/module.modulemap
MTGSDKReward.framework/_CodeSignature/
MTGSDKReward.framework/_CodeSignature/CodeDirectory
MTGSDKReward.framework/_CodeSignature/CodeRequirements
MTGSDKReward.framework/_CodeSignature/CodeRequirements-1
MTGSDKReward.framework/_CodeSignature/CodeResources
MTGSDKReward.framework/_CodeSignature/CodeSignature

sent 95918 bytes  received 286 bytes  7950743 bytes/sec
total size is 94248  speedup is 0.98
Copied /Users/runner/work/Document_Scan/Document_Scan/Pods/MintegralAdSDK/Fmk/MTGSDKReward.xcframework/ios-arm64 to /Users/runner/Library/Developer/Xcode/DerivedData/Document_Scan-gpyzovawczbcogekrckiypzonffc/Build/Intermediates.noindex/ArchiveIntermediates/Document_Scan/BuildProductsPath/Release-iphoneos/XCFrameworkIntermediates/MintegralAdSDK/RewardVideoAd
Selected xcframework slice ios-arm64
rsync --delete -av --filter P .*.?????? --links --filter "- CVS/" --filter "- .svn/" --filter "- .git/" --filter "- .hg/" "/Users/runner/work/Document_Scan/Document_Scan/Pods/MintegralAdSDK/Fmk/MTGSDKSplash.xcframework/ios-arm64/*" "/Users/runner/Library/Developer/Xcode/DerivedData/Document_Scan-gpyzovawczbcogekrckiypzonffc/Build/Intermediates.noindex/ArchiveIntermediates/Document_Scan/BuildProductsPath/Release-iphoneos/XCFrameworkIntermediates/MintegralAdSDK/SplashAd"
Transfer starting: 13 files
MTGSDKSplash.framework/
MTGSDKSplash.framework/Info.plist
MTGSDKSplash.framework/MTGSDKSplash
MTGSDKSplash.framework/Headers/
MTGSDKSplash.framework/Headers/MTGSplashAD.h
MTGSDKSplash.framework/Modules/
MTGSDKSplash.framework/Modules/module.modulemap
MTGSDKSplash.framework/_CodeSignature/
MTGSDKSplash.framework/_CodeSignature/CodeDirectory
MTGSDKSplash.framework/_CodeSignature/CodeRequirements
MTGSDKSplash.framework/_CodeSignature/CodeRequirements-1
MTGSDKSplash.framework/_CodeSignature/CodeResources
MTGSDKSplash.framework/_CodeSignature/CodeSignature

sent 624420 bytes  received 242 bytes  41368344 bytes/sec
total size is 622933  speedup is 1.00
Copied /Users/runner/work/Document_Scan/Document_Scan/Pods/MintegralAdSDK/Fmk/MTGSDKSplash.xcframework/ios-arm64 to /Users/runner/Library/Developer/Xcode/DerivedData/Document_Scan-gpyzovawczbcogekrckiypzonffc/Build/Intermediates.noindex/ArchiveIntermediates/Document_Scan/BuildProductsPath/Release-iphoneos/XCFrameworkIntermediates/MintegralAdSDK/SplashAd

Touch /Users/runner/Library/Developer/Xcode/DerivedData/Document_Scan-gpyzovawczbcogekrckiypzonffc/Build/Intermediates.noindex/ArchiveIntermediates/Document_Scan/IntermediateBuildFilesPath/UninstalledProducts/iphoneos/FBAudienceNetwork.bundle (in target 'FBAudienceNetwork-FBAudienceNetwork' from project 'Pods')
    cd /Users/runner/work/Document_Scan/Document_Scan/Pods
    /usr/bin/touch -c /Users/runner/Library/Developer/Xcode/DerivedData/Document_Scan-gpyzovawczbcogekrckiypzonffc/Build/Intermediates.noindex/ArchiveIntermediates/Document_Scan/IntermediateBuildFilesPath/UninstalledProducts/iphoneos/FBAudienceNetwork.bundle

RegisterExecutionPolicyException /Users/runner/Library/Developer/Xcode/DerivedData/Document_Scan-gpyzovawczbcogekrckiypzonffc/Build/Intermediates.noindex/ArchiveIntermediates/Document_Scan/IntermediateBuildFilesPath/UninstalledProducts/iphoneos/AdsGlobalSDK.bundle (in target 'Ads-Global-AdsGlobalSDK' from project 'Pods')
    cd /Users/runner/work/Document_Scan/Document_Scan/Pods
    builtin-RegisterExecutionPolicyException /Users/runner/Library/Developer/Xcode/DerivedData/Document_Scan-gpyzovawczbcogekrckiypzonffc/Build/Intermediates.noindex/ArchiveIntermediates/Document_Scan/IntermediateBuildFilesPath/UninstalledProducts/iphoneos/AdsGlobalSDK.bundle

Touch /Users/runner/Library/Developer/Xcode/DerivedData/Document_Scan-gpyzovawczbcogekrckiypzonffc/Build/Intermediates.noindex/ArchiveIntermediates/Document_Scan/IntermediateBuildFilesPath/UninstalledProducts/iphoneos/TikTokBusinessSDK.bundle (in target 'Ads-Global-TikTokBusinessSDK' from project 'Pods')
    cd /Users/runner/work/Document_Scan/Document_Scan/Pods
    /usr/bin/touch -c /Users/runner/Library/Developer/Xcode/DerivedData/Document_Scan-gpyzovawczbcogekrckiypzonffc/Build/Intermediates.noindex/ArchiveIntermediates/Document_Scan/IntermediateBuildFilesPath/UninstalledProducts/iphoneos/TikTokBusinessSDK.bundle

PhaseScriptExecution [CP]\ Copy\ XCFrameworks /Users/runner/Library/Developer/Xcode/DerivedData/Document_Scan-gpyzovawczbcogekrckiypzonffc/Build/Intermediates.noindex/ArchiveIntermediates/Document_Scan/IntermediateBuildFilesPath/Pods.build/Release-iphoneos/FBAudienceNetwork.build/Script-0B30F088A2909E57C202CEE685795F3A.sh (in target 'FBAudienceNetwork' from project 'Pods')
    cd /Users/runner/work/Document_Scan/Document_Scan/Pods
    /bin/sh -c /Users/runner/Library/Developer/Xcode/DerivedData/Document_Scan-gpyzovawczbcogekrckiypzonffc/Build/Intermediates.noindex/ArchiveIntermediates/Document_Scan/IntermediateBuildFilesPath/Pods.build/Release-iphoneos/FBAudienceNetwork.build/Script-0B30F088A2909E57C202CEE685795F3A.sh
Selected xcframework slice ios-arm64
rsync --delete -av --filter P .*.?????? --links --filter "- CVS/" --filter "- .svn/" --filter "- .git/" --filter "- .hg/" "/Users/runner/work/Document_Scan/Document_Scan/Pods/FBAudienceNetwork/Dynamic/FBAudienceNetwork.xcframework/ios-arm64/*" "/Users/runner/Library/Developer/Xcode/DerivedData/Document_Scan-gpyzovawczbcogekrckiypzonffc/Build/Intermediates.noindex/ArchiveIntermediates/Document_Scan/BuildProductsPath/Release-iphoneos/XCFrameworkIntermediates/FBAudienceNetwork"
Transfer starting: 57 files
FBAudienceNetwork.framework/
FBAudienceNetwork.framework/FBAudienceNetwork
FBAudienceNetwork.framework/Info.plist
FBAudienceNetwork.framework/PkgInfo
FBAudienceNetwork.framework/PrivacyInfo.xcprivacy
FBAudienceNetwork.framework/Headers/
FBAudienceNetwork.framework/Headers/FBAdBridgeCommon.h
FBAudienceNetwork.framework/Headers/FBAdBridgeContainer.h
FBAudienceNetwork.framework/Headers/FBAdChoicesView.h
FBAudienceNetwork.framework/Headers/FBAdCompanionView.h
FBAudienceNetwork.framework/Headers/FBAdDefines.h
FBAudienceNetwork.framework/Headers/FBAdExperienceConfig.h
FBAudienceNetwork.framework/Headers/FBAdExtraHint.h
FBAudienceNetwork.framework/Headers/FBAdIconView.h
FBAudienceNetwork.framework/Headers/FBAdImage.h
FBAudienceNetwork.framework/Headers/FBAdOptionsView.h
FBAudienceNetwork.framework/Headers/FBAdSDKNotificationManager.h
FBAudienceNetwork.framework/Headers/FBAdSettings.h
FBAudienceNetwork.framework/Headers/FBAdSettingsBridge.h
FBAudienceNetwork.framework/Headers/FBAdSize.h
FBAudienceNetwork.framework/Headers/FBAdUtilityBridge.h
FBAudienceNetwork.framework/Headers/FBAdView.h
FBAudienceNetwork.framework/Headers/FBAdViewBridge.h
FBAudienceNetwork.framework/Headers/FBAudienceNetwork.h
FBAudienceNetwork.framework/Headers/FBAudienceNetworkAds.h
FBAudienceNetwork.framework/Headers/FBBaseDefines.h
FBAudienceNetwork.framework/Headers/FBCMockDefines.h
FBAudienceNetwork.framework/Headers/FBDefines.h
FBAudienceNetwork.framework/Headers/FBDynamicBannerAd.h
FBAudienceNetwork.framework/Headers/FBInterstitialAd.h
FBAudienceNetwork.framework/Headers/FBInterstitialAdBridge.h
FBAudienceNetwork.framework/Headers/FBMediaView.h
FBAudienceNetwork.framework/Headers/FBMediaViewVideoRenderer.h
FBAudienceNetwork.framework/Headers/FBNativeAd.h
FBAudienceNetwork.framework/Headers/FBNativeAdBase.h
FBAudienceNetwork.framework/Headers/FBNativeAdBaseView.h
FBAudienceNetwork.framework/Headers/FBNativeAdCollectionViewAdProvider.h
FBAudienceNetwork.framework/Headers/FBNativeAdCollectionViewCellProvider.h
FBAudienceNetwork.framework/Headers/FBNativeAdScrollView.h
FBAudienceNetwork.framework/Headers/FBNativeAdTableViewAdProvider.h
FBAudienceNetwork.framework/Headers/FBNativeAdTableViewCellProvider.h
FBAudienceNetwork.framework/Headers/FBNativeAdView.h
FBAudienceNetwork.framework/Headers/FBNativeAdViewAttributes.h
FBAudienceNetwork.framework/Headers/FBNativeAdsManager.h
FBAudienceNetwork.framework/Headers/FBNativeBannerAd.h
FBAudienceNetwork.framework/Headers/FBNativeBannerAdView.h
FBAudienceNetwork.framework/Headers/FBRewardedInterstitialAd.h
FBAudienceNetwork.framework/Headers/FBRewardedVideoAd.h
FBAudienceNetwork.framework/Headers/FBRewardedVideoAdBridge.h
FBAudienceNetwork.framework/Headers/PikaOptimizationsMacros.h
FBAudienceNetwork.framework/Headers/UIView+FBNativeAdViewTag.h
FBAudienceNetwork.framework/Headers/lang.h
FBAudienceNetwork.framework/Headers/switch.h
FBAudienceNetwork.framework/Modules/
FBAudienceNetwork.framework/Modules/module.modulemap
FBAudienceNetwork.framework/_CodeSignature/
FBAudienceNetwork.framework/_CodeSignature/CodeResources

sent 7225291 bytes  received 1210 bytes  7794737 bytes/sec
total size is 7217423  speedup is 1.00
Copied /Users/runner/work/Document_Scan/Document_Scan/Pods/FBAudienceNetwork/Dynamic/FBAudienceNetwork.xcframework/ios-arm64 to /Users/runner/Library/Developer/Xcode/DerivedData/Document_Scan-gpyzovawczbcogekrckiypzonffc/Build/Intermediates.noindex/ArchiveIntermediates/Document_Scan/BuildProductsPath/Release-iphoneos/XCFrameworkIntermediates/FBAudienceNetwork

Touch /Users/runner/Library/Developer/Xcode/DerivedData/Document_Scan-gpyzovawczbcogekrckiypzonffc/Build/Intermediates.noindex/ArchiveIntermediates/Document_Scan/IntermediateBuildFilesPath/UninstalledProducts/iphoneos/AdsGlobalSDK.bundle (in target 'Ads-Global-AdsGlobalSDK' from project 'Pods')
    cd /Users/runner/work/Document_Scan/Document_Scan/Pods
    /usr/bin/touch -c /Users/runner/Library/Developer/Xcode/DerivedData/Document_Scan-gpyzovawczbcogekrckiypzonffc/Build/Intermediates.noindex/ArchiveIntermediates/Document_Scan/IntermediateBuildFilesPath/UninstalledProducts/iphoneos/AdsGlobalSDK.bundle

PhaseScriptExecution [CP]\ Copy\ XCFrameworks /Users/runner/Library/Developer/Xcode/DerivedData/Document_Scan-gpyzovawczbcogekrckiypzonffc/Build/Intermediates.noindex/ArchiveIntermediates/Document_Scan/IntermediateBuildFilesPath/Pods.build/Release-iphoneos/TPNMediationFacebookAdapter.build/Script-F02F3C1FE677D6723A46C31264EF59C7.sh (in target 'TPNMediationFacebookAdapter' from project 'Pods')
    cd /Users/runner/work/Document_Scan/Document_Scan/Pods
    /bin/sh -c /Users/runner/Library/Developer/Xcode/DerivedData/Document_Scan-gpyzovawczbcogekrckiypzonffc/Build/Intermediates.noindex/ArchiveIntermediates/Document_Scan/IntermediateBuildFilesPath/Pods.build/Release-iphoneos/TPNMediationFacebookAdapter.build/Script-F02F3C1FE677D6723A46C31264EF59C7.sh
Selected xcframework slice ios-arm64
rsync --delete -av --filter P .*.?????? --links --filter "- CVS/" --filter "- .svn/" --filter "- .git/" --filter "- .hg/" "/Users/runner/work/Document_Scan/Document_Scan/Pods/TPNMediationFacebookAdapter/AnyThinkFacebookAdapter-6.21.1.0/AnyThinkFacebookAdapter.xcframework/ios-arm64/*" "/Users/runner/Library/Developer/Xcode/DerivedData/Document_Scan-gpyzovawczbcogekrckiypzonffc/Build/Intermediates.noindex/ArchiveIntermediates/Document_Scan/BuildProductsPath/Release-iphoneos/XCFrameworkIntermediates/TPNMediationFacebookAdapter"
Transfer starting: 8 files
AnyThinkFacebookAdapter.framework/
AnyThinkFacebookAdapter.framework/AnyThinkFacebookAdapter
AnyThinkFacebookAdapter.framework/Info.plist
AnyThinkFacebookAdapter.framework/Headers/
AnyThinkFacebookAdapter.framework/Headers/ATFacebookConfigure.h
AnyThinkFacebookAdapter.framework/Headers/AnyThinkFacebookAdapter.h
AnyThinkFacebookAdapter.framework/Modules/
AnyThinkFacebookAdapter.framework/Modules/module.modulemap

sent 295312 bytes  received 148 bytes  29253465 bytes/sec
total size is 294317  speedup is 1.00
Copied /Users/runner/work/Document_Scan/Document_Scan/Pods/TPNMediationFacebookAdapter/AnyThinkFacebookAdapter-6.21.1.0/AnyThinkFacebookAdapter.xcframework/ios-arm64 to /Users/runner/Library/Developer/Xcode/DerivedData/Document_Scan-gpyzovawczbcogekrckiypzonffc/Build/Intermediates.noindex/ArchiveIntermediates/Document_Scan/BuildProductsPath/Release-iphoneos/XCFrameworkIntermediates/TPNMediationFacebookAdapter

ProcessInfoPlistFile /Users/runner/Library/Developer/Xcode/DerivedData/Document_Scan-gpyzovawczbcogekrckiypzonffc/Build/Intermediates.noindex/ArchiveIntermediates/Document_Scan/IntermediateBuildFilesPath/UninstalledProducts/iphoneos/WYYKit.framework/Info.plist /Users/runner/work/Document_Scan/Document_Scan/Pods/Target\ Support\ Files/WYYKit/WYYKit-Info.plist (in target 'WYYKit' from project 'Pods')
    cd /Users/runner/work/Document_Scan/Document_Scan/Pods
    builtin-infoPlistUtility /Users/runner/work/Document_Scan/Document_Scan/Pods/Target\ Support\ Files/WYYKit/WYYKit-Info.plist -producttype com.apple.product-type.framework -expandbuildsettings -format binary -platform iphoneos -requiredArchitecture arm64 -o /Users/runner/Library/Developer/Xcode/DerivedData/Document_Scan-gpyzovawczbcogekrckiypzonffc/Build/Intermediates.noindex/ArchiveIntermediates/Document_Scan/IntermediateBuildFilesPath/UninstalledProducts/iphoneos/WYYKit.framework/Info.plist

PhaseScriptExecution [CP]\ Copy\ XCFrameworks /Users/runner/Library/Developer/Xcode/DerivedData/Document_Scan-gpyzovawczbcogekrckiypzonffc/Build/Intermediates.noindex/ArchiveIntermediates/Document_Scan/IntermediateBuildFilesPath/Pods.build/Release-iphoneos/Ads-Global.build/Script-96073457A6C62E689A6C424BD036C842.sh (in target 'Ads-Global' from project 'Pods')
    cd /Users/runner/work/Document_Scan/Document_Scan/Pods
    /bin/sh -c /Users/runner/Library/Developer/Xcode/DerivedData/Document_Scan-gpyzovawczbcogekrckiypzonffc/Build/Intermediates.noindex/ArchiveIntermediates/Document_Scan/IntermediateBuildFilesPath/Pods.build/Release-iphoneos/Ads-Global.build/Script-96073457A6C62E689A6C424BD036C842.sh
Selected xcframework slice ios-arm64
rsync --delete -av --filter P .*.?????? --links --filter "- CVS/" --filter "- .svn/" --filter "- .git/" --filter "- .hg/" "/Users/runner/work/Document_Scan/Document_Scan/Pods/Ads-Global/SDK/PAGAdSDK.xcframework/ios-arm64/*" "/Users/runner/Library/Developer/Xcode/DerivedData/Document_Scan-gpyzovawczbcogekrckiypzonffc/Build/Intermediates.noindex/ArchiveIntermediates/Document_Scan/BuildProductsPath/Release-iphoneos/XCFrameworkIntermediates/Ads-Global/PangleSDK"
Transfer starting: 37 files
PAGAdSDK.framework/
PAGAdSDK.framework/Info.plist
PAGAdSDK.framework/PAGAdSDK
PAGAdSDK.framework/PrivacyInfo.xcprivacy
PAGAdSDK.framework/Headers/
PAGAdSDK.framework/Headers/PAGAdClientBiddingProtocol.h
PAGAdSDK.framework/Headers/PAGAdDelegate.h
PAGAdSDK.framework/Headers/PAGAdProtocol.h
PAGAdSDK.framework/Headers/PAGAdSDK.h
PAGAdSDK.framework/Headers/PAGAdSize.h
PAGAdSDK.framework/Headers/PAGAppOpenRequest.h
PAGAdSDK.framework/Headers/PAGBannerAd.h
PAGAdSDK.framework/Headers/PAGBannerAdDelegate.h
PAGAdSDK.framework/Headers/PAGBannerRequest.h
PAGAdSDK.framework/Headers/PAGBiddingRequest.h
PAGAdSDK.framework/Headers/PAGConfig.h
PAGAdSDK.framework/Headers/PAGInterstitialRequest.h
PAGAdSDK.framework/Headers/PAGLAppOpenAd.h
PAGAdSDK.framework/Headers/PAGLAppOpenAdDelegate.h
PAGAdSDK.framework/Headers/PAGLImage.h
PAGAdSDK.framework/Headers/PAGLInterstitialAd.h
PAGAdSDK.framework/Headers/PAGLInterstitialAdDelegate.h
PAGAdSDK.framework/Headers/PAGLMaterialMeta.h
PAGAdSDK.framework/Headers/PAGLNativeAd.h
PAGAdSDK.framework/Headers/PAGLNativeAdDelegate.h
PAGAdSDK.framework/Headers/PAGLNativeAdRelatedView.h
PAGAdSDK.framework/Headers/PAGMAdNetworkExtras.h
PAGAdSDK.framework/Headers/PAGMediaView.h
PAGAdSDK.framework/Headers/PAGNativeRequest.h
PAGAdSDK.framework/Headers/PAGRequest.h
PAGAdSDK.framework/Headers/PAGRewardModel.h
PAGAdSDK.framework/Headers/PAGRewardedAd.h
PAGAdSDK.framework/Headers/PAGRewardedAdDelegate.h
PAGAdSDK.framework/Headers/PAGRewardedRequest.h
PAGAdSDK.framework/Headers/PAGSdk.h
PAGAdSDK.framework/Modules/
PAGAdSDK.framework/Modules/module.modulemap

sent 114702505 bytes  received 786 bytes  84334454 bytes/sec
total size is 114684349  speedup is 1.00
Copied /Users/runner/work/Document_Scan/Document_Scan/Pods/Ads-Global/SDK/PAGAdSDK.xcframework/ios-arm64 to /Users/runner/Library/Developer/Xcode/DerivedData/Document_Scan-gpyzovawczbcogekrckiypzonffc/Build/Intermediates.noindex/ArchiveIntermediates/Document_Scan/BuildProductsPath/Release-iphoneos/XCFrameworkIntermediates/Ads-Global/PangleSDK
Selected xcframework slice ios-arm64
rsync --delete -av --filter P .*.?????? --links --filter "- CVS/" --filter "- .svn/" --filter "- .git/" --filter "- .hg/" "/Users/runner/work/Document_Scan/Document_Scan/Pods/Ads-Global/SDK/TikTokBusinessSDK.xcframework/ios-arm64/*" "/Users/runner/Library/Developer/Xcode/DerivedData/Document_Scan-gpyzovawczbcogekrckiypzonffc/Build/Intermediates.noindex/ArchiveIntermediates/Document_Scan/BuildProductsPath/Release-iphoneos/XCFrameworkIntermediates/Ads-Global/TikTokBusinessSDK"
Transfer starting: 48 files
TikTokBusinessSDK.framework/
TikTokBusinessSDK.framework/Info.plist
TikTokBusinessSDK.framework/PrivacyInfo.xcprivacy
TikTokBusinessSDK.framework/TikTokBusinessSDK
TikTokBusinessSDK.framework/Headers/
TikTokBusinessSDK.framework/Headers/NSObject+TikTokAdditions.h
TikTokBusinessSDK.framework/Headers/TikTokAdditions.h
TikTokBusinessSDK.framework/Headers/TikTokAppEvent.h
TikTokBusinessSDK.framework/Headers/TikTokAppEventUtility.h
TikTokBusinessSDK.framework/Headers/TikTokBaseEvent.h
TikTokBusinessSDK.framework/Headers/TikTokBaseEventPersistence.h
TikTokBusinessSDK.framework/Headers/TikTokBusiness+private.h
TikTokBusinessSDK.framework/Headers/TikTokBusiness.h
TikTokBusinessSDK.framework/Headers/TikTokBusinessSDK-Event-umbrella.h
TikTokBusinessSDK.framework/Headers/TikTokBusinessSDK.h
TikTokBusinessSDK.framework/Headers/TikTokBusinessSDKAddress.h
TikTokBusinessSDK.framework/Headers/TikTokBusinessSDKMacros.h
TikTokBusinessSDK.framework/Headers/TikTokConfig.h
TikTokBusinessSDK.framework/Headers/TikTokConstants.h
TikTokBusinessSDK.framework/Headers/TikTokContentsEvent.h
TikTokBusinessSDK.framework/Headers/TikTokCurrencyUtility.h
TikTokBusinessSDK.framework/Headers/TikTokCypher.h
TikTokBusinessSDK.framework/Headers/TikTokDatabase.h
TikTokBusinessSDK.framework/Headers/TikTokDebugInfo.h
TikTokBusinessSDK.framework/Headers/TikTokDeviceInfo.h
TikTokBusinessSDK.framework/Headers/TikTokEDPConfig.h
TikTokBusinessSDK.framework/Headers/TikTokErrorHandler.h
TikTokBusinessSDK.framework/Headers/TikTokEventLogger.h
TikTokBusinessSDK.framework/Headers/TikTokFactory.h
TikTokBusinessSDK.framework/Headers/TikTokIdentifyUtility.h
TikTokBusinessSDK.framework/Headers/TikTokLogger.h
TikTokBusinessSDK.framework/Headers/TikTokPaymentObserver.h
TikTokBusinessSDK.framework/Headers/TikTokRequestHandler.h
TikTokBusinessSDK.framework/Headers/TikTokSKANEventPersistence.h
TikTokBusinessSDK.framework/Headers/TikTokSKAdNetworkConversionConfiguration.h
TikTokBusinessSDK.framework/Headers/TikTokSKAdNetworkRule.h
TikTokBusinessSDK.framework/Headers/TikTokSKAdNetworkRuleEvent.h
TikTokBusinessSDK.framework/Headers/TikTokSKAdNetworkSupport.h
TikTokBusinessSDK.framework/Headers/TikTokSKAdNetworkWindow.h
TikTokBusinessSDK.framework/Headers/TikTokTypeUtility.h
TikTokBusinessSDK.framework/Headers/TikTokUnityBridge.h
TikTokBusinessSDK.framework/Headers/TikTokUserAgentCollector.h
TikTokBusinessSDK.framework/Headers/TikTokViewUtility.h
TikTokBusinessSDK.framework/Headers/UIApplication+TikTokAdditions.h
TikTokBusinessSDK.framework/Headers/UIDevice+TikTokAdditions.h
TikTokBusinessSDK.framework/Headers/UIViewController+TikTokAdditions.h
TikTokBusinessSDK.framework/Modules/
TikTokBusinessSDK.framework/Modules/module.modulemap

sent 1589586 bytes  received 1028 bytes  48054803 bytes/sec
total size is 1583336  speedup is 1.00
Copied /Users/runner/work/Document_Scan/Document_Scan/Pods/Ads-Global/SDK/TikTokBusinessSDK.xcframework/ios-arm64 to /Users/runner/Library/Developer/Xcode/DerivedData/Document_Scan-gpyzovawczbcogekrckiypzonffc/Build/Intermediates.noindex/ArchiveIntermediates/Document_Scan/BuildProductsPath/Release-iphoneos/XCFrameworkIntermediates/Ads-Global/TikTokBusinessSDK

PhaseScriptExecution [CP]\ Copy\ XCFrameworks /Users/runner/Library/Developer/Xcode/DerivedData/Document_Scan-gpyzovawczbcogekrckiypzonffc/Build/Intermediates.noindex/ArchiveIntermediates/Document_Scan/IntermediateBuildFilesPath/Pods.build/Release-iphoneos/TPNMediationMintegralAdapter.build/Script-D7BDDAAD7995DA38BB89991B30E3B566.sh (in target 'TPNMediationMintegralAdapter' from project 'Pods')
    cd /Users/runner/work/Document_Scan/Document_Scan/Pods
    /bin/sh -c /Users/runner/Library/Developer/Xcode/DerivedData/Document_Scan-gpyzovawczbcogekrckiypzonffc/Build/Intermediates.noindex/ArchiveIntermediates/Document_Scan/IntermediateBuildFilesPath/Pods.build/Release-iphoneos/TPNMediationMintegralAdapter.build/Script-D7BDDAAD7995DA38BB89991B30E3B566.sh
Selected xcframework slice ios-arm64
rsync --delete -av --filter P .*.?????? --links --filter "- CVS/" --filter "- .svn/" --filter "- .git/" --filter "- .hg/" "/Users/runner/work/Document_Scan/Document_Scan/Pods/TPNMediationMintegralAdapter/AnyThinkMintegralAdapter-8.0.4.0/AnyThinkMintegralAdapter.xcframework/ios-arm64/*" "/Users/runner/Library/Developer/Xcode/DerivedData/Document_Scan-gpyzovawczbcogekrckiypzonffc/Build/Intermediates.noindex/ArchiveIntermediates/Document_Scan/BuildProductsPath/Release-iphoneos/XCFrameworkIntermediates/TPNMediationMintegralAdapter"
Transfer starting: 8 files
AnyThinkMintegralAdapter.framework/
AnyThinkMintegralAdapter.framework/AnyThinkMintegralAdapter
AnyThinkMintegralAdapter.framework/Info.plist
AnyThinkMintegralAdapter.framework/Headers/
AnyThinkMintegralAdapter.framework/Headers/ATMintegralConfigure.h
AnyThinkMintegralAdapter.framework/Headers/AnyThinkMintegralAdapter.h
AnyThinkMintegralAdapter.framework/Modules/
AnyThinkMintegralAdapter.framework/Modules/module.modulemap

sent 483733 bytes  received 148 bytes  47909009 bytes/sec
total size is 482703  speedup is 1.00
Copied /Users/runner/work/Document_Scan/Document_Scan/Pods/TPNMediationMintegralAdapter/AnyThinkMintegralAdapter-8.0.4.0/AnyThinkMintegralAdapter.xcframework/ios-arm64 to /Users/runner/Library/Developer/Xcode/DerivedData/Document_Scan-gpyzovawczbcogekrckiypzonffc/Build/Intermediates.noindex/ArchiveIntermediates/Document_Scan/BuildProductsPath/Release-iphoneos/XCFrameworkIntermediates/TPNMediationMintegralAdapter

PhaseScriptExecution [CP]\ Copy\ XCFrameworks /Users/runner/Library/Developer/Xcode/DerivedData/Document_Scan-gpyzovawczbcogekrckiypzonffc/Build/Intermediates.noindex/ArchiveIntermediates/Document_Scan/IntermediateBuildFilesPath/Pods.build/Release-iphoneos/TPNMediationPangleAdapter.build/Script-ECA3A50C537FF8F5234EDA7D8F1470DC.sh (in target 'TPNMediationPangleAdapter' from project 'Pods')
    cd /Users/runner/work/Document_Scan/Document_Scan/Pods
    /bin/sh -c /Users/runner/Library/Developer/Xcode/DerivedData/Document_Scan-gpyzovawczbcogekrckiypzonffc/Build/Intermediates.noindex/ArchiveIntermediates/Document_Scan/IntermediateBuildFilesPath/Pods.build/Release-iphoneos/TPNMediationPangleAdapter.build/Script-ECA3A50C537FF8F5234EDA7D8F1470DC.sh
Selected xcframework slice ios-arm64
rsync --delete -av --filter P .*.?????? --links --filter "- CVS/" --filter "- .svn/" --filter "- .git/" --filter "- .hg/" "/Users/runner/work/Document_Scan/Document_Scan/Pods/TPNMediationPangleAdapter/AnyThinkPangleAdapter-7.8.5.7.0/AnyThinkPangleAdapter.xcframework/ios-arm64/*" "/Users/runner/Library/Developer/Xcode/DerivedData/Document_Scan-gpyzovawczbcogekrckiypzonffc/Build/Intermediates.noindex/ArchiveIntermediates/Document_Scan/BuildProductsPath/Release-iphoneos/XCFrameworkIntermediates/TPNMediationPangleAdapter"
Transfer starting: 8 files
AnyThinkPangleAdapter.framework/
AnyThinkPangleAdapter.framework/AnyThinkPangleAdapter
AnyThinkPangleAdapter.framework/Info.plist
AnyThinkPangleAdapter.framework/Headers/
AnyThinkPangleAdapter.framework/Headers/ATPangleConfigure.h
AnyThinkPangleAdapter.framework/Headers/AnyThinkPangleAdapter.h
AnyThinkPangleAdapter.framework/Modules/
AnyThinkPangleAdapter.framework/Modules/module.modulemap

sent 417565 bytes  received 148 bytes  58832816 bytes/sec
total size is 416576  speedup is 1.00
Copied /Users/runner/work/Document_Scan/Document_Scan/Pods/TPNMediationPangleAdapter/AnyThinkPangleAdapter-7.8.5.7.0/AnyThinkPangleAdapter.xcframework/ios-arm64 to /Users/runner/Library/Developer/Xcode/DerivedData/Document_Scan-gpyzovawczbcogekrckiypzonffc/Build/Intermediates.noindex/ArchiveIntermediates/Document_Scan/BuildProductsPath/Release-iphoneos/XCFrameworkIntermediates/TPNMediationPangleAdapter

SwiftDriver WYYKit normal arm64 com.apple.xcode.tools.swift.compiler (in target 'WYYKit' from project 'Pods')
    cd /Users/runner/work/Document_Scan/Document_Scan/Pods
    builtin-SwiftDriver -- /Applications/Xcode_16.4.app/Contents/Developer/Toolchains/XcodeDefault.xctoolchain/usr/bin/swiftc -module-name WYYKit -O -whole-module-optimization -enforce-exclusivity\=checked @/Users/runner/Library/Developer/Xcode/DerivedData/Document_Scan-gpyzovawczbcogekrckiypzonffc/Build/Intermediates.noindex/ArchiveIntermediates/Document_Scan/IntermediateBuildFilesPath/Pods.build/Release-iphoneos/WYYKit.build/Objects-normal/arm64/WYYKit.SwiftFileList -D COCOAPODS -suppress-warnings -enable-bare-slash-regex -enable-experimental-feature DebugDescriptionMacro -sdk /Applications/Xcode_16.4.app/Contents/Developer/Platforms/iPhoneOS.platform/Developer/SDKs/iPhoneOS18.5.sdk -target arm64-apple-ios16.0 -g -module-cache-path /Users/runner/Library/Developer/Xcode/DerivedData/ModuleCache.noindex -Xfrontend -serialize-debugging-options -swift-version 5 -I /Users/runner/Library/Developer/Xcode/DerivedData/Document_Scan-gpyzovawczbcogekrckiypzonffc/Build/Intermediates.noindex/ArchiveIntermediates/Document_Scan/BuildProductsPath/Release-iphoneos/WYYKit -F /Users/runner/Library/Developer/Xcode/DerivedData/Document_Scan-gpyzovawczbcogekrckiypzonffc/Build/Intermediates.noindex/ArchiveIntermediates/Document_Scan/BuildProductsPath/Release-iphoneos/WYYKit -F /Users/runner/work/Document_Scan/Document_Scan/Pods/UMAPM/UMAPM_2.0.7 -F /Users/runner/work/Document_Scan/Document_Scan/Pods/UMCommon/UMCommon_7.5.8 -F /Users/runner/work/Document_Scan/Document_Scan/Pods/UMDevice/UMDevice_3.5.0 -F /Users/runner/Library/Developer/Xcode/DerivedData/Document_Scan-gpyzovawczbcogekrckiypzonffc/Build/Intermediates.noindex/ArchiveIntermediates/Document_Scan/BuildProductsPath/Release-iphoneos/XCFrameworkIntermediates/UMAPM -F /Users/runner/Library/Developer/Xcode/DerivedData/Document_Scan-gpyzovawczbcogekrckiypzonffc/Build/Intermediates.noindex/ArchiveIntermediates/Document_Scan/BuildProductsPath/Release-iphoneos/XCFrameworkIntermediates/UMCommon -F /Users/runner/Library/Developer/Xcode/DerivedData/Document_Scan-gpyzovawczbcogekrckiypzonffc/Build/Intermediates.noindex/ArchiveIntermediates/Document_Scan/BuildProductsPath/Release-iphoneos/XCFrameworkIntermediates/UMDevice -c -num-threads 3 -Xcc -ivfsstatcache -Xcc /Users/runner/Library/Developer/Xcode/DerivedData/SDKStatCaches.noindex/iphoneos18.5-22F76-a529daf784b3616c7c04a36aeb7f5c05.sdkstatcache -output-file-map /Users/runner/Library/Developer/Xcode/DerivedData/Document_Scan-gpyzovawczbcogekrckiypzonffc/Build/Intermediates.noindex/ArchiveIntermediates/Document_Scan/IntermediateBuildFilesPath/Pods.build/Release-iphoneos/WYYKit.build/Objects-normal/arm64/WYYKit-OutputFileMap.json -use-frontend-parseable-output -save-temps -no-color-diagnostics -serialize-diagnostics -emit-dependencies -emit-module -emit-module-path /Users/runner/Library/Developer/Xcode/DerivedData/Document_Scan-gpyzovawczbcogekrckiypzonffc/Build/Intermediates.noindex/ArchiveIntermediates/Document_Scan/IntermediateBuildFilesPath/Pods.build/Release-iphoneos/WYYKit.build/Objects-normal/arm64/WYYKit.swiftmodule -validate-clang-modules-once -clang-build-session-file /Users/runner/Library/Developer/Xcode/DerivedData/ModuleCache.noindex/Session.modulevalidation -Xcc -I/Users/runner/Library/Developer/Xcode/DerivedData/Document_Scan-gpyzovawczbcogekrckiypzonffc/Build/Intermediates.noindex/ArchiveIntermediates/Document_Scan/IntermediateBuildFilesPath/Pods.build/Release-iphoneos/WYYKit.build/swift-overrides.hmap -emit-const-values -Xfrontend -const-gather-protocols-file -Xfrontend /Users/runner/Library/Developer/Xcode/DerivedData/Document_Scan-gpyzovawczbcogekrckiypzonffc/Build/Intermediates.noindex/ArchiveIntermediates/Document_Scan/IntermediateBuildFilesPath/Pods.build/Release-iphoneos/WYYKit.build/Objects-normal/arm64/WYYKit_const_extract_protocols.json -Xcc -iquote -Xcc /Users/runner/Library/Developer/Xcode/DerivedData/Document_Scan-gpyzovawczbcogekrckiypzonffc/Build/Intermediates.noindex/ArchiveIntermediates/Document_Scan/IntermediateBuildFilesPath/Pods.build/Release-iphoneos/WYYKit.build/WYYKit-generated-files.hmap -Xcc -I/Users/runner/Library/Developer/Xcode/DerivedData/Document_Scan-gpyzovawczbcogekrckiypzonffc/Build/Intermediates.noindex/ArchiveIntermediates/Document_Scan/IntermediateBuildFilesPath/Pods.build/Release-iphoneos/WYYKit.build/WYYKit-own-target-headers.hmap -Xcc -I/Users/runner/Library/Developer/Xcode/DerivedData/Document_Scan-gpyzovawczbcogekrckiypzonffc/Build/Intermediates.noindex/ArchiveIntermediates/Document_Scan/IntermediateBuildFilesPath/Pods.build/Release-iphoneos/WYYKit.build/WYYKit-all-non-framework-target-headers.hmap -Xcc -ivfsoverlay -Xcc /Users/runner/Library/Developer/Xcode/DerivedData/Document_Scan-gpyzovawczbcogekrckiypzonffc/Build/Intermediates.noindex/ArchiveIntermediates/Document_Scan/IntermediateBuildFilesPath/Pods.build/Release-iphoneos/Pods-8699adb1dd336b26511df848a716bd42-VFS-iphoneos/all-product-headers.yaml -Xcc -iquote -Xcc /Users/runner/Library/Developer/Xcode/DerivedData/Document_Scan-gpyzovawczbcogekrckiypzonffc/Build/Intermediates.noindex/ArchiveIntermediates/Document_Scan/IntermediateBuildFilesPath/Pods.build/Release-iphoneos/WYYKit.build/WYYKit-project-headers.hmap -Xcc -I/Users/runner/Library/Developer/Xcode/DerivedData/Document_Scan-gpyzovawczbcogekrckiypzonffc/Build/Intermediates.noindex/ArchiveIntermediates/Document_Scan/BuildProductsPath/Release-iphoneos/WYYKit/include -Xcc -I/Users/runner/Library/Developer/Xcode/DerivedData/Document_Scan-gpyzovawczbcogekrckiypzonffc/Build/Intermediates.noindex/ArchiveIntermediates/Document_Scan/IntermediateBuildFilesPath/Pods.build/Release-iphoneos/WYYKit.build/DerivedSources-normal/arm64 -Xcc -I/Users/runner/Library/Developer/Xcode/DerivedData/Document_Scan-gpyzovawczbcogekrckiypzonffc/Build/Intermediates.noindex/ArchiveIntermediates/Document_Scan/IntermediateBuildFilesPath/Pods.build/Release-iphoneos/WYYKit.build/DerivedSources/arm64 -Xcc -I/Users/runner/Library/Developer/Xcode/DerivedData/Document_Scan-gpyzovawczbcogekrckiypzonffc/Build/Intermediates.noindex/ArchiveIntermediates/Document_Scan/IntermediateBuildFilesPath/Pods.build/Release-iphoneos/WYYKit.build/DerivedSources -Xcc -DPOD_CONFIGURATION_RELEASE\=1 -Xcc -DCOCOAPODS\=1 -emit-objc-header -emit-objc-header-path /Users/runner/Library/Developer/Xcode/DerivedData/Document_Scan-gpyzovawczbcogekrckiypzonffc/Build/Intermediates.noindex/ArchiveIntermediates/Document_Scan/IntermediateBuildFilesPath/Pods.build/Release-iphoneos/WYYKit.build/Objects-normal/arm64/WYYKit-Swift.h -import-underlying-module -Xcc -ivfsoverlay -Xcc /Users/runner/Library/Developer/Xcode/DerivedData/Document_Scan-gpyzovawczbcogekrckiypzonffc/Build/Intermediates.noindex/ArchiveIntermediates/Document_Scan/IntermediateBuildFilesPath/Pods.build/Release-iphoneos/WYYKit.build/unextended-module-overlay.yaml -working-directory /Users/runner/work/Document_Scan/Document_Scan/Pods -no-emit-module-separately-wmo

SwiftCompile normal arm64 Compiling\ WYYAnalyticsManager.swift,\ WYYKeychainManager.swift,\ WYYRootContainerView.swift,\ WYYServerManager.swift,\ WYYSubscriptionManager.swift,\ WYYUnifiedManager.swift,\ WYYUserIDManager.swift /Users/runner/work/Document_Scan/Document_Scan/WYYKit/WYYKit/Classes/WYYAnalyticsManager.swift /Users/runner/work/Document_Scan/Document_Scan/WYYKit/WYYKit/Classes/WYYKeychainManager.swift /Users/runner/work/Document_Scan/Document_Scan/WYYKit/WYYKit/Classes/WYYRootContainerView.swift /Users/runner/work/Document_Scan/Document_Scan/WYYKit/WYYKit/Classes/WYYServerManager.swift /Users/runner/work/Document_Scan/Document_Scan/WYYKit/WYYKit/Classes/WYYSubscriptionManager.swift /Users/runner/work/Document_Scan/Document_Scan/WYYKit/WYYKit/Classes/WYYUnifiedManager.swift /Users/runner/work/Document_Scan/Document_Scan/WYYKit/WYYKit/Classes/WYYUserIDManager.swift (in target 'WYYKit' from project 'Pods')

CompileSwift normal arm64 (in target 'WYYKit' from project 'Pods')
    cd /Users/runner/work/Document_Scan/Document_Scan/Pods
    

SwiftDriver\ Compilation WYYKit normal arm64 com.apple.xcode.tools.swift.compiler (in target 'WYYKit' from project 'Pods')
    cd /Users/runner/work/Document_Scan/Document_Scan/Pods
    builtin-Swift-Compilation -- /Applications/Xcode_16.4.app/Contents/Developer/Toolchains/XcodeDefault.xctoolchain/usr/bin/swiftc -module-name WYYKit -O -whole-module-optimization -enforce-exclusivity\=checked @/Users/runner/Library/Developer/Xcode/DerivedData/Document_Scan-gpyzovawczbcogekrckiypzonffc/Build/Intermediates.noindex/ArchiveIntermediates/Document_Scan/IntermediateBuildFilesPath/Pods.build/Release-iphoneos/WYYKit.build/Objects-normal/arm64/WYYKit.SwiftFileList -D COCOAPODS -suppress-warnings -enable-bare-slash-regex -enable-experimental-feature DebugDescriptionMacro -sdk /Applications/Xcode_16.4.app/Contents/Developer/Platforms/iPhoneOS.platform/Developer/SDKs/iPhoneOS18.5.sdk -target arm64-apple-ios16.0 -g -module-cache-path /Users/runner/Library/Developer/Xcode/DerivedData/ModuleCache.noindex -Xfrontend -serialize-debugging-options -swift-version 5 -I /Users/runner/Library/Developer/Xcode/DerivedData/Document_Scan-gpyzovawczbcogekrckiypzonffc/Build/Intermediates.noindex/ArchiveIntermediates/Document_Scan/BuildProductsPath/Release-iphoneos/WYYKit -F /Users/runner/Library/Developer/Xcode/DerivedData/Document_Scan-gpyzovawczbcogekrckiypzonffc/Build/Intermediates.noindex/ArchiveIntermediates/Document_Scan/BuildProductsPath/Release-iphoneos/WYYKit -F /Users/runner/work/Document_Scan/Document_Scan/Pods/UMAPM/UMAPM_2.0.7 -F /Users/runner/work/Document_Scan/Document_Scan/Pods/UMCommon/UMCommon_7.5.8 -F /Users/runner/work/Document_Scan/Document_Scan/Pods/UMDevice/UMDevice_3.5.0 -F /Users/runner/Library/Developer/Xcode/DerivedData/Document_Scan-gpyzovawczbcogekrckiypzonffc/Build/Intermediates.noindex/ArchiveIntermediates/Document_Scan/BuildProductsPath/Release-iphoneos/XCFrameworkIntermediates/UMAPM -F /Users/runner/Library/Developer/Xcode/DerivedData/Document_Scan-gpyzovawczbcogekrckiypzonffc/Build/Intermediates.noindex/ArchiveIntermediates/Document_Scan/BuildProductsPath/Release-iphoneos/XCFrameworkIntermediates/UMCommon -F /Users/runner/Library/Developer/Xcode/DerivedData/Document_Scan-gpyzovawczbcogekrckiypzonffc/Build/Intermediates.noindex/ArchiveIntermediates/Document_Scan/BuildProductsPath/Release-iphoneos/XCFrameworkIntermediates/UMDevice -c -num-threads 3 -Xcc -ivfsstatcache -Xcc /Users/runner/Library/Developer/Xcode/DerivedData/SDKStatCaches.noindex/iphoneos18.5-22F76-a529daf784b3616c7c04a36aeb7f5c05.sdkstatcache -output-file-map /Users/runner/Library/Developer/Xcode/DerivedData/Document_Scan-gpyzovawczbcogekrckiypzonffc/Build/Intermediates.noindex/ArchiveIntermediates/Document_Scan/IntermediateBuildFilesPath/Pods.build/Release-iphoneos/WYYKit.build/Objects-normal/arm64/WYYKit-OutputFileMap.json -use-frontend-parseable-output -save-temps -no-color-diagnostics -serialize-diagnostics -emit-dependencies -emit-module -emit-module-path /Users/runner/Library/Developer/Xcode/DerivedData/Document_Scan-gpyzovawczbcogekrckiypzonffc/Build/Intermediates.noindex/ArchiveIntermediates/Document_Scan/IntermediateBuildFilesPath/Pods.build/Release-iphoneos/WYYKit.build/Objects-normal/arm64/WYYKit.swiftmodule -validate-clang-modules-once -clang-build-session-file /Users/runner/Library/Developer/Xcode/DerivedData/ModuleCache.noindex/Session.modulevalidation -Xcc -I/Users/runner/Library/Developer/Xcode/DerivedData/Document_Scan-gpyzovawczbcogekrckiypzonffc/Build/Intermediates.noindex/ArchiveIntermediates/Document_Scan/IntermediateBuildFilesPath/Pods.build/Release-iphoneos/WYYKit.build/swift-overrides.hmap -emit-const-values -Xfrontend -const-gather-protocols-file -Xfrontend /Users/runner/Library/Developer/Xcode/DerivedData/Document_Scan-gpyzovawczbcogekrckiypzonffc/Build/Intermediates.noindex/ArchiveIntermediates/Document_Scan/IntermediateBuildFilesPath/Pods.build/Release-iphoneos/WYYKit.build/Objects-normal/arm64/WYYKit_const_extract_protocols.json -Xcc -iquote -Xcc /Users/runner/Library/Developer/Xcode/DerivedData/Document_Scan-gpyzovawczbcogekrckiypzonffc/Build/Intermediates.noindex/ArchiveIntermediates/Document_Scan/IntermediateBuildFilesPath/Pods.build/Release-iphoneos/WYYKit.build/WYYKit-generated-files.hmap -Xcc -I/Users/runner/Library/Developer/Xcode/DerivedData/Document_Scan-gpyzovawczbcogekrckiypzonffc/Build/Intermediates.noindex/ArchiveIntermediates/Document_Scan/IntermediateBuildFilesPath/Pods.build/Release-iphoneos/WYYKit.build/WYYKit-own-target-headers.hmap -Xcc -I/Users/runner/Library/Developer/Xcode/DerivedData/Document_Scan-gpyzovawczbcogekrckiypzonffc/Build/Intermediates.noindex/ArchiveIntermediates/Document_Scan/IntermediateBuildFilesPath/Pods.build/Release-iphoneos/WYYKit.build/WYYKit-all-non-framework-target-headers.hmap -Xcc -ivfsoverlay -Xcc /Users/runner/Library/Developer/Xcode/DerivedData/Document_Scan-gpyzovawczbcogekrckiypzonffc/Build/Intermediates.noindex/ArchiveIntermediates/Document_Scan/IntermediateBuildFilesPath/Pods.build/Release-iphoneos/Pods-8699adb1dd336b26511df848a716bd42-VFS-iphoneos/all-product-headers.yaml -Xcc -iquote -Xcc /Users/runner/Library/Developer/Xcode/DerivedData/Document_Scan-gpyzovawczbcogekrckiypzonffc/Build/Intermediates.noindex/ArchiveIntermediates/Document_Scan/IntermediateBuildFilesPath/Pods.build/Release-iphoneos/WYYKit.build/WYYKit-project-headers.hmap -Xcc -I/Users/runner/Library/Developer/Xcode/DerivedData/Document_Scan-gpyzovawczbcogekrckiypzonffc/Build/Intermediates.noindex/ArchiveIntermediates/Document_Scan/BuildProductsPath/Release-iphoneos/WYYKit/include -Xcc -I/Users/runner/Library/Developer/Xcode/DerivedData/Document_Scan-gpyzovawczbcogekrckiypzonffc/Build/Intermediates.noindex/ArchiveIntermediates/Document_Scan/IntermediateBuildFilesPath/Pods.build/Release-iphoneos/WYYKit.build/DerivedSources-normal/arm64 -Xcc -I/Users/runner/Library/Developer/Xcode/DerivedData/Document_Scan-gpyzovawczbcogekrckiypzonffc/Build/Intermediates.noindex/ArchiveIntermediates/Document_Scan/IntermediateBuildFilesPath/Pods.build/Release-iphoneos/WYYKit.build/DerivedSources/arm64 -Xcc -I/Users/runner/Library/Developer/Xcode/DerivedData/Document_Scan-gpyzovawczbcogekrckiypzonffc/Build/Intermediates.noindex/ArchiveIntermediates/Document_Scan/IntermediateBuildFilesPath/Pods.build/Release-iphoneos/WYYKit.build/DerivedSources -Xcc -DPOD_CONFIGURATION_RELEASE\=1 -Xcc -DCOCOAPODS\=1 -emit-objc-header -emit-objc-header-path /Users/runner/Library/Developer/Xcode/DerivedData/Document_Scan-gpyzovawczbcogekrckiypzonffc/Build/Intermediates.noindex/ArchiveIntermediates/Document_Scan/IntermediateBuildFilesPath/Pods.build/Release-iphoneos/WYYKit.build/Objects-normal/arm64/WYYKit-Swift.h -import-underlying-module -Xcc -ivfsoverlay -Xcc /Users/runner/Library/Developer/Xcode/DerivedData/Document_Scan-gpyzovawczbcogekrckiypzonffc/Build/Intermediates.noindex/ArchiveIntermediates/Document_Scan/IntermediateBuildFilesPath/Pods.build/Release-iphoneos/WYYKit.build/unextended-module-overlay.yaml -working-directory /Users/runner/work/Document_Scan/Document_Scan/Pods -no-emit-module-separately-wmo

SwiftDriverJobDiscovery normal arm64 Compiling WYYAnalyticsManager.swift, WYYKeychainManager.swift, WYYRootContainerView.swift, WYYServerManager.swift, WYYSubscriptionManager.swift, WYYUnifiedManager.swift, WYYUserIDManager.swift (in target 'WYYKit' from project 'Pods')

SwiftDriver\ Compilation\ Requirements WYYKit normal arm64 com.apple.xcode.tools.swift.compiler (in target 'WYYKit' from project 'Pods')
    cd /Users/runner/work/Document_Scan/Document_Scan/Pods
    builtin-Swift-Compilation-Requirements -- /Applications/Xcode_16.4.app/Contents/Developer/Toolchains/XcodeDefault.xctoolchain/usr/bin/swiftc -module-name WYYKit -O -whole-module-optimization -enforce-exclusivity\=checked @/Users/runner/Library/Developer/Xcode/DerivedData/Document_Scan-gpyzovawczbcogekrckiypzonffc/Build/Intermediates.noindex/ArchiveIntermediates/Document_Scan/IntermediateBuildFilesPath/Pods.build/Release-iphoneos/WYYKit.build/Objects-normal/arm64/WYYKit.SwiftFileList -D COCOAPODS -suppress-warnings -enable-bare-slash-regex -enable-experimental-feature DebugDescriptionMacro -sdk /Applications/Xcode_16.4.app/Contents/Developer/Platforms/iPhoneOS.platform/Developer/SDKs/iPhoneOS18.5.sdk -target arm64-apple-ios16.0 -g -module-cache-path /Users/runner/Library/Developer/Xcode/DerivedData/ModuleCache.noindex -Xfrontend -serialize-debugging-options -swift-version 5 -I /Users/runner/Library/Developer/Xcode/DerivedData/Document_Scan-gpyzovawczbcogekrckiypzonffc/Build/Intermediates.noindex/ArchiveIntermediates/Document_Scan/BuildProductsPath/Release-iphoneos/WYYKit -F /Users/runner/Library/Developer/Xcode/DerivedData/Document_Scan-gpyzovawczbcogekrckiypzonffc/Build/Intermediates.noindex/ArchiveIntermediates/Document_Scan/BuildProductsPath/Release-iphoneos/WYYKit -F /Users/runner/work/Document_Scan/Document_Scan/Pods/UMAPM/UMAPM_2.0.7 -F /Users/runner/work/Document_Scan/Document_Scan/Pods/UMCommon/UMCommon_7.5.8 -F /Users/runner/work/Document_Scan/Document_Scan/Pods/UMDevice/UMDevice_3.5.0 -F /Users/runner/Library/Developer/Xcode/DerivedData/Document_Scan-gpyzovawczbcogekrckiypzonffc/Build/Intermediates.noindex/ArchiveIntermediates/Document_Scan/BuildProductsPath/Release-iphoneos/XCFrameworkIntermediates/UMAPM -F /Users/runner/Library/Developer/Xcode/DerivedData/Document_Scan-gpyzovawczbcogekrckiypzonffc/Build/Intermediates.noindex/ArchiveIntermediates/Document_Scan/BuildProductsPath/Release-iphoneos/XCFrameworkIntermediates/UMCommon -F /Users/runner/Library/Developer/Xcode/DerivedData/Document_Scan-gpyzovawczbcogekrckiypzonffc/Build/Intermediates.noindex/ArchiveIntermediates/Document_Scan/BuildProductsPath/Release-iphoneos/XCFrameworkIntermediates/UMDevice -c -num-threads 3 -Xcc -ivfsstatcache -Xcc /Users/runner/Library/Developer/Xcode/DerivedData/SDKStatCaches.noindex/iphoneos18.5-22F76-a529daf784b3616c7c04a36aeb7f5c05.sdkstatcache -output-file-map /Users/runner/Library/Developer/Xcode/DerivedData/Document_Scan-gpyzovawczbcogekrckiypzonffc/Build/Intermediates.noindex/ArchiveIntermediates/Document_Scan/IntermediateBuildFilesPath/Pods.build/Release-iphoneos/WYYKit.build/Objects-normal/arm64/WYYKit-OutputFileMap.json -use-frontend-parseable-output -save-temps -no-color-diagnostics -serialize-diagnostics -emit-dependencies -emit-module -emit-module-path /Users/runner/Library/Developer/Xcode/DerivedData/Document_Scan-gpyzovawczbcogekrckiypzonffc/Build/Intermediates.noindex/ArchiveIntermediates/Document_Scan/IntermediateBuildFilesPath/Pods.build/Release-iphoneos/WYYKit.build/Objects-normal/arm64/WYYKit.swiftmodule -validate-clang-modules-once -clang-build-session-file /Users/runner/Library/Developer/Xcode/DerivedData/ModuleCache.noindex/Session.modulevalidation -Xcc -I/Users/runner/Library/Developer/Xcode/DerivedData/Document_Scan-gpyzovawczbcogekrckiypzonffc/Build/Intermediates.noindex/ArchiveIntermediates/Document_Scan/IntermediateBuildFilesPath/Pods.build/Release-iphoneos/WYYKit.build/swift-overrides.hmap -emit-const-values -Xfrontend -const-gather-protocols-file -Xfrontend /Users/runner/Library/Developer/Xcode/DerivedData/Document_Scan-gpyzovawczbcogekrckiypzonffc/Build/Intermediates.noindex/ArchiveIntermediates/Document_Scan/IntermediateBuildFilesPath/Pods.build/Release-iphoneos/WYYKit.build/Objects-normal/arm64/WYYKit_const_extract_protocols.json -Xcc -iquote -Xcc /Users/runner/Library/Developer/Xcode/DerivedData/Document_Scan-gpyzovawczbcogekrckiypzonffc/Build/Intermediates.noindex/ArchiveIntermediates/Document_Scan/IntermediateBuildFilesPath/Pods.build/Release-iphoneos/WYYKit.build/WYYKit-generated-files.hmap -Xcc -I/Users/runner/Library/Developer/Xcode/DerivedData/Document_Scan-gpyzovawczbcogekrckiypzonffc/Build/Intermediates.noindex/ArchiveIntermediates/Document_Scan/IntermediateBuildFilesPath/Pods.build/Release-iphoneos/WYYKit.build/WYYKit-own-target-headers.hmap -Xcc -I/Users/runner/Library/Developer/Xcode/DerivedData/Document_Scan-gpyzovawczbcogekrckiypzonffc/Build/Intermediates.noindex/ArchiveIntermediates/Document_Scan/IntermediateBuildFilesPath/Pods.build/Release-iphoneos/WYYKit.build/WYYKit-all-non-framework-target-headers.hmap -Xcc -ivfsoverlay -Xcc /Users/runner/Library/Developer/Xcode/DerivedData/Document_Scan-gpyzovawczbcogekrckiypzonffc/Build/Intermediates.noindex/ArchiveIntermediates/Document_Scan/IntermediateBuildFilesPath/Pods.build/Release-iphoneos/Pods-8699adb1dd336b26511df848a716bd42-VFS-iphoneos/all-product-headers.yaml -Xcc -iquote -Xcc /Users/runner/Library/Developer/Xcode/DerivedData/Document_Scan-gpyzovawczbcogekrckiypzonffc/Build/Intermediates.noindex/ArchiveIntermediates/Document_Scan/IntermediateBuildFilesPath/Pods.build/Release-iphoneos/WYYKit.build/WYYKit-project-headers.hmap -Xcc -I/Users/runner/Library/Developer/Xcode/DerivedData/Document_Scan-gpyzovawczbcogekrckiypzonffc/Build/Intermediates.noindex/ArchiveIntermediates/Document_Scan/BuildProductsPath/Release-iphoneos/WYYKit/include -Xcc -I/Users/runner/Library/Developer/Xcode/DerivedData/Document_Scan-gpyzovawczbcogekrckiypzonffc/Build/Intermediates.noindex/ArchiveIntermediates/Document_Scan/IntermediateBuildFilesPath/Pods.build/Release-iphoneos/WYYKit.build/DerivedSources-normal/arm64 -Xcc -I/Users/runner/Library/Developer/Xcode/DerivedData/Document_Scan-gpyzovawczbcogekrckiypzonffc/Build/Intermediates.noindex/ArchiveIntermediates/Document_Scan/IntermediateBuildFilesPath/Pods.build/Release-iphoneos/WYYKit.build/DerivedSources/arm64 -Xcc -I/Users/runner/Library/Developer/Xcode/DerivedData/Document_Scan-gpyzovawczbcogekrckiypzonffc/Build/Intermediates.noindex/ArchiveIntermediates/Document_Scan/IntermediateBuildFilesPath/Pods.build/Release-iphoneos/WYYKit.build/DerivedSources -Xcc -DPOD_CONFIGURATION_RELEASE\=1 -Xcc -DCOCOAPODS\=1 -emit-objc-header -emit-objc-header-path /Users/runner/Library/Developer/Xcode/DerivedData/Document_Scan-gpyzovawczbcogekrckiypzonffc/Build/Intermediates.noindex/ArchiveIntermediates/Document_Scan/IntermediateBuildFilesPath/Pods.build/Release-iphoneos/WYYKit.build/Objects-normal/arm64/WYYKit-Swift.h -import-underlying-module -Xcc -ivfsoverlay -Xcc /Users/runner/Library/Developer/Xcode/DerivedData/Document_Scan-gpyzovawczbcogekrckiypzonffc/Build/Intermediates.noindex/ArchiveIntermediates/Document_Scan/IntermediateBuildFilesPath/Pods.build/Release-iphoneos/WYYKit.build/unextended-module-overlay.yaml -working-directory /Users/runner/work/Document_Scan/Document_Scan/Pods -no-emit-module-separately-wmo

SwiftMergeGeneratedHeaders /Users/runner/Library/Developer/Xcode/DerivedData/Document_Scan-gpyzovawczbcogekrckiypzonffc/Build/Intermediates.noindex/ArchiveIntermediates/Document_Scan/IntermediateBuildFilesPath/UninstalledProducts/iphoneos/WYYKit.framework/Headers/WYYKit-Swift.h /Users/runner/Library/Developer/Xcode/DerivedData/Document_Scan-gpyzovawczbcogekrckiypzonffc/Build/Intermediates.noindex/ArchiveIntermediates/Document_Scan/IntermediateBuildFilesPath/Pods.build/Release-iphoneos/WYYKit.build/Objects-normal/arm64/WYYKit-Swift.h (in target 'WYYKit' from project 'Pods')
    cd /Users/runner/work/Document_Scan/Document_Scan/Pods
    builtin-swiftHeaderTool -arch arm64 /Users/runner/Library/Developer/Xcode/DerivedData/Document_Scan-gpyzovawczbcogekrckiypzonffc/Build/Intermediates.noindex/ArchiveIntermediates/Document_Scan/IntermediateBuildFilesPath/Pods.build/Release-iphoneos/WYYKit.build/Objects-normal/arm64/WYYKit-Swift.h -o /Users/runner/Library/Developer/Xcode/DerivedData/Document_Scan-gpyzovawczbcogekrckiypzonffc/Build/Intermediates.noindex/ArchiveIntermediates/Document_Scan/IntermediateBuildFilesPath/UninstalledProducts/iphoneos/WYYKit.framework/Headers/WYYKit-Swift.h

Copy /Users/runner/Library/Developer/Xcode/DerivedData/Document_Scan-gpyzovawczbcogekrckiypzonffc/Build/Intermediates.noindex/ArchiveIntermediates/Document_Scan/IntermediateBuildFilesPath/UninstalledProducts/iphoneos/WYYKit.framework/Modules/WYYKit.swiftmodule/arm64-apple-ios.swiftmodule /Users/runner/Library/Developer/Xcode/DerivedData/Document_Scan-gpyzovawczbcogekrckiypzonffc/Build/Intermediates.noindex/ArchiveIntermediates/Document_Scan/IntermediateBuildFilesPath/Pods.build/Release-iphoneos/WYYKit.build/Objects-normal/arm64/WYYKit.swiftmodule (in target 'WYYKit' from project 'Pods')
    cd /Users/runner/work/Document_Scan/Document_Scan/Pods
    builtin-copy -exclude .DS_Store -exclude CVS -exclude .svn -exclude .git -exclude .hg -resolve-src-symlinks -rename /Users/runner/Library/Developer/Xcode/DerivedData/Document_Scan-gpyzovawczbcogekrckiypzonffc/Build/Intermediates.noindex/ArchiveIntermediates/Document_Scan/IntermediateBuildFilesPath/Pods.build/Release-iphoneos/WYYKit.build/Objects-normal/arm64/WYYKit.swiftmodule /Users/runner/Library/Developer/Xcode/DerivedData/Document_Scan-gpyzovawczbcogekrckiypzonffc/Build/Intermediates.noindex/ArchiveIntermediates/Document_Scan/IntermediateBuildFilesPath/UninstalledProducts/iphoneos/WYYKit.framework/Modules/WYYKit.swiftmodule/arm64-apple-ios.swiftmodule

Copy /Users/runner/Library/Developer/Xcode/DerivedData/Document_Scan-gpyzovawczbcogekrckiypzonffc/Build/Intermediates.noindex/ArchiveIntermediates/Document_Scan/IntermediateBuildFilesPath/UninstalledProducts/iphoneos/WYYKit.framework/Modules/WYYKit.swiftmodule/arm64-apple-ios.swiftdoc /Users/runner/Library/Developer/Xcode/DerivedData/Document_Scan-gpyzovawczbcogekrckiypzonffc/Build/Intermediates.noindex/ArchiveIntermediates/Document_Scan/IntermediateBuildFilesPath/Pods.build/Release-iphoneos/WYYKit.build/Objects-normal/arm64/WYYKit.swiftdoc (in target 'WYYKit' from project 'Pods')
    cd /Users/runner/work/Document_Scan/Document_Scan/Pods
    builtin-copy -exclude .DS_Store -exclude CVS -exclude .svn -exclude .git -exclude .hg -resolve-src-symlinks -rename /Users/runner/Library/Developer/Xcode/DerivedData/Document_Scan-gpyzovawczbcogekrckiypzonffc/Build/Intermediates.noindex/ArchiveIntermediates/Document_Scan/IntermediateBuildFilesPath/Pods.build/Release-iphoneos/WYYKit.build/Objects-normal/arm64/WYYKit.swiftdoc /Users/runner/Library/Developer/Xcode/DerivedData/Document_Scan-gpyzovawczbcogekrckiypzonffc/Build/Intermediates.noindex/ArchiveIntermediates/Document_Scan/IntermediateBuildFilesPath/UninstalledProducts/iphoneos/WYYKit.framework/Modules/WYYKit.swiftmodule/arm64-apple-ios.swiftdoc

Copy /Users/runner/Library/Developer/Xcode/DerivedData/Document_Scan-gpyzovawczbcogekrckiypzonffc/Build/Intermediates.noindex/ArchiveIntermediates/Document_Scan/IntermediateBuildFilesPath/UninstalledProducts/iphoneos/WYYKit.framework/Modules/WYYKit.swiftmodule/arm64-apple-ios.abi.json /Users/runner/Library/Developer/Xcode/DerivedData/Document_Scan-gpyzovawczbcogekrckiypzonffc/Build/Intermediates.noindex/ArchiveIntermediates/Document_Scan/IntermediateBuildFilesPath/Pods.build/Release-iphoneos/WYYKit.build/Objects-normal/arm64/WYYKit.abi.json (in target 'WYYKit' from project 'Pods')
    cd /Users/runner/work/Document_Scan/Document_Scan/Pods
    builtin-copy -exclude .DS_Store -exclude CVS -exclude .svn -exclude .git -exclude .hg -resolve-src-symlinks -rename /Users/runner/Library/Developer/Xcode/DerivedData/Document_Scan-gpyzovawczbcogekrckiypzonffc/Build/Intermediates.noindex/ArchiveIntermediates/Document_Scan/IntermediateBuildFilesPath/Pods.build/Release-iphoneos/WYYKit.build/Objects-normal/arm64/WYYKit.abi.json /Users/runner/Library/Developer/Xcode/DerivedData/Document_Scan-gpyzovawczbcogekrckiypzonffc/Build/Intermediates.noindex/ArchiveIntermediates/Document_Scan/IntermediateBuildFilesPath/UninstalledProducts/iphoneos/WYYKit.framework/Modules/WYYKit.swiftmodule/arm64-apple-ios.abi.json

ScanDependencies /Users/runner/Library/Developer/Xcode/DerivedData/Document_Scan-gpyzovawczbcogekrckiypzonffc/Build/Intermediates.noindex/ArchiveIntermediates/Document_Scan/IntermediateBuildFilesPath/Pods.build/Release-iphoneos/WYYKit.build/Objects-normal/arm64/WYYKit_vers.o /Users/runner/Library/Developer/Xcode/DerivedData/Document_Scan-gpyzovawczbcogekrckiypzonffc/Build/Intermediates.noindex/ArchiveIntermediates/Document_Scan/IntermediateBuildFilesPath/Pods.build/Release-iphoneos/WYYKit.build/DerivedSources/WYYKit_vers.c normal arm64 c com.apple.compilers.llvm.clang.1_0.compiler (in target 'WYYKit' from project 'Pods')
    cd /Users/runner/work/Document_Scan/Document_Scan/Pods
    
    Using response file: /Users/runner/Library/Developer/Xcode/DerivedData/Document_Scan-gpyzovawczbcogekrckiypzonffc/Build/Intermediates.noindex/ArchiveIntermediates/Document_Scan/IntermediateBuildFilesPath/Pods.build/Release-iphoneos/WYYKit.build/Objects-normal/arm64/7187679823f38a2a940e0043cdf9d637-common-args.resp
    
    builtin-ScanDependencies -o /Users/runner/Library/Developer/Xcode/DerivedData/Document_Scan-gpyzovawczbcogekrckiypzonffc/Build/Intermediates.noindex/ArchiveIntermediates/Document_Scan/IntermediateBuildFilesPath/Pods.build/Release-iphoneos/WYYKit.build/Objects-normal/arm64/WYYKit_vers.o.scan -- /Applications/Xcode_16.4.app/Contents/Developer/Toolchains/XcodeDefault.xctoolchain/usr/bin/clang -x c -ivfsstatcache /Users/runner/Library/Developer/Xcode/DerivedData/SDKStatCaches.noindex/iphoneos18.5-22F76-a529daf784b3616c7c04a36aeb7f5c05.sdkstatcache -fmessage-length\=0 -fdiagnostics-show-note-include-stack -fmacro-backtrace-limit\=0 -fno-color-diagnostics -fmodules-prune-interval\=86400 -fmodules-prune-after\=345600 -fbuild-session-file\=/Users/runner/Library/Developer/Xcode/DerivedData/ModuleCache.noindex/Session.modulevalidation -fmodules-validate-once-per-build-session -Wnon-modular-include-in-framework-module -Werror\=non-modular-include-in-framework-module -Wno-trigraphs -Wno-missing-field-initializers -Wno-missing-prototypes -Werror\=return-type -Wdocumentation -Wunreachable-code -Werror\=deprecated-objc-isa-usage -Werror\=objc-root-class -Wno-missing-braces -Wparentheses -Wswitch -Wunused-function -Wno-unused-label -Wno-unused-parameter -Wunused-variable -Wunused-value -Wempty-body -Wuninitialized -Wconditional-uninitialized -Wno-unknown-pragmas -Wno-shadow -Wno-four-char-constants -Wno-conversion -Wconstant-conversion -Wint-conversion -Wbool-conversion -Wenum-conversion -Wno-float-conversion -Wnon-literal-null-conversion -Wobjc-literal-conversion -Wshorten-64-to-32 -Wpointer-sign -Wno-newline-eof -Wno-implicit-fallthrough -fstrict-aliasing -Wdeprecated-declarations -Wno-sign-conversion -Winfinite-recursion -Wcomma -Wblock-capture-autoreleasing -Wstrict-prototypes -Wno-semicolon-before-method-body -Wunguarded-availability @/Users/runner/Library/Developer/Xcode/DerivedData/Document_Scan-gpyzovawczbcogekrckiypzonffc/Build/Intermediates.noindex/ArchiveIntermediates/Document_Scan/IntermediateBuildFilesPath/Pods.build/Release-iphoneos/WYYKit.build/Objects-normal/arm64/7187679823f38a2a940e0043cdf9d637-common-args.resp -MMD -MT dependencies -MF /Users/runner/Library/Developer/Xcode/DerivedData/Document_Scan-gpyzovawczbcogekrckiypzonffc/Build/Intermediates.noindex/ArchiveIntermediates/Document_Scan/IntermediateBuildFilesPath/Pods.build/Release-iphoneos/WYYKit.build/Objects-normal/arm64/WYYKit_vers.d --serialize-diagnostics /Users/runner/Library/Developer/Xcode/DerivedData/Document_Scan-gpyzovawczbcogekrckiypzonffc/Build/Intermediates.noindex/ArchiveIntermediates/Document_Scan/IntermediateBuildFilesPath/Pods.build/Release-iphoneos/WYYKit.build/Objects-normal/arm64/WYYKit_vers.dia -c /Users/runner/Library/Developer/Xcode/DerivedData/Document_Scan-gpyzovawczbcogekrckiypzonffc/Build/Intermediates.noindex/ArchiveIntermediates/Document_Scan/IntermediateBuildFilesPath/Pods.build/Release-iphoneos/WYYKit.build/DerivedSources/WYYKit_vers.c -o /Users/runner/Library/Developer/Xcode/DerivedData/Document_Scan-gpyzovawczbcogekrckiypzonffc/Build/Intermediates.noindex/ArchiveIntermediates/Document_Scan/IntermediateBuildFilesPath/Pods.build/Release-iphoneos/WYYKit.build/Objects-normal/arm64/WYYKit_vers.o

ScanDependencies /Users/runner/Library/Developer/Xcode/DerivedData/Document_Scan-gpyzovawczbcogekrckiypzonffc/Build/Intermediates.noindex/ArchiveIntermediates/Document_Scan/IntermediateBuildFilesPath/Pods.build/Release-iphoneos/WYYKit.build/Objects-normal/arm64/WYYKit-dummy.o /Users/runner/work/Document_Scan/Document_Scan/Pods/Target\ Support\ Files/WYYKit/WYYKit-dummy.m normal arm64 objective-c com.apple.compilers.llvm.clang.1_0.compiler (in target 'WYYKit' from project 'Pods')
    cd /Users/runner/work/Document_Scan/Document_Scan/Pods
    
    Using response file: /Users/runner/Library/Developer/Xcode/DerivedData/Document_Scan-gpyzovawczbcogekrckiypzonffc/Build/Intermediates.noindex/ArchiveIntermediates/Document_Scan/IntermediateBuildFilesPath/Pods.build/Release-iphoneos/WYYKit.build/Objects-normal/arm64/e6072d4f65d7061329687fe24e3d63a7-common-args.resp
    
    builtin-ScanDependencies -o /Users/runner/Library/Developer/Xcode/DerivedData/Document_Scan-gpyzovawczbcogekrckiypzonffc/Build/Intermediates.noindex/ArchiveIntermediates/Document_Scan/IntermediateBuildFilesPath/Pods.build/Release-iphoneos/WYYKit.build/Objects-normal/arm64/WYYKit-dummy.o.scan -- /Applications/Xcode_16.4.app/Contents/Developer/Toolchains/XcodeDefault.xctoolchain/usr/bin/clang -x objective-c -ivfsstatcache /Users/runner/Library/Developer/Xcode/DerivedData/SDKStatCaches.noindex/iphoneos18.5-22F76-a529daf784b3616c7c04a36aeb7f5c05.sdkstatcache -fmessage-length\=0 -fdiagnostics-show-note-include-stack -fmacro-backtrace-limit\=0 -fno-color-diagnostics -fmodules-prune-interval\=86400 -fmodules-prune-after\=345600 -fbuild-session-file\=/Users/runner/Library/Developer/Xcode/DerivedData/ModuleCache.noindex/Session.modulevalidation -fmodules-validate-once-per-build-session -Wnon-modular-include-in-framework-module -Werror\=non-modular-include-in-framework-module -Wno-trigraphs -Wno-missing-field-initializers -Wno-missing-prototypes -Werror\=return-type -Wdocumentation -Wunreachable-code -Wno-implicit-atomic-properties -Werror\=deprecated-objc-isa-usage -Wno-objc-interface-ivars -Werror\=objc-root-class -Wno-arc-repeated-use-of-weak -Wimplicit-retain-self -Wduplicate-method-match -Wno-missing-braces -Wparentheses -Wswitch -Wunused-function -Wno-unused-label -Wno-unused-parameter -Wunused-variable -Wunused-value -Wempty-body -Wuninitialized -Wconditional-uninitialized -Wno-unknown-pragmas -Wno-shadow -Wno-four-char-constants -Wno-conversion -Wconstant-conversion -Wint-conversion -Wbool-conversion -Wenum-conversion -Wno-float-conversion -Wnon-literal-null-conversion -Wobjc-literal-conversion -Wshorten-64-to-32 -Wpointer-sign -Wno-newline-eof -Wno-selector -Wno-strict-selector-match -Wundeclared-selector -Wdeprecated-implementations -Wno-implicit-fallthrough -fstrict-aliasing -Wprotocol -Wdeprecated-declarations -Wno-sign-conversion -Winfinite-recursion -Wcomma -Wblock-capture-autoreleasing -Wstrict-prototypes -Wno-semicolon-before-method-body -Wunguarded-availability @/Users/runner/Library/Developer/Xcode/DerivedData/Document_Scan-gpyzovawczbcogekrckiypzonffc/Build/Intermediates.noindex/ArchiveIntermediates/Document_Scan/IntermediateBuildFilesPath/Pods.build/Release-iphoneos/WYYKit.build/Objects-normal/arm64/e6072d4f65d7061329687fe24e3d63a7-common-args.resp -include /Users/runner/work/Document_Scan/Document_Scan/Pods/Target\ Support\ Files/WYYKit/WYYKit-prefix.pch -MMD -MT dependencies -MF /Users/runner/Library/Developer/Xcode/DerivedData/Document_Scan-gpyzovawczbcogekrckiypzonffc/Build/Intermediates.noindex/ArchiveIntermediates/Document_Scan/IntermediateBuildFilesPath/Pods.build/Release-iphoneos/WYYKit.build/Objects-normal/arm64/WYYKit-dummy.d --serialize-diagnostics /Users/runner/Library/Developer/Xcode/DerivedData/Document_Scan-gpyzovawczbcogekrckiypzonffc/Build/Intermediates.noindex/ArchiveIntermediates/Document_Scan/IntermediateBuildFilesPath/Pods.build/Release-iphoneos/WYYKit.build/Objects-normal/arm64/WYYKit-dummy.dia -c /Users/runner/work/Document_Scan/Document_Scan/Pods/Target\ Support\ Files/WYYKit/WYYKit-dummy.m -o /Users/runner/Library/Developer/Xcode/DerivedData/Document_Scan-gpyzovawczbcogekrckiypzonffc/Build/Intermediates.noindex/ArchiveIntermediates/Document_Scan/IntermediateBuildFilesPath/Pods.build/Release-iphoneos/WYYKit.build/Objects-normal/arm64/WYYKit-dummy.o

ProcessProductPackaging /Users/runner/Library/MobileDevice/Provisioning\ Profiles/d0d24fc5-b7d8-472b-8b98-4ea1693585c2.mobileprovision /Users/runner/Library/Developer/Xcode/DerivedData/Document_Scan-gpyzovawczbcogekrckiypzonffc/Build/Intermediates.noindex/ArchiveIntermediates/Document_Scan/InstallationBuildProductsLocation/Applications/Document_Scan.app/embedded.mobileprovision (in target 'Document_Scan' from project 'Document_Scan')
    cd /Users/runner/work/Document_Scan/Document_Scan
    builtin-productPackagingUtility /Users/runner/Library/MobileDevice/Provisioning\ Profiles/d0d24fc5-b7d8-472b-8b98-4ea1693585c2.mobileprovision -o /Users/runner/Library/Developer/Xcode/DerivedData/Document_Scan-gpyzovawczbcogekrckiypzonffc/Build/Intermediates.noindex/ArchiveIntermediates/Document_Scan/InstallationBuildProductsLocation/Applications/Document_Scan.app/embedded.mobileprovision

ProcessProductPackaging "" /Users/runner/Library/Developer/Xcode/DerivedData/Document_Scan-gpyzovawczbcogekrckiypzonffc/Build/Intermediates.noindex/ArchiveIntermediates/Document_Scan/IntermediateBuildFilesPath/Document_Scan.build/Release-iphoneos/Document_Scan.build/Document_Scan.app.xcent (in target 'Document_Scan' from project 'Document_Scan')
    cd /Users/runner/work/Document_Scan/Document_Scan
    
    Entitlements:
    
    {
    "application-identifier" = "LLNYYVQJ8C.com.document.abraid.abram";
    "beta-reports-active" = 1;
    "com.apple.developer.team-identifier" = LLNYYVQJ8C;
    "get-task-allow" = 0;
}
    
    builtin-productPackagingUtility -entitlements -format xml -o /Users/runner/Library/Developer/Xcode/DerivedData/Document_Scan-gpyzovawczbcogekrckiypzonffc/Build/Intermediates.noindex/ArchiveIntermediates/Document_Scan/IntermediateBuildFilesPath/Document_Scan.build/Release-iphoneos/Document_Scan.build/Document_Scan.app.xcent

CompileC /Users/runner/Library/Developer/Xcode/DerivedData/Document_Scan-gpyzovawczbcogekrckiypzonffc/Build/Intermediates.noindex/ArchiveIntermediates/Document_Scan/IntermediateBuildFilesPath/Pods.build/Release-iphoneos/WYYKit.build/Objects-normal/arm64/WYYKit_vers.o /Users/runner/Library/Developer/Xcode/DerivedData/Document_Scan-gpyzovawczbcogekrckiypzonffc/Build/Intermediates.noindex/ArchiveIntermediates/Document_Scan/IntermediateBuildFilesPath/Pods.build/Release-iphoneos/WYYKit.build/DerivedSources/WYYKit_vers.c normal arm64 c com.apple.compilers.llvm.clang.1_0.compiler (in target 'WYYKit' from project 'Pods')
    cd /Users/runner/work/Document_Scan/Document_Scan/Pods
    
    Using response file: /Users/runner/Library/Developer/Xcode/DerivedData/Document_Scan-gpyzovawczbcogekrckiypzonffc/Build/Intermediates.noindex/ArchiveIntermediates/Document_Scan/IntermediateBuildFilesPath/Pods.build/Release-iphoneos/WYYKit.build/Objects-normal/arm64/7187679823f38a2a940e0043cdf9d637-common-args.resp
    
    /Applications/Xcode_16.4.app/Contents/Developer/Toolchains/XcodeDefault.xctoolchain/usr/bin/clang -x c -ivfsstatcache /Users/runner/Library/Developer/Xcode/DerivedData/SDKStatCaches.noindex/iphoneos18.5-22F76-a529daf784b3616c7c04a36aeb7f5c05.sdkstatcache -fmessage-length\=0 -fdiagnostics-show-note-include-stack -fmacro-backtrace-limit\=0 -fno-color-diagnostics -fmodules-prune-interval\=86400 -fmodules-prune-after\=345600 -fbuild-session-file\=/Users/runner/Library/Developer/Xcode/DerivedData/ModuleCache.noindex/Session.modulevalidation -fmodules-validate-once-per-build-session -Wnon-modular-include-in-framework-module -Werror\=non-modular-include-in-framework-module -Wno-trigraphs -Wno-missing-field-initializers -Wno-missing-prototypes -Werror\=return-type -Wdocumentation -Wunreachable-code -Werror\=deprecated-objc-isa-usage -Werror\=objc-root-class -Wno-missing-braces -Wparentheses -Wswitch -Wunused-function -Wno-unused-label -Wno-unused-parameter -Wunused-variable -Wunused-value -Wempty-body -Wuninitialized -Wconditional-uninitialized -Wno-unknown-pragmas -Wno-shadow -Wno-four-char-constants -Wno-conversion -Wconstant-conversion -Wint-conversion -Wbool-conversion -Wenum-conversion -Wno-float-conversion -Wnon-literal-null-conversion -Wobjc-literal-conversion -Wshorten-64-to-32 -Wpointer-sign -Wno-newline-eof -Wno-implicit-fallthrough -fstrict-aliasing -Wdeprecated-declarations -Wno-sign-conversion -Winfinite-recursion -Wcomma -Wblock-capture-autoreleasing -Wstrict-prototypes -Wno-semicolon-before-method-body -Wunguarded-availability @/Users/runner/Library/Developer/Xcode/DerivedData/Document_Scan-gpyzovawczbcogekrckiypzonffc/Build/Intermediates.noindex/ArchiveIntermediates/Document_Scan/IntermediateBuildFilesPath/Pods.build/Release-iphoneos/WYYKit.build/Objects-normal/arm64/7187679823f38a2a940e0043cdf9d637-common-args.resp -MMD -MT dependencies -MF /Users/runner/Library/Developer/Xcode/DerivedData/Document_Scan-gpyzovawczbcogekrckiypzonffc/Build/Intermediates.noindex/ArchiveIntermediates/Document_Scan/IntermediateBuildFilesPath/Pods.build/Release-iphoneos/WYYKit.build/Objects-normal/arm64/WYYKit_vers.d --serialize-diagnostics /Users/runner/Library/Developer/Xcode/DerivedData/Document_Scan-gpyzovawczbcogekrckiypzonffc/Build/Intermediates.noindex/ArchiveIntermediates/Document_Scan/IntermediateBuildFilesPath/Pods.build/Release-iphoneos/WYYKit.build/Objects-normal/arm64/WYYKit_vers.dia -c /Users/runner/Library/Developer/Xcode/DerivedData/Document_Scan-gpyzovawczbcogekrckiypzonffc/Build/Intermediates.noindex/ArchiveIntermediates/Document_Scan/IntermediateBuildFilesPath/Pods.build/Release-iphoneos/WYYKit.build/DerivedSources/WYYKit_vers.c -o /Users/runner/Library/Developer/Xcode/DerivedData/Document_Scan-gpyzovawczbcogekrckiypzonffc/Build/Intermediates.noindex/ArchiveIntermediates/Document_Scan/IntermediateBuildFilesPath/Pods.build/Release-iphoneos/WYYKit.build/Objects-normal/arm64/WYYKit_vers.o

ProcessProductPackagingDER /Users/runner/Library/Developer/Xcode/DerivedData/Document_Scan-gpyzovawczbcogekrckiypzonffc/Build/Intermediates.noindex/ArchiveIntermediates/Document_Scan/IntermediateBuildFilesPath/Document_Scan.build/Release-iphoneos/Document_Scan.build/Document_Scan.app.xcent /Users/runner/Library/Developer/Xcode/DerivedData/Document_Scan-gpyzovawczbcogekrckiypzonffc/Build/Intermediates.noindex/ArchiveIntermediates/Document_Scan/IntermediateBuildFilesPath/Document_Scan.build/Release-iphoneos/Document_Scan.build/Document_Scan.app.xcent.der (in target 'Document_Scan' from project 'Document_Scan')
    cd /Users/runner/work/Document_Scan/Document_Scan
    /usr/bin/derq query -f xml -i /Users/runner/Library/Developer/Xcode/DerivedData/Document_Scan-gpyzovawczbcogekrckiypzonffc/Build/Intermediates.noindex/ArchiveIntermediates/Document_Scan/IntermediateBuildFilesPath/Document_Scan.build/Release-iphoneos/Document_Scan.build/Document_Scan.app.xcent -o /Users/runner/Library/Developer/Xcode/DerivedData/Document_Scan-gpyzovawczbcogekrckiypzonffc/Build/Intermediates.noindex/ArchiveIntermediates/Document_Scan/IntermediateBuildFilesPath/Document_Scan.build/Release-iphoneos/Document_Scan.build/Document_Scan.app.xcent.der --raw

ScanDependencies /Users/runner/Library/Developer/Xcode/DerivedData/Document_Scan-gpyzovawczbcogekrckiypzonffc/Build/Intermediates.noindex/ArchiveIntermediates/Document_Scan/IntermediateBuildFilesPath/Pods.build/Release-iphoneos/Pods-Document_Scan.build/Objects-normal/arm64/Pods_Document_Scan_vers.o /Users/runner/Library/Developer/Xcode/DerivedData/Document_Scan-gpyzovawczbcogekrckiypzonffc/Build/Intermediates.noindex/ArchiveIntermediates/Document_Scan/IntermediateBuildFilesPath/Pods.build/Release-iphoneos/Pods-Document_Scan.build/DerivedSources/Pods_Document_Scan_vers.c normal arm64 c com.apple.compilers.llvm.clang.1_0.compiler (in target 'Pods-Document_Scan' from project 'Pods')
    cd /Users/runner/work/Document_Scan/Document_Scan/Pods
    
    Using response file: /Users/runner/Library/Developer/Xcode/DerivedData/Document_Scan-gpyzovawczbcogekrckiypzonffc/Build/Intermediates.noindex/ArchiveIntermediates/Document_Scan/IntermediateBuildFilesPath/Pods.build/Release-iphoneos/Pods-Document_Scan.build/Objects-normal/arm64/7187679823f38a2a940e0043cdf9d637-common-args.resp
    
    builtin-ScanDependencies -o /Users/runner/Library/Developer/Xcode/DerivedData/Document_Scan-gpyzovawczbcogekrckiypzonffc/Build/Intermediates.noindex/ArchiveIntermediates/Document_Scan/IntermediateBuildFilesPath/Pods.build/Release-iphoneos/Pods-Document_Scan.build/Objects-normal/arm64/Pods_Document_Scan_vers.o.scan -- /Applications/Xcode_16.4.app/Contents/Developer/Toolchains/XcodeDefault.xctoolchain/usr/bin/clang -x c -ivfsstatcache /Users/runner/Library/Developer/Xcode/DerivedData/SDKStatCaches.noindex/iphoneos18.5-22F76-a529daf784b3616c7c04a36aeb7f5c05.sdkstatcache -fmessage-length\=0 -fdiagnostics-show-note-include-stack -fmacro-backtrace-limit\=0 -fno-color-diagnostics -fmodules-prune-interval\=86400 -fmodules-prune-after\=345600 -fbuild-session-file\=/Users/runner/Library/Developer/Xcode/DerivedData/ModuleCache.noindex/Session.modulevalidation -fmodules-validate-once-per-build-session -Wnon-modular-include-in-framework-module -Werror\=non-modular-include-in-framework-module -Wno-trigraphs -Wno-missing-field-initializers -Wno-missing-prototypes -Werror\=return-type -Wdocumentation -Wunreachable-code -Werror\=deprecated-objc-isa-usage -Werror\=objc-root-class -Wno-missing-braces -Wparentheses -Wswitch -Wunused-function -Wno-unused-label -Wno-unused-parameter -Wunused-variable -Wunused-value -Wempty-body -Wuninitialized -Wconditional-uninitialized -Wno-unknown-pragmas -Wno-shadow -Wno-four-char-constants -Wno-conversion -Wconstant-conversion -Wint-conversion -Wbool-conversion -Wenum-conversion -Wno-float-conversion -Wnon-literal-null-conversion -Wobjc-literal-conversion -Wshorten-64-to-32 -Wpointer-sign -Wno-newline-eof -Wno-implicit-fallthrough -fstrict-aliasing -Wdeprecated-declarations -Wno-sign-conversion -Winfinite-recursion -Wcomma -Wblock-capture-autoreleasing -Wstrict-prototypes -Wno-semicolon-before-method-body -Wunguarded-availability @/Users/runner/Library/Developer/Xcode/DerivedData/Document_Scan-gpyzovawczbcogekrckiypzonffc/Build/Intermediates.noindex/ArchiveIntermediates/Document_Scan/IntermediateBuildFilesPath/Pods.build/Release-iphoneos/Pods-Document_Scan.build/Objects-normal/arm64/7187679823f38a2a940e0043cdf9d637-common-args.resp -MMD -MT dependencies -MF /Users/runner/Library/Developer/Xcode/DerivedData/Document_Scan-gpyzovawczbcogekrckiypzonffc/Build/Intermediates.noindex/ArchiveIntermediates/Document_Scan/IntermediateBuildFilesPath/Pods.build/Release-iphoneos/Pods-Document_Scan.build/Objects-normal/arm64/Pods_Document_Scan_vers.d --serialize-diagnostics /Users/runner/Library/Developer/Xcode/DerivedData/Document_Scan-gpyzovawczbcogekrckiypzonffc/Build/Intermediates.noindex/ArchiveIntermediates/Document_Scan/IntermediateBuildFilesPath/Pods.build/Release-iphoneos/Pods-Document_Scan.build/Objects-normal/arm64/Pods_Document_Scan_vers.dia -c /Users/runner/Library/Developer/Xcode/DerivedData/Document_Scan-gpyzovawczbcogekrckiypzonffc/Build/Intermediates.noindex/ArchiveIntermediates/Document_Scan/IntermediateBuildFilesPath/Pods.build/Release-iphoneos/Pods-Document_Scan.build/DerivedSources/Pods_Document_Scan_vers.c -o /Users/runner/Library/Developer/Xcode/DerivedData/Document_Scan-gpyzovawczbcogekrckiypzonffc/Build/Intermediates.noindex/ArchiveIntermediates/Document_Scan/IntermediateBuildFilesPath/Pods.build/Release-iphoneos/Pods-Document_Scan.build/Objects-normal/arm64/Pods_Document_Scan_vers.o

ScanDependencies /Users/runner/Library/Developer/Xcode/DerivedData/Document_Scan-gpyzovawczbcogekrckiypzonffc/Build/Intermediates.noindex/ArchiveIntermediates/Document_Scan/IntermediateBuildFilesPath/Pods.build/Release-iphoneos/Pods-Document_Scan.build/Objects-normal/arm64/Pods-Document_Scan-dummy.o /Users/runner/work/Document_Scan/Document_Scan/Pods/Target\ Support\ Files/Pods-Document_Scan/Pods-Document_Scan-dummy.m normal arm64 objective-c com.apple.compilers.llvm.clang.1_0.compiler (in target 'Pods-Document_Scan' from project 'Pods')
    cd /Users/runner/work/Document_Scan/Document_Scan/Pods
    
    Using response file: /Users/runner/Library/Developer/Xcode/DerivedData/Document_Scan-gpyzovawczbcogekrckiypzonffc/Build/Intermediates.noindex/ArchiveIntermediates/Document_Scan/IntermediateBuildFilesPath/Pods.build/Release-iphoneos/Pods-Document_Scan.build/Objects-normal/arm64/e6072d4f65d7061329687fe24e3d63a7-common-args.resp
    
    builtin-ScanDependencies -o /Users/runner/Library/Developer/Xcode/DerivedData/Document_Scan-gpyzovawczbcogekrckiypzonffc/Build/Intermediates.noindex/ArchiveIntermediates/Document_Scan/IntermediateBuildFilesPath/Pods.build/Release-iphoneos/Pods-Document_Scan.build/Objects-normal/arm64/Pods-Document_Scan-dummy.o.scan -- /Applications/Xcode_16.4.app/Contents/Developer/Toolchains/XcodeDefault.xctoolchain/usr/bin/clang -x objective-c -ivfsstatcache /Users/runner/Library/Developer/Xcode/DerivedData/SDKStatCaches.noindex/iphoneos18.5-22F76-a529daf784b3616c7c04a36aeb7f5c05.sdkstatcache -fmessage-length\=0 -fdiagnostics-show-note-include-stack -fmacro-backtrace-limit\=0 -fno-color-diagnostics -fmodules-prune-interval\=86400 -fmodules-prune-after\=345600 -fbuild-session-file\=/Users/runner/Library/Developer/Xcode/DerivedData/ModuleCache.noindex/Session.modulevalidation -fmodules-validate-once-per-build-session -Wnon-modular-include-in-framework-module -Werror\=non-modular-include-in-framework-module -Wno-trigraphs -Wno-missing-field-initializers -Wno-missing-prototypes -Werror\=return-type -Wdocumentation -Wunreachable-code -Wno-implicit-atomic-properties -Werror\=deprecated-objc-isa-usage -Wno-objc-interface-ivars -Werror\=objc-root-class -Wno-arc-repeated-use-of-weak -Wimplicit-retain-self -Wduplicate-method-match -Wno-missing-braces -Wparentheses -Wswitch -Wunused-function -Wno-unused-label -Wno-unused-parameter -Wunused-variable -Wunused-value -Wempty-body -Wuninitialized -Wconditional-uninitialized -Wno-unknown-pragmas -Wno-shadow -Wno-four-char-constants -Wno-conversion -Wconstant-conversion -Wint-conversion -Wbool-conversion -Wenum-conversion -Wno-float-conversion -Wnon-literal-null-conversion -Wobjc-literal-conversion -Wshorten-64-to-32 -Wpointer-sign -Wno-newline-eof -Wno-selector -Wno-strict-selector-match -Wundeclared-selector -Wdeprecated-implementations -Wno-implicit-fallthrough -fstrict-aliasing -Wprotocol -Wdeprecated-declarations -Wno-sign-conversion -Winfinite-recursion -Wcomma -Wblock-capture-autoreleasing -Wstrict-prototypes -Wno-semicolon-before-method-body -Wunguarded-availability @/Users/runner/Library/Developer/Xcode/DerivedData/Document_Scan-gpyzovawczbcogekrckiypzonffc/Build/Intermediates.noindex/ArchiveIntermediates/Document_Scan/IntermediateBuildFilesPath/Pods.build/Release-iphoneos/Pods-Document_Scan.build/Objects-normal/arm64/e6072d4f65d7061329687fe24e3d63a7-common-args.resp -MMD -MT dependencies -MF /Users/runner/Library/Developer/Xcode/DerivedData/Document_Scan-gpyzovawczbcogekrckiypzonffc/Build/Intermediates.noindex/ArchiveIntermediates/Document_Scan/IntermediateBuildFilesPath/Pods.build/Release-iphoneos/Pods-Document_Scan.build/Objects-normal/arm64/Pods-Document_Scan-dummy.d --serialize-diagnostics /Users/runner/Library/Developer/Xcode/DerivedData/Document_Scan-gpyzovawczbcogekrckiypzonffc/Build/Intermediates.noindex/ArchiveIntermediates/Document_Scan/IntermediateBuildFilesPath/Pods.build/Release-iphoneos/Pods-Document_Scan.build/Objects-normal/arm64/Pods-Document_Scan-dummy.dia -c /Users/runner/work/Document_Scan/Document_Scan/Pods/Target\ Support\ Files/Pods-Document_Scan/Pods-Document_Scan-dummy.m -o /Users/runner/Library/Developer/Xcode/DerivedData/Document_Scan-gpyzovawczbcogekrckiypzonffc/Build/Intermediates.noindex/ArchiveIntermediates/Document_Scan/IntermediateBuildFilesPath/Pods.build/Release-iphoneos/Pods-Document_Scan.build/Objects-normal/arm64/Pods-Document_Scan-dummy.o

CompileC /Users/runner/Library/Developer/Xcode/DerivedData/Document_Scan-gpyzovawczbcogekrckiypzonffc/Build/Intermediates.noindex/ArchiveIntermediates/Document_Scan/IntermediateBuildFilesPath/Pods.build/Release-iphoneos/Pods-Document_Scan.build/Objects-normal/arm64/Pods_Document_Scan_vers.o /Users/runner/Library/Developer/Xcode/DerivedData/Document_Scan-gpyzovawczbcogekrckiypzonffc/Build/Intermediates.noindex/ArchiveIntermediates/Document_Scan/IntermediateBuildFilesPath/Pods.build/Release-iphoneos/Pods-Document_Scan.build/DerivedSources/Pods_Document_Scan_vers.c normal arm64 c com.apple.compilers.llvm.clang.1_0.compiler (in target 'Pods-Document_Scan' from project 'Pods')
    cd /Users/runner/work/Document_Scan/Document_Scan/Pods
    
    Using response file: /Users/runner/Library/Developer/Xcode/DerivedData/Document_Scan-gpyzovawczbcogekrckiypzonffc/Build/Intermediates.noindex/ArchiveIntermediates/Document_Scan/IntermediateBuildFilesPath/Pods.build/Release-iphoneos/Pods-Document_Scan.build/Objects-normal/arm64/7187679823f38a2a940e0043cdf9d637-common-args.resp
    
    /Applications/Xcode_16.4.app/Contents/Developer/Toolchains/XcodeDefault.xctoolchain/usr/bin/clang -x c -ivfsstatcache /Users/runner/Library/Developer/Xcode/DerivedData/SDKStatCaches.noindex/iphoneos18.5-22F76-a529daf784b3616c7c04a36aeb7f5c05.sdkstatcache -fmessage-length\=0 -fdiagnostics-show-note-include-stack -fmacro-backtrace-limit\=0 -fno-color-diagnostics -fmodules-prune-interval\=86400 -fmodules-prune-after\=345600 -fbuild-session-file\=/Users/runner/Library/Developer/Xcode/DerivedData/ModuleCache.noindex/Session.modulevalidation -fmodules-validate-once-per-build-session -Wnon-modular-include-in-framework-module -Werror\=non-modular-include-in-framework-module -Wno-trigraphs -Wno-missing-field-initializers -Wno-missing-prototypes -Werror\=return-type -Wdocumentation -Wunreachable-code -Werror\=deprecated-objc-isa-usage -Werror\=objc-root-class -Wno-missing-braces -Wparentheses -Wswitch -Wunused-function -Wno-unused-label -Wno-unused-parameter -Wunused-variable -Wunused-value -Wempty-body -Wuninitialized -Wconditional-uninitialized -Wno-unknown-pragmas -Wno-shadow -Wno-four-char-constants -Wno-conversion -Wconstant-conversion -Wint-conversion -Wbool-conversion -Wenum-conversion -Wno-float-conversion -Wnon-literal-null-conversion -Wobjc-literal-conversion -Wshorten-64-to-32 -Wpointer-sign -Wno-newline-eof -Wno-implicit-fallthrough -fstrict-aliasing -Wdeprecated-declarations -Wno-sign-conversion -Winfinite-recursion -Wcomma -Wblock-capture-autoreleasing -Wstrict-prototypes -Wno-semicolon-before-method-body -Wunguarded-availability @/Users/runner/Library/Developer/Xcode/DerivedData/Document_Scan-gpyzovawczbcogekrckiypzonffc/Build/Intermediates.noindex/ArchiveIntermediates/Document_Scan/IntermediateBuildFilesPath/Pods.build/Release-iphoneos/Pods-Document_Scan.build/Objects-normal/arm64/7187679823f38a2a940e0043cdf9d637-common-args.resp -MMD -MT dependencies -MF /Users/runner/Library/Developer/Xcode/DerivedData/Document_Scan-gpyzovawczbcogekrckiypzonffc/Build/Intermediates.noindex/ArchiveIntermediates/Document_Scan/IntermediateBuildFilesPath/Pods.build/Release-iphoneos/Pods-Document_Scan.build/Objects-normal/arm64/Pods_Document_Scan_vers.d --serialize-diagnostics /Users/runner/Library/Developer/Xcode/DerivedData/Document_Scan-gpyzovawczbcogekrckiypzonffc/Build/Intermediates.noindex/ArchiveIntermediates/Document_Scan/IntermediateBuildFilesPath/Pods.build/Release-iphoneos/Pods-Document_Scan.build/Objects-normal/arm64/Pods_Document_Scan_vers.dia -c /Users/runner/Library/Developer/Xcode/DerivedData/Document_Scan-gpyzovawczbcogekrckiypzonffc/Build/Intermediates.noindex/ArchiveIntermediates/Document_Scan/IntermediateBuildFilesPath/Pods.build/Release-iphoneos/Pods-Document_Scan.build/DerivedSources/Pods_Document_Scan_vers.c -o /Users/runner/Library/Developer/Xcode/DerivedData/Document_Scan-gpyzovawczbcogekrckiypzonffc/Build/Intermediates.noindex/ArchiveIntermediates/Document_Scan/IntermediateBuildFilesPath/Pods.build/Release-iphoneos/Pods-Document_Scan.build/Objects-normal/arm64/Pods_Document_Scan_vers.o

PrecompileModule /Users/runner/Library/Developer/Xcode/DerivedData/Document_Scan-gpyzovawczbcogekrckiypzonffc/Build/Intermediates.noindex/ArchiveIntermediates/Document_Scan/IntermediateBuildFilesPath/ExplicitPrecompiledModules/TargetConditionals-342NQS39DFNQF5DK9CR5WQI0U.scan
    cd /Users/runner/work/Document_Scan/Document_Scan/Pods
    builtin-precompileModule /Users/runner/Library/Developer/Xcode/DerivedData/Document_Scan-gpyzovawczbcogekrckiypzonffc/Build/Intermediates.noindex/ArchiveIntermediates/Document_Scan/IntermediateBuildFilesPath/ExplicitPrecompiledModules/TargetConditionals-342NQS39DFNQF5DK9CR5WQI0U.scan

PrecompileModule /Users/runner/Library/Developer/Xcode/DerivedData/Document_Scan-gpyzovawczbcogekrckiypzonffc/Build/Intermediates.noindex/ArchiveIntermediates/Document_Scan/IntermediateBuildFilesPath/ExplicitPrecompiledModules/ptrauth-B1Y0NDHGK468BBWU7FXZR5HVF.scan
    cd /Users/runner/work/Document_Scan/Document_Scan/Pods
    builtin-precompileModule /Users/runner/Library/Developer/Xcode/DerivedData/Document_Scan-gpyzovawczbcogekrckiypzonffc/Build/Intermediates.noindex/ArchiveIntermediates/Document_Scan/IntermediateBuildFilesPath/ExplicitPrecompiledModules/ptrauth-B1Y0NDHGK468BBWU7FXZR5HVF.scan

PrecompileModule /Users/runner/Library/Developer/Xcode/DerivedData/Document_Scan-gpyzovawczbcogekrckiypzonffc/Build/Intermediates.noindex/ArchiveIntermediates/Document_Scan/IntermediateBuildFilesPath/ExplicitPrecompiledModules/_Builtin_stdbool-KDDBBV87NWDCE1GFNJCJZI58.scan
    cd /Users/runner/work/Document_Scan/Document_Scan/Pods
    builtin-precompileModule /Users/runner/Library/Developer/Xcode/DerivedData/Document_Scan-gpyzovawczbcogekrckiypzonffc/Build/Intermediates.noindex/ArchiveIntermediates/Document_Scan/IntermediateBuildFilesPath/ExplicitPrecompiledModules/_Builtin_stdbool-KDDBBV87NWDCE1GFNJCJZI58.scan

PrecompileModule /Users/runner/Library/Developer/Xcode/DerivedData/Document_Scan-gpyzovawczbcogekrckiypzonffc/Build/Intermediates.noindex/ArchiveIntermediates/Document_Scan/IntermediateBuildFilesPath/ExplicitPrecompiledModules/_float-EJZUN7F5GN3BUNYKHXNN16F6D.scan
    cd /Users/runner/work/Document_Scan/Document_Scan/Pods
    builtin-precompileModule /Users/runner/Library/Developer/Xcode/DerivedData/Document_Scan-gpyzovawczbcogekrckiypzonffc/Build/Intermediates.noindex/ArchiveIntermediates/Document_Scan/IntermediateBuildFilesPath/ExplicitPrecompiledModules/_float-EJZUN7F5GN3BUNYKHXNN16F6D.scan

PrecompileModule /Users/runner/Library/Developer/Xcode/DerivedData/Document_Scan-gpyzovawczbcogekrckiypzonffc/Build/Intermediates.noindex/ArchiveIntermediates/Document_Scan/IntermediateBuildFilesPath/ExplicitPrecompiledModules/_Builtin_stddef-115Z60E1ZEJMQ2XVNDKV2X2AV.scan
    cd /Users/runner/work/Document_Scan/Document_Scan/Pods
    builtin-precompileModule /Users/runner/Library/Developer/Xcode/DerivedData/Document_Scan-gpyzovawczbcogekrckiypzonffc/Build/Intermediates.noindex/ArchiveIntermediates/Document_Scan/IntermediateBuildFilesPath/ExplicitPrecompiledModules/_Builtin_stddef-115Z60E1ZEJMQ2XVNDKV2X2AV.scan

PrecompileModule /Users/runner/Library/Developer/Xcode/DerivedData/Document_Scan-gpyzovawczbcogekrckiypzonffc/Build/Intermediates.noindex/ArchiveIntermediates/Document_Scan/IntermediateBuildFilesPath/ExplicitPrecompiledModules/_fenv-1EAU6D1KWOUW4ZZCUJYFX853W.scan
    cd /Users/runner/work/Document_Scan/Document_Scan/Pods
    builtin-precompileModule /Users/runner/Library/Developer/Xcode/DerivedData/Document_Scan-gpyzovawczbcogekrckiypzonffc/Build/Intermediates.noindex/ArchiveIntermediates/Document_Scan/IntermediateBuildFilesPath/ExplicitPrecompiledModules/_fenv-1EAU6D1KWOUW4ZZCUJYFX853W.scan

PrecompileModule /Users/runner/Library/Developer/Xcode/DerivedData/Document_Scan-gpyzovawczbcogekrckiypzonffc/Build/Intermediates.noindex/ArchiveIntermediates/Document_Scan/IntermediateBuildFilesPath/ExplicitPrecompiledModules/os_availability_internal-B2NOY85SD0OJGHNNNDYQD1T9A.scan
    cd /Users/runner/work/Document_Scan/Document_Scan/Pods
    builtin-precompileModule /Users/runner/Library/Developer/Xcode/DerivedData/Document_Scan-gpyzovawczbcogekrckiypzonffc/Build/Intermediates.noindex/ArchiveIntermediates/Document_Scan/IntermediateBuildFilesPath/ExplicitPrecompiledModules/os_availability_internal-B2NOY85SD0OJGHNNNDYQD1T9A.scan

PrecompileModule /Users/runner/Library/Developer/Xcode/DerivedData/Document_Scan-gpyzovawczbcogekrckiypzonffc/Build/Intermediates.noindex/ArchiveIntermediates/Document_Scan/IntermediateBuildFilesPath/ExplicitPrecompiledModules/_Builtin_iso646-NRZUD2DQ940ECFE02PLMZ02Z.scan
    cd /Users/runner/work/Document_Scan/Document_Scan/Pods
    builtin-precompileModule /Users/runner/Library/Developer/Xcode/DerivedData/Document_Scan-gpyzovawczbcogekrckiypzonffc/Build/Intermediates.noindex/ArchiveIntermediates/Document_Scan/IntermediateBuildFilesPath/ExplicitPrecompiledModules/_Builtin_iso646-NRZUD2DQ940ECFE02PLMZ02Z.scan

PrecompileModule /Users/runner/Library/Developer/Xcode/DerivedData/Document_Scan-gpyzovawczbcogekrckiypzonffc/Build/Intermediates.noindex/ArchiveIntermediates/Document_Scan/IntermediateBuildFilesPath/ExplicitPrecompiledModules/_Builtin_float-AIUP4234HK6WG95YFVG3KYXHQ.scan
    cd /Users/runner/work/Document_Scan/Document_Scan/Pods
    builtin-precompileModule /Users/runner/Library/Developer/Xcode/DerivedData/Document_Scan-gpyzovawczbcogekrckiypzonffc/Build/Intermediates.noindex/ArchiveIntermediates/Document_Scan/IntermediateBuildFilesPath/ExplicitPrecompiledModules/_Builtin_float-AIUP4234HK6WG95YFVG3KYXHQ.scan

PrecompileModule /Users/runner/Library/Developer/Xcode/DerivedData/Document_Scan-gpyzovawczbcogekrckiypzonffc/Build/Intermediates.noindex/ArchiveIntermediates/Document_Scan/IntermediateBuildFilesPath/ExplicitPrecompiledModules/os_availability-E4FY93F56WUOGSSEV8LJWQTOD.scan
    cd /Users/runner/work/Document_Scan/Document_Scan/Pods
    builtin-precompileModule /Users/runner/Library/Developer/Xcode/DerivedData/Document_Scan-gpyzovawczbcogekrckiypzonffc/Build/Intermediates.noindex/ArchiveIntermediates/Document_Scan/IntermediateBuildFilesPath/ExplicitPrecompiledModules/os_availability-E4FY93F56WUOGSSEV8LJWQTOD.scan

PrecompileModule /Users/runner/Library/Developer/Xcode/DerivedData/Document_Scan-gpyzovawczbcogekrckiypzonffc/Build/Intermediates.noindex/ArchiveIntermediates/Document_Scan/IntermediateBuildFilesPath/ExplicitPrecompiledModules/_Builtin_stdarg-9KR6I4RTMHU45OCB7P3UCUJ9F.scan
    cd /Users/runner/work/Document_Scan/Document_Scan/Pods
    builtin-precompileModule /Users/runner/Library/Developer/Xcode/DerivedData/Document_Scan-gpyzovawczbcogekrckiypzonffc/Build/Intermediates.noindex/ArchiveIntermediates/Document_Scan/IntermediateBuildFilesPath/ExplicitPrecompiledModules/_Builtin_stdarg-9KR6I4RTMHU45OCB7P3UCUJ9F.scan

PrecompileModule /Users/runner/Library/Developer/Xcode/DerivedData/Document_Scan-gpyzovawczbcogekrckiypzonffc/Build/Intermediates.noindex/ArchiveIntermediates/Document_Scan/IntermediateBuildFilesPath/ExplicitPrecompiledModules/ptrcheck-I8BH02AVD4YBJX0K8VDGEM05.scan
    cd /Users/runner/work/Document_Scan/Document_Scan/Pods
    builtin-precompileModule /Users/runner/Library/Developer/Xcode/DerivedData/Document_Scan-gpyzovawczbcogekrckiypzonffc/Build/Intermediates.noindex/ArchiveIntermediates/Document_Scan/IntermediateBuildFilesPath/ExplicitPrecompiledModules/ptrcheck-I8BH02AVD4YBJX0K8VDGEM05.scan

PrecompileModule /Users/runner/Library/Developer/Xcode/DerivedData/Document_Scan-gpyzovawczbcogekrckiypzonffc/Build/Intermediates.noindex/ArchiveIntermediates/Document_Scan/IntermediateBuildFilesPath/ExplicitPrecompiledModules/AvailabilityMacros-8Q367J3CNT2HPBV9TQBEWSVQ0.scan
    cd /Users/runner/work/Document_Scan/Document_Scan/Pods
    builtin-precompileModule /Users/runner/Library/Developer/Xcode/DerivedData/Document_Scan-gpyzovawczbcogekrckiypzonffc/Build/Intermediates.noindex/ArchiveIntermediates/Document_Scan/IntermediateBuildFilesPath/ExplicitPrecompiledModules/AvailabilityMacros-8Q367J3CNT2HPBV9TQBEWSVQ0.scan

PrecompileModule /Users/runner/Library/Developer/Xcode/DerivedData/Document_Scan-gpyzovawczbcogekrckiypzonffc/Build/Intermediates.noindex/ArchiveIntermediates/Document_Scan/IntermediateBuildFilesPath/ExplicitPrecompiledModules/DarwinFoundation-ERD7ACD6342A1TWMAUS19VNOM.scan
    cd /Users/runner/work/Document_Scan/Document_Scan/Pods
    builtin-precompileModule /Users/runner/Library/Developer/Xcode/DerivedData/Document_Scan-gpyzovawczbcogekrckiypzonffc/Build/Intermediates.noindex/ArchiveIntermediates/Document_Scan/IntermediateBuildFilesPath/ExplicitPrecompiledModules/DarwinFoundation-ERD7ACD6342A1TWMAUS19VNOM.scan

PrecompileModule /Users/runner/Library/Developer/Xcode/DerivedData/Document_Scan-gpyzovawczbcogekrckiypzonffc/Build/Intermediates.noindex/ArchiveIntermediates/Document_Scan/IntermediateBuildFilesPath/ExplicitPrecompiledModules/_setjmp-DIBTBNBNXAJWZPRHTKG0WYSGX.scan
    cd /Users/runner/work/Document_Scan/Document_Scan/Pods
    builtin-precompileModule /Users/runner/Library/Developer/Xcode/DerivedData/Document_Scan-gpyzovawczbcogekrckiypzonffc/Build/Intermediates.noindex/ArchiveIntermediates/Document_Scan/IntermediateBuildFilesPath/ExplicitPrecompiledModules/_setjmp-DIBTBNBNXAJWZPRHTKG0WYSGX.scan

PrecompileModule /Users/runner/Library/Developer/Xcode/DerivedData/Document_Scan-gpyzovawczbcogekrckiypzonffc/Build/Intermediates.noindex/ArchiveIntermediates/Document_Scan/IntermediateBuildFilesPath/ExplicitPrecompiledModules/_limits-EVEGFQI4COBK5NG2AG7YGNPKQ.scan
    cd /Users/runner/work/Document_Scan/Document_Scan/Pods
    builtin-precompileModule /Users/runner/Library/Developer/Xcode/DerivedData/Document_Scan-gpyzovawczbcogekrckiypzonffc/Build/Intermediates.noindex/ArchiveIntermediates/Document_Scan/IntermediateBuildFilesPath/ExplicitPrecompiledModules/_limits-EVEGFQI4COBK5NG2AG7YGNPKQ.scan

PrecompileModule /Users/runner/Library/Developer/Xcode/DerivedData/Document_Scan-gpyzovawczbcogekrckiypzonffc/Build/Intermediates.noindex/ArchiveIntermediates/Document_Scan/IntermediateBuildFilesPath/ExplicitPrecompiledModules/_locale-F06E9N30CNFHX6JB2ICAQ4USH.scan
    cd /Users/runner/work/Document_Scan/Document_Scan/Pods
    builtin-precompileModule /Users/runner/Library/Developer/Xcode/DerivedData/Document_Scan-gpyzovawczbcogekrckiypzonffc/Build/Intermediates.noindex/ArchiveIntermediates/Document_Scan/IntermediateBuildFilesPath/ExplicitPrecompiledModules/_locale-F06E9N30CNFHX6JB2ICAQ4USH.scan

PrecompileModule /Users/runner/Library/Developer/Xcode/DerivedData/Document_Scan-gpyzovawczbcogekrckiypzonffc/Build/Intermediates.noindex/ArchiveIntermediates/Document_Scan/IntermediateBuildFilesPath/ExplicitPrecompiledModules/runetype-9C2QEQVN2CV6143XYFG1HOW0D.scan
    cd /Users/runner/work/Document_Scan/Document_Scan/Pods
    builtin-precompileModule /Users/runner/Library/Developer/Xcode/DerivedData/Document_Scan-gpyzovawczbcogekrckiypzonffc/Build/Intermediates.noindex/ArchiveIntermediates/Document_Scan/IntermediateBuildFilesPath/ExplicitPrecompiledModules/runetype-9C2QEQVN2CV6143XYFG1HOW0D.scan

PrecompileModule /Users/runner/Library/Developer/Xcode/DerivedData/Document_Scan-gpyzovawczbcogekrckiypzonffc/Build/Intermediates.noindex/ArchiveIntermediates/Document_Scan/IntermediateBuildFilesPath/ExplicitPrecompiledModules/_complex-1V9XG0IK0VJCGKA92WH4ZKABW.scan
    cd /Users/runner/work/Document_Scan/Document_Scan/Pods
    builtin-precompileModule /Users/runner/Library/Developer/Xcode/DerivedData/Document_Scan-gpyzovawczbcogekrckiypzonffc/Build/Intermediates.noindex/ArchiveIntermediates/Document_Scan/IntermediateBuildFilesPath/ExplicitPrecompiledModules/_complex-1V9XG0IK0VJCGKA92WH4ZKABW.scan

PrecompileModule /Users/runner/Library/Developer/Xcode/DerivedData/Document_Scan-gpyzovawczbcogekrckiypzonffc/Build/Intermediates.noindex/ArchiveIntermediates/Document_Scan/IntermediateBuildFilesPath/ExplicitPrecompiledModules/xlocale-2R807Y6WC53E6H5A4Q4S3T95B.scan
    cd /Users/runner/work/Document_Scan/Document_Scan/Pods
    builtin-precompileModule /Users/runner/Library/Developer/Xcode/DerivedData/Document_Scan-gpyzovawczbcogekrckiypzonffc/Build/Intermediates.noindex/ArchiveIntermediates/Document_Scan/IntermediateBuildFilesPath/ExplicitPrecompiledModules/xlocale-2R807Y6WC53E6H5A4Q4S3T95B.scan

PrecompileModule /Users/runner/Library/Developer/Xcode/DerivedData/Document_Scan-gpyzovawczbcogekrckiypzonffc/Build/Intermediates.noindex/ArchiveIntermediates/Document_Scan/IntermediateBuildFilesPath/ExplicitPrecompiledModules/_ctype-2B0DWSSN5XNFR2POETTQSBHQ6.scan
    cd /Users/runner/work/Document_Scan/Document_Scan/Pods
    builtin-precompileModule /Users/runner/Library/Developer/Xcode/DerivedData/Document_Scan-gpyzovawczbcogekrckiypzonffc/Build/Intermediates.noindex/ArchiveIntermediates/Document_Scan/IntermediateBuildFilesPath/ExplicitPrecompiledModules/_ctype-2B0DWSSN5XNFR2POETTQSBHQ6.scan

PrecompileModule /Users/runner/Library/Developer/Xcode/DerivedData/Document_Scan-gpyzovawczbcogekrckiypzonffc/Build/Intermediates.noindex/ArchiveIntermediates/Document_Scan/IntermediateBuildFilesPath/ExplicitPrecompiledModules/mach-CJ8HN69LQEG0ZEMOXCCG60OAO.scan
    cd /Users/runner/work/Document_Scan/Document_Scan/Pods
    builtin-precompileModule /Users/runner/Library/Developer/Xcode/DerivedData/Document_Scan-gpyzovawczbcogekrckiypzonffc/Build/Intermediates.noindex/ArchiveIntermediates/Document_Scan/IntermediateBuildFilesPath/ExplicitPrecompiledModules/mach-CJ8HN69LQEG0ZEMOXCCG60OAO.scan

PrecompileModule /Users/runner/Library/Developer/Xcode/DerivedData/Document_Scan-gpyzovawczbcogekrckiypzonffc/Build/Intermediates.noindex/ArchiveIntermediates/Document_Scan/IntermediateBuildFilesPath/ExplicitPrecompiledModules/sys_time-D7JSPEYH9DWB8KERE5VLY4M5O.scan
    cd /Users/runner/work/Document_Scan/Document_Scan/Pods
    builtin-precompileModule /Users/runner/Library/Developer/Xcode/DerivedData/Document_Scan-gpyzovawczbcogekrckiypzonffc/Build/Intermediates.noindex/ArchiveIntermediates/Document_Scan/IntermediateBuildFilesPath/ExplicitPrecompiledModules/sys_time-D7JSPEYH9DWB8KERE5VLY4M5O.scan

PrecompileModule /Users/runner/Library/Developer/Xcode/DerivedData/Document_Scan-gpyzovawczbcogekrckiypzonffc/Build/Intermediates.noindex/ArchiveIntermediates/Document_Scan/IntermediateBuildFilesPath/ExplicitPrecompiledModules/__wctype-4PW53X8Z3VEYWK62A1N6LC0TN.scan
    cd /Users/runner/work/Document_Scan/Document_Scan/Pods
    builtin-precompileModule /Users/runner/Library/Developer/Xcode/DerivedData/Document_Scan-gpyzovawczbcogekrckiypzonffc/Build/Intermediates.noindex/ArchiveIntermediates/Document_Scan/IntermediateBuildFilesPath/ExplicitPrecompiledModules/__wctype-4PW53X8Z3VEYWK62A1N6LC0TN.scan

PrecompileModule /Users/runner/Library/Developer/Xcode/DerivedData/Document_Scan-gpyzovawczbcogekrckiypzonffc/Build/Intermediates.noindex/ArchiveIntermediates/Document_Scan/IntermediateBuildFilesPath/ExplicitPrecompiledModules/_useconds_t-F31GEEPCULZCUQ11GFBJRNI4B.scan
    cd /Users/runner/work/Document_Scan/Document_Scan/Pods
    builtin-precompileModule /Users/runner/Library/Developer/Xcode/DerivedData/Document_Scan-gpyzovawczbcogekrckiypzonffc/Build/Intermediates.noindex/ArchiveIntermediates/Document_Scan/IntermediateBuildFilesPath/ExplicitPrecompiledModules/_useconds_t-F31GEEPCULZCUQ11GFBJRNI4B.scan

PrecompileModule /Users/runner/Library/Developer/Xcode/DerivedData/Document_Scan-gpyzovawczbcogekrckiypzonffc/Build/Intermediates.noindex/ArchiveIntermediates/Document_Scan/IntermediateBuildFilesPath/ExplicitPrecompiledModules/_sys_select-EKBOAHJ6N6ZNPJE77530EBD6O.scan
    cd /Users/runner/work/Document_Scan/Document_Scan/Pods
    builtin-precompileModule /Users/runner/Library/Developer/Xcode/DerivedData/Document_Scan-gpyzovawczbcogekrckiypzonffc/Build/Intermediates.noindex/ArchiveIntermediates/Document_Scan/IntermediateBuildFilesPath/ExplicitPrecompiledModules/_sys_select-EKBOAHJ6N6ZNPJE77530EBD6O.scan

PrecompileModule /Users/runner/Library/Developer/Xcode/DerivedData/Document_Scan-gpyzovawczbcogekrckiypzonffc/Build/Intermediates.noindex/ArchiveIntermediates/Document_Scan/IntermediateBuildFilesPath/ExplicitPrecompiledModules/_Builtin_limits-EECGMK0NWXEOPZJQMHPS08Y6L.scan
    cd /Users/runner/work/Document_Scan/Document_Scan/Pods
    builtin-precompileModule /Users/runner/Library/Developer/Xcode/DerivedData/Document_Scan-gpyzovawczbcogekrckiypzonffc/Build/Intermediates.noindex/ArchiveIntermediates/Document_Scan/IntermediateBuildFilesPath/ExplicitPrecompiledModules/_Builtin_limits-EECGMK0NWXEOPZJQMHPS08Y6L.scan

PrecompileModule /Users/runner/Library/Developer/Xcode/DerivedData/Document_Scan-gpyzovawczbcogekrckiypzonffc/Build/Intermediates.noindex/ArchiveIntermediates/Document_Scan/IntermediateBuildFilesPath/ExplicitPrecompiledModules/_wctype-6KWZCI0WKH37GV21HKRR7DA9E.scan
    cd /Users/runner/work/Document_Scan/Document_Scan/Pods
    builtin-precompileModule /Users/runner/Library/Developer/Xcode/DerivedData/Document_Scan-gpyzovawczbcogekrckiypzonffc/Build/Intermediates.noindex/ArchiveIntermediates/Document_Scan/IntermediateBuildFilesPath/ExplicitPrecompiledModules/_wctype-6KWZCI0WKH37GV21HKRR7DA9E.scan

PrecompileModule /Users/runner/Library/Developer/Xcode/DerivedData/Document_Scan-gpyzovawczbcogekrckiypzonffc/Build/Intermediates.noindex/ArchiveIntermediates/Document_Scan/IntermediateBuildFilesPath/ExplicitPrecompiledModules/_math-DQX4IH0BG8BGOW79W055E8UA6.scan
    cd /Users/runner/work/Document_Scan/Document_Scan/Pods
    builtin-precompileModule /Users/runner/Library/Developer/Xcode/DerivedData/Document_Scan-gpyzovawczbcogekrckiypzonffc/Build/Intermediates.noindex/ArchiveIntermediates/Document_Scan/IntermediateBuildFilesPath/ExplicitPrecompiledModules/_math-DQX4IH0BG8BGOW79W055E8UA6.scan

PrecompileModule /Users/runner/Library/Developer/Xcode/DerivedData/Document_Scan-gpyzovawczbcogekrckiypzonffc/Build/Intermediates.noindex/ArchiveIntermediates/Document_Scan/IntermediateBuildFilesPath/ExplicitPrecompiledModules/_strings-4BVJNDONITRSJBASPEKBH61XT.scan
    cd /Users/runner/work/Document_Scan/Document_Scan/Pods
    builtin-precompileModule /Users/runner/Library/Developer/Xcode/DerivedData/Document_Scan-gpyzovawczbcogekrckiypzonffc/Build/Intermediates.noindex/ArchiveIntermediates/Document_Scan/IntermediateBuildFilesPath/ExplicitPrecompiledModules/_strings-4BVJNDONITRSJBASPEKBH61XT.scan

PrecompileModule /Users/runner/Library/Developer/Xcode/DerivedData/Document_Scan-gpyzovawczbcogekrckiypzonffc/Build/Intermediates.noindex/ArchiveIntermediates/Document_Scan/IntermediateBuildFilesPath/ExplicitPrecompiledModules/netinet_in-9UA7BQAMXC5AV578EHBXA0LUG.scan
    cd /Users/runner/work/Document_Scan/Document_Scan/Pods
    builtin-precompileModule /Users/runner/Library/Developer/Xcode/DerivedData/Document_Scan-gpyzovawczbcogekrckiypzonffc/Build/Intermediates.noindex/ArchiveIntermediates/Document_Scan/IntermediateBuildFilesPath/ExplicitPrecompiledModules/netinet_in-9UA7BQAMXC5AV578EHBXA0LUG.scan

PrecompileModule /Users/runner/Library/Developer/Xcode/DerivedData/Document_Scan-gpyzovawczbcogekrckiypzonffc/Build/Intermediates.noindex/ArchiveIntermediates/Document_Scan/IntermediateBuildFilesPath/ExplicitPrecompiledModules/alloca-2195MPOPOT9N0Z2WIV75QOA3C.scan
    cd /Users/runner/work/Document_Scan/Document_Scan/Pods
    builtin-precompileModule /Users/runner/Library/Developer/Xcode/DerivedData/Document_Scan-gpyzovawczbcogekrckiypzonffc/Build/Intermediates.noindex/ArchiveIntermediates/Document_Scan/IntermediateBuildFilesPath/ExplicitPrecompiledModules/alloca-2195MPOPOT9N0Z2WIV75QOA3C.scan

PrecompileModule /Users/runner/Library/Developer/Xcode/DerivedData/Document_Scan-gpyzovawczbcogekrckiypzonffc/Build/Intermediates.noindex/ArchiveIntermediates/Document_Scan/IntermediateBuildFilesPath/ExplicitPrecompiledModules/_tgmath-9U7Y6EXQEKIH981H2F5D4029K.scan
    cd /Users/runner/work/Document_Scan/Document_Scan/Pods
    builtin-precompileModule /Users/runner/Library/Developer/Xcode/DerivedData/Document_Scan-gpyzovawczbcogekrckiypzonffc/Build/Intermediates.noindex/ArchiveIntermediates/Document_Scan/IntermediateBuildFilesPath/ExplicitPrecompiledModules/_tgmath-9U7Y6EXQEKIH981H2F5D4029K.scan

PrecompileModule /Users/runner/Library/Developer/Xcode/DerivedData/Document_Scan-gpyzovawczbcogekrckiypzonffc/Build/Intermediates.noindex/ArchiveIntermediates/Document_Scan/IntermediateBuildFilesPath/ExplicitPrecompiledModules/_assert-EWD1IMV1Q5SFKJHY6A4NBTH9S.scan
    cd /Users/runner/work/Document_Scan/Document_Scan/Pods
    builtin-precompileModule /Users/runner/Library/Developer/Xcode/DerivedData/Document_Scan-gpyzovawczbcogekrckiypzonffc/Build/Intermediates.noindex/ArchiveIntermediates/Document_Scan/IntermediateBuildFilesPath/ExplicitPrecompiledModules/_assert-EWD1IMV1Q5SFKJHY6A4NBTH9S.scan

PrecompileModule /Users/runner/Library/Developer/Xcode/DerivedData/Document_Scan-gpyzovawczbcogekrckiypzonffc/Build/Intermediates.noindex/ArchiveIntermediates/Document_Scan/IntermediateBuildFilesPath/ExplicitPrecompiledModules/uuid-1JT2HST5TUBNU5ZR2CS4R22E4.scan
    cd /Users/runner/work/Document_Scan/Document_Scan/Pods
    builtin-precompileModule /Users/runner/Library/Developer/Xcode/DerivedData/Document_Scan-gpyzovawczbcogekrckiypzonffc/Build/Intermediates.noindex/ArchiveIntermediates/Document_Scan/IntermediateBuildFilesPath/ExplicitPrecompiledModules/uuid-1JT2HST5TUBNU5ZR2CS4R22E4.scan

PrecompileModule /Users/runner/Library/Developer/Xcode/DerivedData/Document_Scan-gpyzovawczbcogekrckiypzonffc/Build/Intermediates.noindex/ArchiveIntermediates/Document_Scan/IntermediateBuildFilesPath/ExplicitPrecompiledModules/_stdint-70S8KVUNZIL74YIP8D498C4FG.scan
    cd /Users/runner/work/Document_Scan/Document_Scan/Pods
    builtin-precompileModule /Users/runner/Library/Developer/Xcode/DerivedData/Document_Scan-gpyzovawczbcogekrckiypzonffc/Build/Intermediates.noindex/ArchiveIntermediates/Document_Scan/IntermediateBuildFilesPath/ExplicitPrecompiledModules/_stdint-70S8KVUNZIL74YIP8D498C4FG.scan

PrecompileModule /Users/runner/Library/Developer/Xcode/DerivedData/Document_Scan-gpyzovawczbcogekrckiypzonffc/Build/Intermediates.noindex/ArchiveIntermediates/Document_Scan/IntermediateBuildFilesPath/ExplicitPrecompiledModules/_Builtin_tgmath-9EB34V8CT5HGT306LFJBNKU8U.scan
    cd /Users/runner/work/Document_Scan/Document_Scan/Pods
    builtin-precompileModule /Users/runner/Library/Developer/Xcode/DerivedData/Document_Scan-gpyzovawczbcogekrckiypzonffc/Build/Intermediates.noindex/ArchiveIntermediates/Document_Scan/IntermediateBuildFilesPath/ExplicitPrecompiledModules/_Builtin_tgmath-9EB34V8CT5HGT306LFJBNKU8U.scan

PrecompileModule /Users/runner/Library/Developer/Xcode/DerivedData/Document_Scan-gpyzovawczbcogekrckiypzonffc/Build/Intermediates.noindex/ArchiveIntermediates/Document_Scan/IntermediateBuildFilesPath/ExplicitPrecompiledModules/_errno-1LQVABB0X6CSBIV4IGJE490ZR.scan
    cd /Users/runner/work/Document_Scan/Document_Scan/Pods
    builtin-precompileModule /Users/runner/Library/Developer/Xcode/DerivedData/Document_Scan-gpyzovawczbcogekrckiypzonffc/Build/Intermediates.noindex/ArchiveIntermediates/Document_Scan/IntermediateBuildFilesPath/ExplicitPrecompiledModules/_errno-1LQVABB0X6CSBIV4IGJE490ZR.scan

PrecompileModule /Users/runner/Library/Developer/Xcode/DerivedData/Document_Scan-gpyzovawczbcogekrckiypzonffc/Build/Intermediates.noindex/ArchiveIntermediates/Document_Scan/IntermediateBuildFilesPath/ExplicitPrecompiledModules/_Builtin_stdint-ESUIM10TFIGJRTD618QIHJUOX.scan
    cd /Users/runner/work/Document_Scan/Document_Scan/Pods
    builtin-precompileModule /Users/runner/Library/Developer/Xcode/DerivedData/Document_Scan-gpyzovawczbcogekrckiypzonffc/Build/Intermediates.noindex/ArchiveIntermediates/Document_Scan/IntermediateBuildFilesPath/ExplicitPrecompiledModules/_Builtin_stdint-ESUIM10TFIGJRTD618QIHJUOX.scan

PrecompileModule /Users/runner/Library/Developer/Xcode/DerivedData/Document_Scan-gpyzovawczbcogekrckiypzonffc/Build/Intermediates.noindex/ArchiveIntermediates/Document_Scan/IntermediateBuildFilesPath/ExplicitPrecompiledModules/sys_types-6MQSR9ZMB5HHXTURC5H86JE4F.scan
    cd /Users/runner/work/Document_Scan/Document_Scan/Pods
    builtin-precompileModule /Users/runner/Library/Developer/Xcode/DerivedData/Document_Scan-gpyzovawczbcogekrckiypzonffc/Build/Intermediates.noindex/ArchiveIntermediates/Document_Scan/IntermediateBuildFilesPath/ExplicitPrecompiledModules/sys_types-6MQSR9ZMB5HHXTURC5H86JE4F.scan

PrecompileModule /Users/runner/Library/Developer/Xcode/DerivedData/Document_Scan-gpyzovawczbcogekrckiypzonffc/Build/Intermediates.noindex/ArchiveIntermediates/Document_Scan/IntermediateBuildFilesPath/ExplicitPrecompiledModules/_Builtin_stdatomic-2X0PXZER6ZAD2FKCWO34P7ZC6.scan
    cd /Users/runner/work/Document_Scan/Document_Scan/Pods
    builtin-precompileModule /Users/runner/Library/Developer/Xcode/DerivedData/Document_Scan-gpyzovawczbcogekrckiypzonffc/Build/Intermediates.noindex/ArchiveIntermediates/Document_Scan/IntermediateBuildFilesPath/ExplicitPrecompiledModules/_Builtin_stdatomic-2X0PXZER6ZAD2FKCWO34P7ZC6.scan

PrecompileModule /Users/runner/Library/Developer/Xcode/DerivedData/Document_Scan-gpyzovawczbcogekrckiypzonffc/Build/Intermediates.noindex/ArchiveIntermediates/Document_Scan/IntermediateBuildFilesPath/ExplicitPrecompiledModules/_inttypes-AU3WFJINAGLTF987REPMHETG2.scan
    cd /Users/runner/work/Document_Scan/Document_Scan/Pods
    builtin-precompileModule /Users/runner/Library/Developer/Xcode/DerivedData/Document_Scan-gpyzovawczbcogekrckiypzonffc/Build/Intermediates.noindex/ArchiveIntermediates/Document_Scan/IntermediateBuildFilesPath/ExplicitPrecompiledModules/_inttypes-AU3WFJINAGLTF987REPMHETG2.scan

PrecompileModule /Users/runner/Library/Developer/Xcode/DerivedData/Document_Scan-gpyzovawczbcogekrckiypzonffc/Build/Intermediates.noindex/ArchiveIntermediates/Document_Scan/IntermediateBuildFilesPath/ExplicitPrecompiledModules/_string-8AB7ZBXCC1N5WGXGZ96S6QXY.scan
    cd /Users/runner/work/Document_Scan/Document_Scan/Pods
    builtin-precompileModule /Users/runner/Library/Developer/Xcode/DerivedData/Document_Scan-gpyzovawczbcogekrckiypzonffc/Build/Intermediates.noindex/ArchiveIntermediates/Document_Scan/IntermediateBuildFilesPath/ExplicitPrecompiledModules/_string-8AB7ZBXCC1N5WGXGZ96S6QXY.scan

PrecompileModule /Users/runner/Library/Developer/Xcode/DerivedData/Document_Scan-gpyzovawczbcogekrckiypzonffc/Build/Intermediates.noindex/ArchiveIntermediates/Document_Scan/IntermediateBuildFilesPath/ExplicitPrecompiledModules/_stdio-BNZQKU412TYL7MAH456HHUKIA.scan
    cd /Users/runner/work/Document_Scan/Document_Scan/Pods
    builtin-precompileModule /Users/runner/Library/Developer/Xcode/DerivedData/Document_Scan-gpyzovawczbcogekrckiypzonffc/Build/Intermediates.noindex/ArchiveIntermediates/Document_Scan/IntermediateBuildFilesPath/ExplicitPrecompiledModules/_stdio-BNZQKU412TYL7MAH456HHUKIA.scan

PrecompileModule /Users/runner/Library/Developer/Xcode/DerivedData/Document_Scan-gpyzovawczbcogekrckiypzonffc/Build/Intermediates.noindex/ArchiveIntermediates/Document_Scan/IntermediateBuildFilesPath/ExplicitPrecompiledModules/nl_types-92Q3AJNMRRIHH2WYFHEWC0A0C.scan
    cd /Users/runner/work/Document_Scan/Document_Scan/Pods
    builtin-precompileModule /Users/runner/Library/Developer/Xcode/DerivedData/Document_Scan-gpyzovawczbcogekrckiypzonffc/Build/Intermediates.noindex/ArchiveIntermediates/Document_Scan/IntermediateBuildFilesPath/ExplicitPrecompiledModules/nl_types-92Q3AJNMRRIHH2WYFHEWC0A0C.scan

PrecompileModule /Users/runner/Library/Developer/Xcode/DerivedData/Document_Scan-gpyzovawczbcogekrckiypzonffc/Build/Intermediates.noindex/ArchiveIntermediates/Document_Scan/IntermediateBuildFilesPath/ExplicitPrecompiledModules/_Builtin_inttypes-K6E52CL573DVEBSK38SX5SMM.scan
    cd /Users/runner/work/Document_Scan/Document_Scan/Pods
    builtin-precompileModule /Users/runner/Library/Developer/Xcode/DerivedData/Document_Scan-gpyzovawczbcogekrckiypzonffc/Build/Intermediates.noindex/ArchiveIntermediates/Document_Scan/IntermediateBuildFilesPath/ExplicitPrecompiledModules/_Builtin_inttypes-K6E52CL573DVEBSK38SX5SMM.scan

PrecompileModule /Users/runner/Library/Developer/Xcode/DerivedData/Document_Scan-gpyzovawczbcogekrckiypzonffc/Build/Intermediates.noindex/ArchiveIntermediates/Document_Scan/IntermediateBuildFilesPath/ExplicitPrecompiledModules/_signal-2CY9DLODYZJCHUM25FPJEFUQC.scan
    cd /Users/runner/work/Document_Scan/Document_Scan/Pods
    builtin-precompileModule /Users/runner/Library/Developer/Xcode/DerivedData/Document_Scan-gpyzovawczbcogekrckiypzonffc/Build/Intermediates.noindex/ArchiveIntermediates/Document_Scan/IntermediateBuildFilesPath/ExplicitPrecompiledModules/_signal-2CY9DLODYZJCHUM25FPJEFUQC.scan

PrecompileModule /Users/runner/Library/Developer/Xcode/DerivedData/Document_Scan-gpyzovawczbcogekrckiypzonffc/Build/Intermediates.noindex/ArchiveIntermediates/Document_Scan/IntermediateBuildFilesPath/ExplicitPrecompiledModules/_time-3DOWEMR874IOESUVW2NBOQ0CW.scan
    cd /Users/runner/work/Document_Scan/Document_Scan/Pods
    builtin-precompileModule /Users/runner/Library/Developer/Xcode/DerivedData/Document_Scan-gpyzovawczbcogekrckiypzonffc/Build/Intermediates.noindex/ArchiveIntermediates/Document_Scan/IntermediateBuildFilesPath/ExplicitPrecompiledModules/_time-3DOWEMR874IOESUVW2NBOQ0CW.scan

PrecompileModule /Users/runner/Library/Developer/Xcode/DerivedData/Document_Scan-gpyzovawczbcogekrckiypzonffc/Build/Intermediates.noindex/ArchiveIntermediates/Document_Scan/IntermediateBuildFilesPath/ExplicitPrecompiledModules/sys_resource-DITSS2HN5T4SWAFR0HDFPN7IU.scan
    cd /Users/runner/work/Document_Scan/Document_Scan/Pods
    builtin-precompileModule /Users/runner/Library/Developer/Xcode/DerivedData/Document_Scan-gpyzovawczbcogekrckiypzonffc/Build/Intermediates.noindex/ArchiveIntermediates/Document_Scan/IntermediateBuildFilesPath/ExplicitPrecompiledModules/sys_resource-DITSS2HN5T4SWAFR0HDFPN7IU.scan

PrecompileModule /Users/runner/Library/Developer/Xcode/DerivedData/Document_Scan-gpyzovawczbcogekrckiypzonffc/Build/Intermediates.noindex/ArchiveIntermediates/Document_Scan/IntermediateBuildFilesPath/ExplicitPrecompiledModules/gethostuuid-3S1IE9QMEU57308QOEVMKHG3.scan
    cd /Users/runner/work/Document_Scan/Document_Scan/Pods
    builtin-precompileModule /Users/runner/Library/Developer/Xcode/DerivedData/Document_Scan-gpyzovawczbcogekrckiypzonffc/Build/Intermediates.noindex/ArchiveIntermediates/Document_Scan/IntermediateBuildFilesPath/ExplicitPrecompiledModules/gethostuuid-3S1IE9QMEU57308QOEVMKHG3.scan

PrecompileModule /Users/runner/Library/Developer/Xcode/DerivedData/Document_Scan-gpyzovawczbcogekrckiypzonffc/Build/Intermediates.noindex/ArchiveIntermediates/Document_Scan/IntermediateBuildFilesPath/ExplicitPrecompiledModules/pthread-XQK8XFHVCAO1K90M32OULB1J.scan
    cd /Users/runner/work/Document_Scan/Document_Scan/Pods
    builtin-precompileModule /Users/runner/Library/Developer/Xcode/DerivedData/Document_Scan-gpyzovawczbcogekrckiypzonffc/Build/Intermediates.noindex/ArchiveIntermediates/Document_Scan/IntermediateBuildFilesPath/ExplicitPrecompiledModules/pthread-XQK8XFHVCAO1K90M32OULB1J.scan

PrecompileModule /Users/runner/Library/Developer/Xcode/DerivedData/Document_Scan-gpyzovawczbcogekrckiypzonffc/Build/Intermediates.noindex/ArchiveIntermediates/Document_Scan/IntermediateBuildFilesPath/ExplicitPrecompiledModules/sys_select-7FZWT6HW1M1QJWDFYSPUF51IH.scan
    cd /Users/runner/work/Document_Scan/Document_Scan/Pods
    builtin-precompileModule /Users/runner/Library/Developer/Xcode/DerivedData/Document_Scan-gpyzovawczbcogekrckiypzonffc/Build/Intermediates.noindex/ArchiveIntermediates/Document_Scan/IntermediateBuildFilesPath/ExplicitPrecompiledModules/sys_select-7FZWT6HW1M1QJWDFYSPUF51IH.scan

PrecompileModule /Users/runner/Library/Developer/Xcode/DerivedData/Document_Scan-gpyzovawczbcogekrckiypzonffc/Build/Intermediates.noindex/ArchiveIntermediates/Document_Scan/IntermediateBuildFilesPath/ExplicitPrecompiledModules/sys_wait-PZRP69UNBZ0WX2LHXBB9GSVQ.scan
    cd /Users/runner/work/Document_Scan/Document_Scan/Pods
    builtin-precompileModule /Users/runner/Library/Developer/Xcode/DerivedData/Document_Scan-gpyzovawczbcogekrckiypzonffc/Build/Intermediates.noindex/ArchiveIntermediates/Document_Scan/IntermediateBuildFilesPath/ExplicitPrecompiledModules/sys_wait-PZRP69UNBZ0WX2LHXBB9GSVQ.scan

PrecompileModule /Users/runner/Library/Developer/Xcode/DerivedData/Document_Scan-gpyzovawczbcogekrckiypzonffc/Build/Intermediates.noindex/ArchiveIntermediates/Document_Scan/IntermediateBuildFilesPath/ExplicitPrecompiledModules/_wchar-1O9RLC1E5ADG42OFR5C0ALLP0.scan
    cd /Users/runner/work/Document_Scan/Document_Scan/Pods
    builtin-precompileModule /Users/runner/Library/Developer/Xcode/DerivedData/Document_Scan-gpyzovawczbcogekrckiypzonffc/Build/Intermediates.noindex/ArchiveIntermediates/Document_Scan/IntermediateBuildFilesPath/ExplicitPrecompiledModules/_wchar-1O9RLC1E5ADG42OFR5C0ALLP0.scan

PrecompileModule /Users/runner/Library/Developer/Xcode/DerivedData/Document_Scan-gpyzovawczbcogekrckiypzonffc/Build/Intermediates.noindex/ArchiveIntermediates/Document_Scan/IntermediateBuildFilesPath/ExplicitPrecompiledModules/unistd-B3AJH6WB6QGGNO4OROXPD8BDN.scan
    cd /Users/runner/work/Document_Scan/Document_Scan/Pods
    builtin-precompileModule /Users/runner/Library/Developer/Xcode/DerivedData/Document_Scan-gpyzovawczbcogekrckiypzonffc/Build/Intermediates.noindex/ArchiveIntermediates/Document_Scan/IntermediateBuildFilesPath/ExplicitPrecompiledModules/unistd-B3AJH6WB6QGGNO4OROXPD8BDN.scan

PrecompileModule /Users/runner/Library/Developer/Xcode/DerivedData/Document_Scan-gpyzovawczbcogekrckiypzonffc/Build/Intermediates.noindex/ArchiveIntermediates/Document_Scan/IntermediateBuildFilesPath/ExplicitPrecompiledModules/_stdlib-4J87BZV121DEIZGPUL6T5X80R.scan
    cd /Users/runner/work/Document_Scan/Document_Scan/Pods
    builtin-precompileModule /Users/runner/Library/Developer/Xcode/DerivedData/Document_Scan-gpyzovawczbcogekrckiypzonffc/Build/Intermediates.noindex/ArchiveIntermediates/Document_Scan/IntermediateBuildFilesPath/ExplicitPrecompiledModules/_stdlib-4J87BZV121DEIZGPUL6T5X80R.scan

PrecompileModule /Users/runner/Library/Developer/Xcode/DerivedData/Document_Scan-gpyzovawczbcogekrckiypzonffc/Build/Intermediates.noindex/ArchiveIntermediates/Document_Scan/IntermediateBuildFilesPath/ExplicitPrecompiledModules/Darwin-8F9HIDPBIZXIMMRCLUSUX5X00.scan
    cd /Users/runner/work/Document_Scan/Document_Scan/Pods
    builtin-precompileModule /Users/runner/Library/Developer/Xcode/DerivedData/Document_Scan-gpyzovawczbcogekrckiypzonffc/Build/Intermediates.noindex/ArchiveIntermediates/Document_Scan/IntermediateBuildFilesPath/ExplicitPrecompiledModules/Darwin-8F9HIDPBIZXIMMRCLUSUX5X00.scan

PrecompileModule /Users/runner/Library/Developer/Xcode/DerivedData/Document_Scan-gpyzovawczbcogekrckiypzonffc/Build/Intermediates.noindex/ArchiveIntermediates/Document_Scan/IntermediateBuildFilesPath/ExplicitPrecompiledModules/ObjectiveC-72922M3GJ8Y1RNHDDAF2C9F6I.scan
    cd /Users/runner/work/Document_Scan/Document_Scan/Pods
    builtin-precompileModule /Users/runner/Library/Developer/Xcode/DerivedData/Document_Scan-gpyzovawczbcogekrckiypzonffc/Build/Intermediates.noindex/ArchiveIntermediates/Document_Scan/IntermediateBuildFilesPath/ExplicitPrecompiledModules/ObjectiveC-72922M3GJ8Y1RNHDDAF2C9F6I.scan

PrecompileModule /Users/runner/Library/Developer/Xcode/DerivedData/Document_Scan-gpyzovawczbcogekrckiypzonffc/Build/Intermediates.noindex/ArchiveIntermediates/Document_Scan/IntermediateBuildFilesPath/ExplicitPrecompiledModules/os_object-DRIW30M8W27E5JSTMKCDNTU58.scan
    cd /Users/runner/work/Document_Scan/Document_Scan/Pods
    builtin-precompileModule /Users/runner/Library/Developer/Xcode/DerivedData/Document_Scan-gpyzovawczbcogekrckiypzonffc/Build/Intermediates.noindex/ArchiveIntermediates/Document_Scan/IntermediateBuildFilesPath/ExplicitPrecompiledModules/os_object-DRIW30M8W27E5JSTMKCDNTU58.scan

PrecompileModule /Users/runner/Library/Developer/Xcode/DerivedData/Document_Scan-gpyzovawczbcogekrckiypzonffc/Build/Intermediates.noindex/ArchiveIntermediates/Document_Scan/IntermediateBuildFilesPath/ExplicitPrecompiledModules/os_workgroup-EPC9QVNWW4HG1MTSSJ3ZIQNMD.scan
    cd /Users/runner/work/Document_Scan/Document_Scan/Pods
    builtin-precompileModule /Users/runner/Library/Developer/Xcode/DerivedData/Document_Scan-gpyzovawczbcogekrckiypzonffc/Build/Intermediates.noindex/ArchiveIntermediates/Document_Scan/IntermediateBuildFilesPath/ExplicitPrecompiledModules/os_workgroup-EPC9QVNWW4HG1MTSSJ3ZIQNMD.scan

PrecompileModule /Users/runner/Library/Developer/Xcode/DerivedData/Document_Scan-gpyzovawczbcogekrckiypzonffc/Build/Intermediates.noindex/ArchiveIntermediates/Document_Scan/IntermediateBuildFilesPath/ExplicitPrecompiledModules/Dispatch-74EBDQGVR5GEJI4ZWTDJBAMTR.scan
    cd /Users/runner/work/Document_Scan/Document_Scan/Pods
    builtin-precompileModule /Users/runner/Library/Developer/Xcode/DerivedData/Document_Scan-gpyzovawczbcogekrckiypzonffc/Build/Intermediates.noindex/ArchiveIntermediates/Document_Scan/IntermediateBuildFilesPath/ExplicitPrecompiledModules/Dispatch-74EBDQGVR5GEJI4ZWTDJBAMTR.scan

PrecompileModule /Users/runner/Library/Developer/Xcode/DerivedData/Document_Scan-gpyzovawczbcogekrckiypzonffc/Build/Intermediates.noindex/ArchiveIntermediates/Document_Scan/IntermediateBuildFilesPath/ExplicitPrecompiledModules/CoreFoundation-4H26B9D27XKUN1936HOM3EGEE.scan
    cd /Users/runner/work/Document_Scan/Document_Scan/Pods
    builtin-precompileModule /Users/runner/Library/Developer/Xcode/DerivedData/Document_Scan-gpyzovawczbcogekrckiypzonffc/Build/Intermediates.noindex/ArchiveIntermediates/Document_Scan/IntermediateBuildFilesPath/ExplicitPrecompiledModules/CoreFoundation-4H26B9D27XKUN1936HOM3EGEE.scan

PrecompileModule /Users/runner/Library/Developer/Xcode/DerivedData/Document_Scan-gpyzovawczbcogekrckiypzonffc/Build/Intermediates.noindex/ArchiveIntermediates/Document_Scan/IntermediateBuildFilesPath/ExplicitPrecompiledModules/XPC-8BEJRA9OLRYQHJ4FL15CL1R5L.scan
    cd /Users/runner/work/Document_Scan/Document_Scan/Pods
    builtin-precompileModule /Users/runner/Library/Developer/Xcode/DerivedData/Document_Scan-gpyzovawczbcogekrckiypzonffc/Build/Intermediates.noindex/ArchiveIntermediates/Document_Scan/IntermediateBuildFilesPath/ExplicitPrecompiledModules/XPC-8BEJRA9OLRYQHJ4FL15CL1R5L.scan

PrecompileModule /Users/runner/Library/Developer/Xcode/DerivedData/Document_Scan-gpyzovawczbcogekrckiypzonffc/Build/Intermediates.noindex/ArchiveIntermediates/Document_Scan/IntermediateBuildFilesPath/ExplicitPrecompiledModules/CoreGraphics-3YSON3EATZM8R24QQ12O2ATGW.scan
    cd /Users/runner/work/Document_Scan/Document_Scan/Pods
    builtin-precompileModule /Users/runner/Library/Developer/Xcode/DerivedData/Document_Scan-gpyzovawczbcogekrckiypzonffc/Build/Intermediates.noindex/ArchiveIntermediates/Document_Scan/IntermediateBuildFilesPath/ExplicitPrecompiledModules/CoreGraphics-3YSON3EATZM8R24QQ12O2ATGW.scan

PrecompileModule /Users/runner/Library/Developer/Xcode/DerivedData/Document_Scan-gpyzovawczbcogekrckiypzonffc/Build/Intermediates.noindex/ArchiveIntermediates/Document_Scan/IntermediateBuildFilesPath/ExplicitPrecompiledModules/Security-A48H7NLKBHBCOQLLHFW27JGT5.scan
    cd /Users/runner/work/Document_Scan/Document_Scan/Pods
    builtin-precompileModule /Users/runner/Library/Developer/Xcode/DerivedData/Document_Scan-gpyzovawczbcogekrckiypzonffc/Build/Intermediates.noindex/ArchiveIntermediates/Document_Scan/IntermediateBuildFilesPath/ExplicitPrecompiledModules/Security-A48H7NLKBHBCOQLLHFW27JGT5.scan

PrecompileModule /Users/runner/Library/Developer/Xcode/DerivedData/Document_Scan-gpyzovawczbcogekrckiypzonffc/Build/Intermediates.noindex/ArchiveIntermediates/Document_Scan/IntermediateBuildFilesPath/ExplicitPrecompiledModules/CFNetwork-CSN0T15OPDD6Q3GEUYADEZ7ZM.scan
    cd /Users/runner/work/Document_Scan/Document_Scan/Pods
    builtin-precompileModule /Users/runner/Library/Developer/Xcode/DerivedData/Document_Scan-gpyzovawczbcogekrckiypzonffc/Build/Intermediates.noindex/ArchiveIntermediates/Document_Scan/IntermediateBuildFilesPath/ExplicitPrecompiledModules/CFNetwork-CSN0T15OPDD6Q3GEUYADEZ7ZM.scan

PrecompileModule /Users/runner/Library/Developer/Xcode/DerivedData/Document_Scan-gpyzovawczbcogekrckiypzonffc/Build/Intermediates.noindex/ArchiveIntermediates/Document_Scan/IntermediateBuildFilesPath/ExplicitPrecompiledModules/Foundation-9B5K1ZJYWJIAOEUMEDA4HIS0I.scan
    cd /Users/runner/work/Document_Scan/Document_Scan/Pods
    builtin-precompileModule /Users/runner/Library/Developer/Xcode/DerivedData/Document_Scan-gpyzovawczbcogekrckiypzonffc/Build/Intermediates.noindex/ArchiveIntermediates/Document_Scan/IntermediateBuildFilesPath/ExplicitPrecompiledModules/Foundation-9B5K1ZJYWJIAOEUMEDA4HIS0I.scan

PrecompileModule /Users/runner/Library/Developer/Xcode/DerivedData/Document_Scan-gpyzovawczbcogekrckiypzonffc/Build/Intermediates.noindex/ArchiveIntermediates/Document_Scan/IntermediateBuildFilesPath/ExplicitPrecompiledModules/CoreText-6C7D89B71BL9CWYYNN9YQPZME.scan
    cd /Users/runner/work/Document_Scan/Document_Scan/Pods
    builtin-precompileModule /Users/runner/Library/Developer/Xcode/DerivedData/Document_Scan-gpyzovawczbcogekrckiypzonffc/Build/Intermediates.noindex/ArchiveIntermediates/Document_Scan/IntermediateBuildFilesPath/ExplicitPrecompiledModules/CoreText-6C7D89B71BL9CWYYNN9YQPZME.scan

PrecompileModule /Users/runner/Library/Developer/Xcode/DerivedData/Document_Scan-gpyzovawczbcogekrckiypzonffc/Build/Intermediates.noindex/ArchiveIntermediates/Document_Scan/IntermediateBuildFilesPath/ExplicitPrecompiledModules/ImageIO-A8FZO74X2URKGQ92Z6SCI0TOR.scan
    cd /Users/runner/work/Document_Scan/Document_Scan/Pods
    builtin-precompileModule /Users/runner/Library/Developer/Xcode/DerivedData/Document_Scan-gpyzovawczbcogekrckiypzonffc/Build/Intermediates.noindex/ArchiveIntermediates/Document_Scan/IntermediateBuildFilesPath/ExplicitPrecompiledModules/ImageIO-A8FZO74X2URKGQ92Z6SCI0TOR.scan

CompileC /Users/runner/Library/Developer/Xcode/DerivedData/Document_Scan-gpyzovawczbcogekrckiypzonffc/Build/Intermediates.noindex/ArchiveIntermediates/Document_Scan/IntermediateBuildFilesPath/Pods.build/Release-iphoneos/Pods-Document_Scan.build/Objects-normal/arm64/Pods-Document_Scan-dummy.o /Users/runner/work/Document_Scan/Document_Scan/Pods/Target\ Support\ Files/Pods-Document_Scan/Pods-Document_Scan-dummy.m normal arm64 objective-c com.apple.compilers.llvm.clang.1_0.compiler (in target 'Pods-Document_Scan' from project 'Pods')
    cd /Users/runner/work/Document_Scan/Document_Scan/Pods
    
    Using response file: /Users/runner/Library/Developer/Xcode/DerivedData/Document_Scan-gpyzovawczbcogekrckiypzonffc/Build/Intermediates.noindex/ArchiveIntermediates/Document_Scan/IntermediateBuildFilesPath/Pods.build/Release-iphoneos/Pods-Document_Scan.build/Objects-normal/arm64/e6072d4f65d7061329687fe24e3d63a7-common-args.resp
    
    /Applications/Xcode_16.4.app/Contents/Developer/Toolchains/XcodeDefault.xctoolchain/usr/bin/clang -x objective-c -ivfsstatcache /Users/runner/Library/Developer/Xcode/DerivedData/SDKStatCaches.noindex/iphoneos18.5-22F76-a529daf784b3616c7c04a36aeb7f5c05.sdkstatcache -fmessage-length\=0 -fdiagnostics-show-note-include-stack -fmacro-backtrace-limit\=0 -fno-color-diagnostics -fmodules-prune-interval\=86400 -fmodules-prune-after\=345600 -fbuild-session-file\=/Users/runner/Library/Developer/Xcode/DerivedData/ModuleCache.noindex/Session.modulevalidation -fmodules-validate-once-per-build-session -Wnon-modular-include-in-framework-module -Werror\=non-modular-include-in-framework-module -Wno-trigraphs -Wno-missing-field-initializers -Wno-missing-prototypes -Werror\=return-type -Wdocumentation -Wunreachable-code -Wno-implicit-atomic-properties -Werror\=deprecated-objc-isa-usage -Wno-objc-interface-ivars -Werror\=objc-root-class -Wno-arc-repeated-use-of-weak -Wimplicit-retain-self -Wduplicate-method-match -Wno-missing-braces -Wparentheses -Wswitch -Wunused-function -Wno-unused-label -Wno-unused-parameter -Wunused-variable -Wunused-value -Wempty-body -Wuninitialized -Wconditional-uninitialized -Wno-unknown-pragmas -Wno-shadow -Wno-four-char-constants -Wno-conversion -Wconstant-conversion -Wint-conversion -Wbool-conversion -Wenum-conversion -Wno-float-conversion -Wnon-literal-null-conversion -Wobjc-literal-conversion -Wshorten-64-to-32 -Wpointer-sign -Wno-newline-eof -Wno-selector -Wno-strict-selector-match -Wundeclared-selector -Wdeprecated-implementations -Wno-implicit-fallthrough -fstrict-aliasing -Wprotocol -Wdeprecated-declarations -Wno-sign-conversion -Winfinite-recursion -Wcomma -Wblock-capture-autoreleasing -Wstrict-prototypes -Wno-semicolon-before-method-body -Wunguarded-availability @/Users/runner/Library/Developer/Xcode/DerivedData/Document_Scan-gpyzovawczbcogekrckiypzonffc/Build/Intermediates.noindex/ArchiveIntermediates/Document_Scan/IntermediateBuildFilesPath/Pods.build/Release-iphoneos/Pods-Document_Scan.build/Objects-normal/arm64/e6072d4f65d7061329687fe24e3d63a7-common-args.resp -MMD -MT dependencies -MF /Users/runner/Library/Developer/Xcode/DerivedData/Document_Scan-gpyzovawczbcogekrckiypzonffc/Build/Intermediates.noindex/ArchiveIntermediates/Document_Scan/IntermediateBuildFilesPath/Pods.build/Release-iphoneos/Pods-Document_Scan.build/Objects-normal/arm64/Pods-Document_Scan-dummy.d --serialize-diagnostics /Users/runner/Library/Developer/Xcode/DerivedData/Document_Scan-gpyzovawczbcogekrckiypzonffc/Build/Intermediates.noindex/ArchiveIntermediates/Document_Scan/IntermediateBuildFilesPath/Pods.build/Release-iphoneos/Pods-Document_Scan.build/Objects-normal/arm64/Pods-Document_Scan-dummy.dia -c /Users/runner/work/Document_Scan/Document_Scan/Pods/Target\ Support\ Files/Pods-Document_Scan/Pods-Document_Scan-dummy.m -o /Users/runner/Library/Developer/Xcode/DerivedData/Document_Scan-gpyzovawczbcogekrckiypzonffc/Build/Intermediates.noindex/ArchiveIntermediates/Document_Scan/IntermediateBuildFilesPath/Pods.build/Release-iphoneos/Pods-Document_Scan.build/Objects-normal/arm64/Pods-Document_Scan-dummy.o

PrecompileModule /Users/runner/Library/Developer/Xcode/DerivedData/Document_Scan-gpyzovawczbcogekrckiypzonffc/Build/Intermediates.noindex/ArchiveIntermediates/Document_Scan/IntermediateBuildFilesPath/ExplicitPrecompiledModules/UserNotifications-CDINFSR4GSZUSPNCQYPABX5AZ.scan
    cd /Users/runner/work/Document_Scan/Document_Scan/Pods
    builtin-precompileModule /Users/runner/Library/Developer/Xcode/DerivedData/Document_Scan-gpyzovawczbcogekrckiypzonffc/Build/Intermediates.noindex/ArchiveIntermediates/Document_Scan/IntermediateBuildFilesPath/ExplicitPrecompiledModules/UserNotifications-CDINFSR4GSZUSPNCQYPABX5AZ.scan

PrecompileModule /Users/runner/Library/Developer/Xcode/DerivedData/Document_Scan-gpyzovawczbcogekrckiypzonffc/Build/Intermediates.noindex/ArchiveIntermediates/Document_Scan/IntermediateBuildFilesPath/ExplicitPrecompiledModules/Symbols-81RYAK01CMKNOKU3LQRL1Z694.scan
    cd /Users/runner/work/Document_Scan/Document_Scan/Pods
    builtin-precompileModule /Users/runner/Library/Developer/Xcode/DerivedData/Document_Scan-gpyzovawczbcogekrckiypzonffc/Build/Intermediates.noindex/ArchiveIntermediates/Document_Scan/IntermediateBuildFilesPath/ExplicitPrecompiledModules/Symbols-81RYAK01CMKNOKU3LQRL1Z694.scan

PrecompileModule /Users/runner/Library/Developer/Xcode/DerivedData/Document_Scan-gpyzovawczbcogekrckiypzonffc/Build/Intermediates.noindex/ArchiveIntermediates/Document_Scan/IntermediateBuildFilesPath/ExplicitPrecompiledModules/IOSurface-92S3OEV119CJYAIFOK7070D73.scan
    cd /Users/runner/work/Document_Scan/Document_Scan/Pods
    builtin-precompileModule /Users/runner/Library/Developer/Xcode/DerivedData/Document_Scan-gpyzovawczbcogekrckiypzonffc/Build/Intermediates.noindex/ArchiveIntermediates/Document_Scan/IntermediateBuildFilesPath/ExplicitPrecompiledModules/IOSurface-92S3OEV119CJYAIFOK7070D73.scan

PrecompileModule /Users/runner/Library/Developer/Xcode/DerivedData/Document_Scan-gpyzovawczbcogekrckiypzonffc/Build/Intermediates.noindex/ArchiveIntermediates/Document_Scan/IntermediateBuildFilesPath/ExplicitPrecompiledModules/FileProvider-5NDH2I1A5ZNCJ6ETENSOYYACL.scan
    cd /Users/runner/work/Document_Scan/Document_Scan/Pods
    builtin-precompileModule /Users/runner/Library/Developer/Xcode/DerivedData/Document_Scan-gpyzovawczbcogekrckiypzonffc/Build/Intermediates.noindex/ArchiveIntermediates/Document_Scan/IntermediateBuildFilesPath/ExplicitPrecompiledModules/FileProvider-5NDH2I1A5ZNCJ6ETENSOYYACL.scan

PrecompileModule /Users/runner/Library/Developer/Xcode/DerivedData/Document_Scan-gpyzovawczbcogekrckiypzonffc/Build/Intermediates.noindex/ArchiveIntermediates/Document_Scan/IntermediateBuildFilesPath/ExplicitPrecompiledModules/Metal-BDODF2RWYJGXSH21VJI8SN3VL.scan
    cd /Users/runner/work/Document_Scan/Document_Scan/Pods
    builtin-precompileModule /Users/runner/Library/Developer/Xcode/DerivedData/Document_Scan-gpyzovawczbcogekrckiypzonffc/Build/Intermediates.noindex/ArchiveIntermediates/Document_Scan/IntermediateBuildFilesPath/ExplicitPrecompiledModules/Metal-BDODF2RWYJGXSH21VJI8SN3VL.scan

PrecompileModule /Users/runner/Library/Developer/Xcode/DerivedData/Document_Scan-gpyzovawczbcogekrckiypzonffc/Build/Intermediates.noindex/ArchiveIntermediates/Document_Scan/IntermediateBuildFilesPath/ExplicitPrecompiledModules/OpenGLES-5D6AXNM1U24LOPLFMO2LLKJJE.scan
    cd /Users/runner/work/Document_Scan/Document_Scan/Pods
    builtin-precompileModule /Users/runner/Library/Developer/Xcode/DerivedData/Document_Scan-gpyzovawczbcogekrckiypzonffc/Build/Intermediates.noindex/ArchiveIntermediates/Document_Scan/IntermediateBuildFilesPath/ExplicitPrecompiledModules/OpenGLES-5D6AXNM1U24LOPLFMO2LLKJJE.scan

PrecompileModule /Users/runner/Library/Developer/Xcode/DerivedData/Document_Scan-gpyzovawczbcogekrckiypzonffc/Build/Intermediates.noindex/ArchiveIntermediates/Document_Scan/IntermediateBuildFilesPath/ExplicitPrecompiledModules/CoreVideo-BMDH9SVJTNP1A0Z5WRINBY32G.scan
    cd /Users/runner/work/Document_Scan/Document_Scan/Pods
    builtin-precompileModule /Users/runner/Library/Developer/Xcode/DerivedData/Document_Scan-gpyzovawczbcogekrckiypzonffc/Build/Intermediates.noindex/ArchiveIntermediates/Document_Scan/IntermediateBuildFilesPath/ExplicitPrecompiledModules/CoreVideo-BMDH9SVJTNP1A0Z5WRINBY32G.scan

PrecompileModule /Users/runner/Library/Developer/Xcode/DerivedData/Document_Scan-gpyzovawczbcogekrckiypzonffc/Build/Intermediates.noindex/ArchiveIntermediates/Document_Scan/IntermediateBuildFilesPath/ExplicitPrecompiledModules/QuartzCore-6KQ9ZRG1BGXAFOX98NF9HWQP8.scan
    cd /Users/runner/work/Document_Scan/Document_Scan/Pods
    builtin-precompileModule /Users/runner/Library/Developer/Xcode/DerivedData/Document_Scan-gpyzovawczbcogekrckiypzonffc/Build/Intermediates.noindex/ArchiveIntermediates/Document_Scan/IntermediateBuildFilesPath/ExplicitPrecompiledModules/QuartzCore-6KQ9ZRG1BGXAFOX98NF9HWQP8.scan

PrecompileModule /Users/runner/Library/Developer/Xcode/DerivedData/Document_Scan-gpyzovawczbcogekrckiypzonffc/Build/Intermediates.noindex/ArchiveIntermediates/Document_Scan/IntermediateBuildFilesPath/ExplicitPrecompiledModules/CoreImage-EZDC45FMYSJP343TB4JKG4G4W.scan
    cd /Users/runner/work/Document_Scan/Document_Scan/Pods
    builtin-precompileModule /Users/runner/Library/Developer/Xcode/DerivedData/Document_Scan-gpyzovawczbcogekrckiypzonffc/Build/Intermediates.noindex/ArchiveIntermediates/Document_Scan/IntermediateBuildFilesPath/ExplicitPrecompiledModules/CoreImage-EZDC45FMYSJP343TB4JKG4G4W.scan

PrecompileModule /Users/runner/Library/Developer/Xcode/DerivedData/Document_Scan-gpyzovawczbcogekrckiypzonffc/Build/Intermediates.noindex/ArchiveIntermediates/Document_Scan/IntermediateBuildFilesPath/ExplicitPrecompiledModules/UIKit-RN6UGHBL45FPWLXB6G3W4UU.scan
    cd /Users/runner/work/Document_Scan/Document_Scan/Pods
    builtin-precompileModule /Users/runner/Library/Developer/Xcode/DerivedData/Document_Scan-gpyzovawczbcogekrckiypzonffc/Build/Intermediates.noindex/ArchiveIntermediates/Document_Scan/IntermediateBuildFilesPath/ExplicitPrecompiledModules/UIKit-RN6UGHBL45FPWLXB6G3W4UU.scan

CompileC /Users/runner/Library/Developer/Xcode/DerivedData/Document_Scan-gpyzovawczbcogekrckiypzonffc/Build/Intermediates.noindex/ArchiveIntermediates/Document_Scan/IntermediateBuildFilesPath/Pods.build/Release-iphoneos/WYYKit.build/Objects-normal/arm64/WYYKit-dummy.o /Users/runner/work/Document_Scan/Document_Scan/Pods/Target\ Support\ Files/WYYKit/WYYKit-dummy.m normal arm64 objective-c com.apple.compilers.llvm.clang.1_0.compiler (in target 'WYYKit' from project 'Pods')
    cd /Users/runner/work/Document_Scan/Document_Scan/Pods
    
    Using response file: /Users/runner/Library/Developer/Xcode/DerivedData/Document_Scan-gpyzovawczbcogekrckiypzonffc/Build/Intermediates.noindex/ArchiveIntermediates/Document_Scan/IntermediateBuildFilesPath/Pods.build/Release-iphoneos/WYYKit.build/Objects-normal/arm64/e6072d4f65d7061329687fe24e3d63a7-common-args.resp
    
    /Applications/Xcode_16.4.app/Contents/Developer/Toolchains/XcodeDefault.xctoolchain/usr/bin/clang -x objective-c -ivfsstatcache /Users/runner/Library/Developer/Xcode/DerivedData/SDKStatCaches.noindex/iphoneos18.5-22F76-a529daf784b3616c7c04a36aeb7f5c05.sdkstatcache -fmessage-length\=0 -fdiagnostics-show-note-include-stack -fmacro-backtrace-limit\=0 -fno-color-diagnostics -fmodules-prune-interval\=86400 -fmodules-prune-after\=345600 -fbuild-session-file\=/Users/runner/Library/Developer/Xcode/DerivedData/ModuleCache.noindex/Session.modulevalidation -fmodules-validate-once-per-build-session -Wnon-modular-include-in-framework-module -Werror\=non-modular-include-in-framework-module -Wno-trigraphs -Wno-missing-field-initializers -Wno-missing-prototypes -Werror\=return-type -Wdocumentation -Wunreachable-code -Wno-implicit-atomic-properties -Werror\=deprecated-objc-isa-usage -Wno-objc-interface-ivars -Werror\=objc-root-class -Wno-arc-repeated-use-of-weak -Wimplicit-retain-self -Wduplicate-method-match -Wno-missing-braces -Wparentheses -Wswitch -Wunused-function -Wno-unused-label -Wno-unused-parameter -Wunused-variable -Wunused-value -Wempty-body -Wuninitialized -Wconditional-uninitialized -Wno-unknown-pragmas -Wno-shadow -Wno-four-char-constants -Wno-conversion -Wconstant-conversion -Wint-conversion -Wbool-conversion -Wenum-conversion -Wno-float-conversion -Wnon-literal-null-conversion -Wobjc-literal-conversion -Wshorten-64-to-32 -Wpointer-sign -Wno-newline-eof -Wno-selector -Wno-strict-selector-match -Wundeclared-selector -Wdeprecated-implementations -Wno-implicit-fallthrough -fstrict-aliasing -Wprotocol -Wdeprecated-declarations -Wno-sign-conversion -Winfinite-recursion -Wcomma -Wblock-capture-autoreleasing -Wstrict-prototypes -Wno-semicolon-before-method-body -Wunguarded-availability @/Users/runner/Library/Developer/Xcode/DerivedData/Document_Scan-gpyzovawczbcogekrckiypzonffc/Build/Intermediates.noindex/ArchiveIntermediates/Document_Scan/IntermediateBuildFilesPath/Pods.build/Release-iphoneos/WYYKit.build/Objects-normal/arm64/e6072d4f65d7061329687fe24e3d63a7-common-args.resp -include /Users/runner/work/Document_Scan/Document_Scan/Pods/Target\ Support\ Files/WYYKit/WYYKit-prefix.pch -MMD -MT dependencies -MF /Users/runner/Library/Developer/Xcode/DerivedData/Document_Scan-gpyzovawczbcogekrckiypzonffc/Build/Intermediates.noindex/ArchiveIntermediates/Document_Scan/IntermediateBuildFilesPath/Pods.build/Release-iphoneos/WYYKit.build/Objects-normal/arm64/WYYKit-dummy.d --serialize-diagnostics /Users/runner/Library/Developer/Xcode/DerivedData/Document_Scan-gpyzovawczbcogekrckiypzonffc/Build/Intermediates.noindex/ArchiveIntermediates/Document_Scan/IntermediateBuildFilesPath/Pods.build/Release-iphoneos/WYYKit.build/Objects-normal/arm64/WYYKit-dummy.dia -c /Users/runner/work/Document_Scan/Document_Scan/Pods/Target\ Support\ Files/WYYKit/WYYKit-dummy.m -o /Users/runner/Library/Developer/Xcode/DerivedData/Document_Scan-gpyzovawczbcogekrckiypzonffc/Build/Intermediates.noindex/ArchiveIntermediates/Document_Scan/IntermediateBuildFilesPath/Pods.build/Release-iphoneos/WYYKit.build/Objects-normal/arm64/WYYKit-dummy.o

Libtool /Users/runner/Library/Developer/Xcode/DerivedData/Document_Scan-gpyzovawczbcogekrckiypzonffc/Build/Intermediates.noindex/ArchiveIntermediates/Document_Scan/IntermediateBuildFilesPath/UninstalledProducts/iphoneos/WYYKit.framework/WYYKit normal (in target 'WYYKit' from project 'Pods')
    cd /Users/runner/work/Document_Scan/Document_Scan/Pods
    /Applications/Xcode_16.4.app/Contents/Developer/Toolchains/XcodeDefault.xctoolchain/usr/bin/libtool -static -arch_only arm64 -D -syslibroot /Applications/Xcode_16.4.app/Contents/Developer/Platforms/iPhoneOS.platform/Developer/SDKs/iPhoneOS18.5.sdk -L/Users/runner/Library/Developer/Xcode/DerivedData/Document_Scan-gpyzovawczbcogekrckiypzonffc/Build/Intermediates.noindex/ArchiveIntermediates/Document_Scan/BuildProductsPath/Release-iphoneos/WYYKit -filelist /Users/runner/Library/Developer/Xcode/DerivedData/Document_Scan-gpyzovawczbcogekrckiypzonffc/Build/Intermediates.noindex/ArchiveIntermediates/Document_Scan/IntermediateBuildFilesPath/Pods.build/Release-iphoneos/WYYKit.build/Objects-normal/arm64/WYYKit.LinkFileList -framework Foundation -dependency_info /Users/runner/Library/Developer/Xcode/DerivedData/Document_Scan-gpyzovawczbcogekrckiypzonffc/Build/Intermediates.noindex/ArchiveIntermediates/Document_Scan/IntermediateBuildFilesPath/Pods.build/Release-iphoneos/WYYKit.build/Objects-normal/arm64/WYYKit_libtool_dependency_info.dat -o /Users/runner/Library/Developer/Xcode/DerivedData/Document_Scan-gpyzovawczbcogekrckiypzonffc/Build/Intermediates.noindex/ArchiveIntermediates/Document_Scan/IntermediateBuildFilesPath/UninstalledProducts/iphoneos/WYYKit.framework/WYYKit

ExtractAppIntentsMetadata (in target 'WYYKit' from project 'Pods')
    cd /Users/runner/work/Document_Scan/Document_Scan/Pods
    /Applications/Xcode_16.4.app/Contents/Developer/Toolchains/XcodeDefault.xctoolchain/usr/bin/appintentsmetadataprocessor --toolchain-dir /Applications/Xcode_16.4.app/Contents/Developer/Toolchains/XcodeDefault.xctoolchain --module-name WYYKit --sdk-root /Applications/Xcode_16.4.app/Contents/Developer/Platforms/iPhoneOS.platform/Developer/SDKs/iPhoneOS18.5.sdk --xcode-version 16F6 --platform-family iOS --deployment-target 16.0 --bundle-identifier com.test.wyykit --output /Users/runner/Library/Developer/Xcode/DerivedData/Document_Scan-gpyzovawczbcogekrckiypzonffc/Build/Intermediates.noindex/ArchiveIntermediates/Document_Scan/IntermediateBuildFilesPath/UninstalledProducts/iphoneos/WYYKit.appintents --target-triple arm64-apple-ios16.0 --binary-file /Users/runner/Library/Developer/Xcode/DerivedData/Document_Scan-gpyzovawczbcogekrckiypzonffc/Build/Intermediates.noindex/ArchiveIntermediates/Document_Scan/IntermediateBuildFilesPath/UninstalledProducts/iphoneos/WYYKit.framework/WYYKit --dependency-file /Users/runner/Library/Developer/Xcode/DerivedData/Document_Scan-gpyzovawczbcogekrckiypzonffc/Build/Intermediates.noindex/ArchiveIntermediates/Document_Scan/IntermediateBuildFilesPath/Pods.build/Release-iphoneos/WYYKit.build/Objects-normal/arm64/WYYKit_libtool_dependency_info.dat --stringsdata-file /Users/runner/Library/Developer/Xcode/DerivedData/Document_Scan-gpyzovawczbcogekrckiypzonffc/Build/Intermediates.noindex/ArchiveIntermediates/Document_Scan/IntermediateBuildFilesPath/Pods.build/Release-iphoneos/WYYKit.build/Objects-normal/arm64/ExtractedAppShortcutsMetadata.stringsdata --source-file-list /Users/runner/Library/Developer/Xcode/DerivedData/Document_Scan-gpyzovawczbcogekrckiypzonffc/Build/Intermediates.noindex/ArchiveIntermediates/Document_Scan/IntermediateBuildFilesPath/Pods.build/Release-iphoneos/WYYKit.build/Objects-normal/arm64/WYYKit.SwiftFileList --metadata-file-list /Users/runner/Library/Developer/Xcode/DerivedData/Document_Scan-gpyzovawczbcogekrckiypzonffc/Build/Intermediates.noindex/ArchiveIntermediates/Document_Scan/IntermediateBuildFilesPath/Pods.build/Release-iphoneos/WYYKit.build/WYYKit.DependencyMetadataFileList --static-metadata-file-list /Users/runner/Library/Developer/Xcode/DerivedData/Document_Scan-gpyzovawczbcogekrckiypzonffc/Build/Intermediates.noindex/ArchiveIntermediates/Document_Scan/IntermediateBuildFilesPath/Pods.build/Release-iphoneos/WYYKit.build/WYYKit.DependencyStaticMetadataFileList --swift-const-vals-list /Users/runner/Library/Developer/Xcode/DerivedData/Document_Scan-gpyzovawczbcogekrckiypzonffc/Build/Intermediates.noindex/ArchiveIntermediates/Document_Scan/IntermediateBuildFilesPath/Pods.build/Release-iphoneos/WYYKit.build/Objects-normal/arm64/WYYKit.SwiftConstValuesFileList --force --compile-time-extraction --deployment-aware-processing --validate-assistant-intents --no-app-shortcuts-localization
2026-03-13 07:06:04.378 appintentsmetadataprocessor[23354:69724] Starting appintentsmetadataprocessor export
2026-03-13 07:06:04.421 appintentsmetadataprocessor[23354:69724] Extracted no relevant App Intents symbols, skipping writing output

SetOwnerAndGroup runner:staff /Users/runner/Library/Developer/Xcode/DerivedData/Document_Scan-gpyzovawczbcogekrckiypzonffc/Build/Intermediates.noindex/ArchiveIntermediates/Document_Scan/IntermediateBuildFilesPath/UninstalledProducts/iphoneos/WYYKit.framework (in target 'WYYKit' from project 'Pods')
    cd /Users/runner/work/Document_Scan/Document_Scan/Pods
    /usr/sbin/chown -RH runner:staff /Users/runner/Library/Developer/Xcode/DerivedData/Document_Scan-gpyzovawczbcogekrckiypzonffc/Build/Intermediates.noindex/ArchiveIntermediates/Document_Scan/IntermediateBuildFilesPath/UninstalledProducts/iphoneos/WYYKit.framework

SetMode u+w,go-w,a+rX /Users/runner/Library/Developer/Xcode/DerivedData/Document_Scan-gpyzovawczbcogekrckiypzonffc/Build/Intermediates.noindex/ArchiveIntermediates/Document_Scan/IntermediateBuildFilesPath/UninstalledProducts/iphoneos/WYYKit.framework (in target 'WYYKit' from project 'Pods')
    cd /Users/runner/work/Document_Scan/Document_Scan/Pods
    /bin/chmod -RH u+w,go-w,a+rX /Users/runner/Library/Developer/Xcode/DerivedData/Document_Scan-gpyzovawczbcogekrckiypzonffc/Build/Intermediates.noindex/ArchiveIntermediates/Document_Scan/IntermediateBuildFilesPath/UninstalledProducts/iphoneos/WYYKit.framework

RegisterExecutionPolicyException /Users/runner/Library/Developer/Xcode/DerivedData/Document_Scan-gpyzovawczbcogekrckiypzonffc/Build/Intermediates.noindex/ArchiveIntermediates/Document_Scan/IntermediateBuildFilesPath/UninstalledProducts/iphoneos/WYYKit.framework (in target 'WYYKit' from project 'Pods')
    cd /Users/runner/work/Document_Scan/Document_Scan/Pods
    builtin-RegisterExecutionPolicyException /Users/runner/Library/Developer/Xcode/DerivedData/Document_Scan-gpyzovawczbcogekrckiypzonffc/Build/Intermediates.noindex/ArchiveIntermediates/Document_Scan/IntermediateBuildFilesPath/UninstalledProducts/iphoneos/WYYKit.framework

Touch /Users/runner/Library/Developer/Xcode/DerivedData/Document_Scan-gpyzovawczbcogekrckiypzonffc/Build/Intermediates.noindex/ArchiveIntermediates/Document_Scan/IntermediateBuildFilesPath/UninstalledProducts/iphoneos/WYYKit.framework (in target 'WYYKit' from project 'Pods')
    cd /Users/runner/work/Document_Scan/Document_Scan/Pods
    /usr/bin/touch -c /Users/runner/Library/Developer/Xcode/DerivedData/Document_Scan-gpyzovawczbcogekrckiypzonffc/Build/Intermediates.noindex/ArchiveIntermediates/Document_Scan/IntermediateBuildFilesPath/UninstalledProducts/iphoneos/WYYKit.framework

Libtool /Users/runner/Library/Developer/Xcode/DerivedData/Document_Scan-gpyzovawczbcogekrckiypzonffc/Build/Intermediates.noindex/ArchiveIntermediates/Document_Scan/IntermediateBuildFilesPath/UninstalledProducts/iphoneos/Pods_Document_Scan.framework/Pods_Document_Scan normal (in target 'Pods-Document_Scan' from project 'Pods')
    cd /Users/runner/work/Document_Scan/Document_Scan/Pods
    /Applications/Xcode_16.4.app/Contents/Developer/Toolchains/XcodeDefault.xctoolchain/usr/bin/libtool -static -arch_only arm64 -D -syslibroot /Applications/Xcode_16.4.app/Contents/Developer/Platforms/iPhoneOS.platform/Developer/SDKs/iPhoneOS18.5.sdk -L/Users/runner/Library/Developer/Xcode/DerivedData/Document_Scan-gpyzovawczbcogekrckiypzonffc/Build/Intermediates.noindex/ArchiveIntermediates/Document_Scan/BuildProductsPath/Release-iphoneos -L/Applications/Xcode_16.4.app/Contents/Developer/Toolchains/XcodeDefault.xctoolchain/usr/lib/swift/iphoneos -L/Applications/Xcode_16.4.app/Contents/Developer/Platforms/iPhoneOS.platform/Developer/SDKs/iPhoneOS18.5.sdk/usr/lib/swift -filelist /Users/runner/Library/Developer/Xcode/DerivedData/Document_Scan-gpyzovawczbcogekrckiypzonffc/Build/Intermediates.noindex/ArchiveIntermediates/Document_Scan/IntermediateBuildFilesPath/Pods.build/Release-iphoneos/Pods-Document_Scan.build/Objects-normal/arm64/Pods_Document_Scan.LinkFileList -framework Foundation -dependency_info /Users/runner/Library/Developer/Xcode/DerivedData/Document_Scan-gpyzovawczbcogekrckiypzonffc/Build/Intermediates.noindex/ArchiveIntermediates/Document_Scan/IntermediateBuildFilesPath/Pods.build/Release-iphoneos/Pods-Document_Scan.build/Objects-normal/arm64/Pods_Document_Scan_libtool_dependency_info.dat -o /Users/runner/Library/Developer/Xcode/DerivedData/Document_Scan-gpyzovawczbcogekrckiypzonffc/Build/Intermediates.noindex/ArchiveIntermediates/Document_Scan/IntermediateBuildFilesPath/UninstalledProducts/iphoneos/Pods_Document_Scan.framework/Pods_Document_Scan

ProcessInfoPlistFile /Users/runner/Library/Developer/Xcode/DerivedData/Document_Scan-gpyzovawczbcogekrckiypzonffc/Build/Intermediates.noindex/ArchiveIntermediates/Document_Scan/IntermediateBuildFilesPath/UninstalledProducts/iphoneos/Pods_Document_Scan.framework/Info.plist /Users/runner/work/Document_Scan/Document_Scan/Pods/Target\ Support\ Files/Pods-Document_Scan/Pods-Document_Scan-Info.plist (in target 'Pods-Document_Scan' from project 'Pods')
    cd /Users/runner/work/Document_Scan/Document_Scan/Pods
    builtin-infoPlistUtility /Users/runner/work/Document_Scan/Document_Scan/Pods/Target\ Support\ Files/Pods-Document_Scan/Pods-Document_Scan-Info.plist -producttype com.apple.product-type.framework -expandbuildsettings -format binary -platform iphoneos -requiredArchitecture arm64 -o /Users/runner/Library/Developer/Xcode/DerivedData/Document_Scan-gpyzovawczbcogekrckiypzonffc/Build/Intermediates.noindex/ArchiveIntermediates/Document_Scan/IntermediateBuildFilesPath/UninstalledProducts/iphoneos/Pods_Document_Scan.framework/Info.plist

SetOwnerAndGroup runner:staff /Users/runner/Library/Developer/Xcode/DerivedData/Document_Scan-gpyzovawczbcogekrckiypzonffc/Build/Intermediates.noindex/ArchiveIntermediates/Document_Scan/IntermediateBuildFilesPath/UninstalledProducts/iphoneos/Pods_Document_Scan.framework (in target 'Pods-Document_Scan' from project 'Pods')
    cd /Users/runner/work/Document_Scan/Document_Scan/Pods
    /usr/sbin/chown -RH runner:staff /Users/runner/Library/Developer/Xcode/DerivedData/Document_Scan-gpyzovawczbcogekrckiypzonffc/Build/Intermediates.noindex/ArchiveIntermediates/Document_Scan/IntermediateBuildFilesPath/UninstalledProducts/iphoneos/Pods_Document_Scan.framework

SetMode u+w,go-w,a+rX /Users/runner/Library/Developer/Xcode/DerivedData/Document_Scan-gpyzovawczbcogekrckiypzonffc/Build/Intermediates.noindex/ArchiveIntermediates/Document_Scan/IntermediateBuildFilesPath/UninstalledProducts/iphoneos/Pods_Document_Scan.framework (in target 'Pods-Document_Scan' from project 'Pods')
    cd /Users/runner/work/Document_Scan/Document_Scan/Pods
    /bin/chmod -RH u+w,go-w,a+rX /Users/runner/Library/Developer/Xcode/DerivedData/Document_Scan-gpyzovawczbcogekrckiypzonffc/Build/Intermediates.noindex/ArchiveIntermediates/Document_Scan/IntermediateBuildFilesPath/UninstalledProducts/iphoneos/Pods_Document_Scan.framework

RegisterExecutionPolicyException /Users/runner/Library/Developer/Xcode/DerivedData/Document_Scan-gpyzovawczbcogekrckiypzonffc/Build/Intermediates.noindex/ArchiveIntermediates/Document_Scan/IntermediateBuildFilesPath/UninstalledProducts/iphoneos/Pods_Document_Scan.framework (in target 'Pods-Document_Scan' from project 'Pods')
    cd /Users/runner/work/Document_Scan/Document_Scan/Pods
    builtin-RegisterExecutionPolicyException /Users/runner/Library/Developer/Xcode/DerivedData/Document_Scan-gpyzovawczbcogekrckiypzonffc/Build/Intermediates.noindex/ArchiveIntermediates/Document_Scan/IntermediateBuildFilesPath/UninstalledProducts/iphoneos/Pods_Document_Scan.framework

Touch /Users/runner/Library/Developer/Xcode/DerivedData/Document_Scan-gpyzovawczbcogekrckiypzonffc/Build/Intermediates.noindex/ArchiveIntermediates/Document_Scan/IntermediateBuildFilesPath/UninstalledProducts/iphoneos/Pods_Document_Scan.framework (in target 'Pods-Document_Scan' from project 'Pods')
    cd /Users/runner/work/Document_Scan/Document_Scan/Pods
    /usr/bin/touch -c /Users/runner/Library/Developer/Xcode/DerivedData/Document_Scan-gpyzovawczbcogekrckiypzonffc/Build/Intermediates.noindex/ArchiveIntermediates/Document_Scan/IntermediateBuildFilesPath/UninstalledProducts/iphoneos/Pods_Document_Scan.framework

PhaseScriptExecution [CP]\ Check\ Pods\ Manifest.lock /Users/runner/Library/Developer/Xcode/DerivedData/Document_Scan-gpyzovawczbcogekrckiypzonffc/Build/Intermediates.noindex/ArchiveIntermediates/Document_Scan/IntermediateBuildFilesPath/Document_Scan.build/Release-iphoneos/Document_Scan.build/Script-92BBCAF83EC1854D244A8A41.sh (in target 'Document_Scan' from project 'Document_Scan')
    cd /Users/runner/work/Document_Scan/Document_Scan
    /bin/sh -c /Users/runner/Library/Developer/Xcode/DerivedData/Document_Scan-gpyzovawczbcogekrckiypzonffc/Build/Intermediates.noindex/ArchiveIntermediates/Document_Scan/IntermediateBuildFilesPath/Document_Scan.build/Release-iphoneos/Document_Scan.build/Script-92BBCAF83EC1854D244A8A41.sh

MkDir /Users/runner/Library/Developer/Xcode/DerivedData/Document_Scan-gpyzovawczbcogekrckiypzonffc/Build/Intermediates.noindex/ArchiveIntermediates/Document_Scan/IntermediateBuildFilesPath/Document_Scan.build/Release-iphoneos/Document_Scan.build/assetcatalog_output/unthinned (in target 'Document_Scan' from project 'Document_Scan')
    cd /Users/runner/work/Document_Scan/Document_Scan
    /bin/mkdir -p /Users/runner/Library/Developer/Xcode/DerivedData/Document_Scan-gpyzovawczbcogekrckiypzonffc/Build/Intermediates.noindex/ArchiveIntermediates/Document_Scan/IntermediateBuildFilesPath/Document_Scan.build/Release-iphoneos/Document_Scan.build/assetcatalog_output/unthinned

MkDir /Users/runner/Library/Developer/Xcode/DerivedData/Document_Scan-gpyzovawczbcogekrckiypzonffc/Build/Intermediates.noindex/ArchiveIntermediates/Document_Scan/IntermediateBuildFilesPath/Document_Scan.build/Release-iphoneos/Document_Scan.build/assetcatalog_output/thinned (in target 'Document_Scan' from project 'Document_Scan')
    cd /Users/runner/work/Document_Scan/Document_Scan
    /bin/mkdir -p /Users/runner/Library/Developer/Xcode/DerivedData/Document_Scan-gpyzovawczbcogekrckiypzonffc/Build/Intermediates.noindex/ArchiveIntermediates/Document_Scan/IntermediateBuildFilesPath/Document_Scan.build/Release-iphoneos/Document_Scan.build/assetcatalog_output/thinned

GenerateAssetSymbols /Users/runner/work/Document_Scan/Document_Scan/Document_Scan/Resources/Assets.xcassets (in target 'Document_Scan' from project 'Document_Scan')
    cd /Users/runner/work/Document_Scan/Document_Scan
    /Applications/Xcode_16.4.app/Contents/Developer/usr/bin/actool /Users/runner/work/Document_Scan/Document_Scan/Document_Scan/Resources/Assets.xcassets --compile /Users/runner/Library/Developer/Xcode/DerivedData/Document_Scan-gpyzovawczbcogekrckiypzonffc/Build/Intermediates.noindex/ArchiveIntermediates/Document_Scan/InstallationBuildProductsLocation/Applications/Document_Scan.app --output-format human-readable-text --notices --warnings --export-dependency-info /Users/runner/Library/Developer/Xcode/DerivedData/Document_Scan-gpyzovawczbcogekrckiypzonffc/Build/Intermediates.noindex/ArchiveIntermediates/Document_Scan/IntermediateBuildFilesPath/Document_Scan.build/Release-iphoneos/Document_Scan.build/assetcatalog_dependencies --output-partial-info-plist /Users/runner/Library/Developer/Xcode/DerivedData/Document_Scan-gpyzovawczbcogekrckiypzonffc/Build/Intermediates.noindex/ArchiveIntermediates/Document_Scan/IntermediateBuildFilesPath/Document_Scan.build/Release-iphoneos/Document_Scan.build/assetcatalog_generated_info.plist --app-icon AppIcon --compress-pngs --enable-on-demand-resources YES --development-region en --target-device iphone --minimum-deployment-target 16.0 --platform iphoneos --bundle-identifier com.document.abraid.abram --generate-swift-asset-symbol-extensions NO --generate-swift-asset-symbols /Users/runner/Library/Developer/Xcode/DerivedData/Document_Scan-gpyzovawczbcogekrckiypzonffc/Build/Intermediates.noindex/ArchiveIntermediates/Document_Scan/IntermediateBuildFilesPath/Document_Scan.build/Release-iphoneos/Document_Scan.build/DerivedSources/GeneratedAssetSymbols.swift --generate-objc-asset-symbols /Users/runner/Library/Developer/Xcode/DerivedData/Document_Scan-gpyzovawczbcogekrckiypzonffc/Build/Intermediates.noindex/ArchiveIntermediates/Document_Scan/IntermediateBuildFilesPath/Document_Scan.build/Release-iphoneos/Document_Scan.build/DerivedSources/GeneratedAssetSymbols.h --generate-asset-symbol-index /Users/runner/Library/Developer/Xcode/DerivedData/Document_Scan-gpyzovawczbcogekrckiypzonffc/Build/Intermediates.noindex/ArchiveIntermediates/Document_Scan/IntermediateBuildFilesPath/Document_Scan.build/Release-iphoneos/Document_Scan.build/DerivedSources/GeneratedAssetSymbols-Index.plist
/* com.apple.actool.compilation-results */
/Users/runner/Library/Developer/Xcode/DerivedData/Document_Scan-gpyzovawczbcogekrckiypzonffc/Build/Intermediates.noindex/ArchiveIntermediates/Document_Scan/IntermediateBuildFilesPath/Document_Scan.build/Release-iphoneos/Document_Scan.build/DerivedSources/GeneratedAssetSymbols-Index.plist
/Users/runner/Library/Developer/Xcode/DerivedData/Document_Scan-gpyzovawczbcogekrckiypzonffc/Build/Intermediates.noindex/ArchiveIntermediates/Document_Scan/IntermediateBuildFilesPath/Document_Scan.build/Release-iphoneos/Document_Scan.build/DerivedSources/GeneratedAssetSymbols.h
/Users/runner/Library/Developer/Xcode/DerivedData/Document_Scan-gpyzovawczbcogekrckiypzonffc/Build/Intermediates.noindex/ArchiveIntermediates/Document_Scan/IntermediateBuildFilesPath/Document_Scan.build/Release-iphoneos/Document_Scan.build/DerivedSources/GeneratedAssetSymbols.swift


CopyStringsFile /Users/runner/Library/Developer/Xcode/DerivedData/Document_Scan-gpyzovawczbcogekrckiypzonffc/Build/Intermediates.noindex/ArchiveIntermediates/Document_Scan/InstallationBuildProductsLocation/Applications/Document_Scan.app/zh-Hans.lproj/Localizable.strings /Users/runner/work/Document_Scan/Document_Scan/Document_Scan/zh-Hans.lproj/Localizable.strings (in target 'Document_Scan' from project 'Document_Scan')
    cd /Users/runner/work/Document_Scan/Document_Scan
    builtin-copyStrings --validate --outputencoding binary --outfilename Localizable.strings --outdir /Users/runner/Library/Developer/Xcode/DerivedData/Document_Scan-gpyzovawczbcogekrckiypzonffc/Build/Intermediates.noindex/ArchiveIntermediates/Document_Scan/InstallationBuildProductsLocation/Applications/Document_Scan.app/zh-Hans.lproj -- /Users/runner/work/Document_Scan/Document_Scan/Document_Scan/zh-Hans.lproj/Localizable.strings
/Users/runner/work/Document_Scan/Document_Scan/Document_Scan/zh-Hans.lproj/Localizable.strings:1:1: note: detected encoding of input file as Unicode (UTF-8) (in target 'Document_Scan' from project 'Document_Scan')

CopyStringsFile /Users/runner/Library/Developer/Xcode/DerivedData/Document_Scan-gpyzovawczbcogekrckiypzonffc/Build/Intermediates.noindex/ArchiveIntermediates/Document_Scan/InstallationBuildProductsLocation/Applications/Document_Scan.app/zh-Hans.lproj/InfoPlist.strings /Users/runner/work/Document_Scan/Document_Scan/Document_Scan/zh-Hans.lproj/InfoPlist.strings (in target 'Document_Scan' from project 'Document_Scan')
    cd /Users/runner/work/Document_Scan/Document_Scan
    builtin-copyStrings --validate --outputencoding binary --outfilename InfoPlist.strings --outdir /Users/runner/Library/Developer/Xcode/DerivedData/Document_Scan-gpyzovawczbcogekrckiypzonffc/Build/Intermediates.noindex/ArchiveIntermediates/Document_Scan/InstallationBuildProductsLocation/Applications/Document_Scan.app/zh-Hans.lproj -- /Users/runner/work/Document_Scan/Document_Scan/Document_Scan/zh-Hans.lproj/InfoPlist.strings
/Users/runner/work/Document_Scan/Document_Scan/Document_Scan/zh-Hans.lproj/InfoPlist.strings:1:1: note: detected encoding of input file as Unicode (UTF-8) (in target 'Document_Scan' from project 'Document_Scan')

CopyStringsFile /Users/runner/Library/Developer/Xcode/DerivedData/Document_Scan-gpyzovawczbcogekrckiypzonffc/Build/Intermediates.noindex/ArchiveIntermediates/Document_Scan/InstallationBuildProductsLocation/Applications/Document_Scan.app/en.lproj/Localizable.strings /Users/runner/work/Document_Scan/Document_Scan/Document_Scan/en.lproj/Localizable.strings (in target 'Document_Scan' from project 'Document_Scan')
    cd /Users/runner/work/Document_Scan/Document_Scan
    builtin-copyStrings --validate --outputencoding binary --outfilename Localizable.strings --outdir /Users/runner/Library/Developer/Xcode/DerivedData/Document_Scan-gpyzovawczbcogekrckiypzonffc/Build/Intermediates.noindex/ArchiveIntermediates/Document_Scan/InstallationBuildProductsLocation/Applications/Document_Scan.app/en.lproj -- /Users/runner/work/Document_Scan/Document_Scan/Document_Scan/en.lproj/Localizable.strings
/Users/runner/work/Document_Scan/Document_Scan/Document_Scan/en.lproj/Localizable.strings:1:1: note: detected encoding of input file as Unicode (UTF-8) (in target 'Document_Scan' from project 'Document_Scan')

CopyStringsFile /Users/runner/Library/Developer/Xcode/DerivedData/Document_Scan-gpyzovawczbcogekrckiypzonffc/Build/Intermediates.noindex/ArchiveIntermediates/Document_Scan/InstallationBuildProductsLocation/Applications/Document_Scan.app/en.lproj/InfoPlist.strings /Users/runner/work/Document_Scan/Document_Scan/Document_Scan/en.lproj/InfoPlist.strings (in target 'Document_Scan' from project 'Document_Scan')
    cd /Users/runner/work/Document_Scan/Document_Scan
    builtin-copyStrings --validate --outputencoding binary --outfilename InfoPlist.strings --outdir /Users/runner/Library/Developer/Xcode/DerivedData/Document_Scan-gpyzovawczbcogekrckiypzonffc/Build/Intermediates.noindex/ArchiveIntermediates/Document_Scan/InstallationBuildProductsLocation/Applications/Document_Scan.app/en.lproj -- /Users/runner/work/Document_Scan/Document_Scan/Document_Scan/en.lproj/InfoPlist.strings
/Users/runner/work/Document_Scan/Document_Scan/Document_Scan/en.lproj/InfoPlist.strings:1:1: note: detected encoding of input file as Unicode (UTF-8) (in target 'Document_Scan' from project 'Document_Scan')

CompileAssetCatalogVariant thinned /Users/runner/Library/Developer/Xcode/DerivedData/Document_Scan-gpyzovawczbcogekrckiypzonffc/Build/Intermediates.noindex/ArchiveIntermediates/Document_Scan/InstallationBuildProductsLocation/Applications/Document_Scan.app /Users/runner/work/Document_Scan/Document_Scan/Document_Scan/Resources/Assets.xcassets (in target 'Document_Scan' from project 'Document_Scan')
    cd /Users/runner/work/Document_Scan/Document_Scan
    /Applications/Xcode_16.4.app/Contents/Developer/usr/bin/actool /Users/runner/work/Document_Scan/Document_Scan/Document_Scan/Resources/Assets.xcassets --compile /Users/runner/Library/Developer/Xcode/DerivedData/Document_Scan-gpyzovawczbcogekrckiypzonffc/Build/Intermediates.noindex/ArchiveIntermediates/Document_Scan/IntermediateBuildFilesPath/Document_Scan.build/Release-iphoneos/Document_Scan.build/assetcatalog_output/thinned --output-format human-readable-text --notices --warnings --export-dependency-info /Users/runner/Library/Developer/Xcode/DerivedData/Document_Scan-gpyzovawczbcogekrckiypzonffc/Build/Intermediates.noindex/ArchiveIntermediates/Document_Scan/IntermediateBuildFilesPath/Document_Scan.build/Release-iphoneos/Document_Scan.build/assetcatalog_dependencies_thinned --output-partial-info-plist /Users/runner/Library/Developer/Xcode/DerivedData/Document_Scan-gpyzovawczbcogekrckiypzonffc/Build/Intermediates.noindex/ArchiveIntermediates/Document_Scan/IntermediateBuildFilesPath/Document_Scan.build/Release-iphoneos/Document_Scan.build/assetcatalog_generated_info.plist_thinned --app-icon AppIcon --compress-pngs --enable-on-demand-resources YES --development-region en --target-device iphone --minimum-deployment-target 16.0 --platform iphoneos
/* com.apple.actool.compilation-results */
/Users/runner/Library/Developer/Xcode/DerivedData/Document_Scan-gpyzovawczbcogekrckiypzonffc/Build/Intermediates.noindex/ArchiveIntermediates/Document_Scan/IntermediateBuildFilesPath/Document_Scan.build/Release-iphoneos/Document_Scan.build/assetcatalog_generated_info.plist_thinned
/Users/runner/Library/Developer/Xcode/DerivedData/Document_Scan-gpyzovawczbcogekrckiypzonffc/Build/Intermediates.noindex/ArchiveIntermediates/Document_Scan/IntermediateBuildFilesPath/Document_Scan.build/Release-iphoneos/Document_Scan.build/assetcatalog_output/thinned/AppIcon60x60@2x.png
/Users/runner/Library/Developer/Xcode/DerivedData/Document_Scan-gpyzovawczbcogekrckiypzonffc/Build/Intermediates.noindex/ArchiveIntermediates/Document_Scan/IntermediateBuildFilesPath/Document_Scan.build/Release-iphoneos/Document_Scan.build/assetcatalog_output/thinned/AppIcon76x76@2x~ipad.png
/Users/runner/Library/Developer/Xcode/DerivedData/Document_Scan-gpyzovawczbcogekrckiypzonffc/Build/Intermediates.noindex/ArchiveIntermediates/Document_Scan/IntermediateBuildFilesPath/Document_Scan.build/Release-iphoneos/Document_Scan.build/assetcatalog_output/thinned/Assets.car


SwiftDriver Document_Scan normal arm64 com.apple.xcode.tools.swift.compiler (in target 'Document_Scan' from project 'Document_Scan')
    cd /Users/runner/work/Document_Scan/Document_Scan
    builtin-SwiftDriver -- /Applications/Xcode_16.4.app/Contents/Developer/Toolchains/XcodeDefault.xctoolchain/usr/bin/swiftc -module-name Document_Scan -O -whole-module-optimization -enforce-exclusivity\=checked @/Users/runner/Library/Developer/Xcode/DerivedData/Document_Scan-gpyzovawczbcogekrckiypzonffc/Build/Intermediates.noindex/ArchiveIntermediates/Document_Scan/IntermediateBuildFilesPath/Document_Scan.build/Release-iphoneos/Document_Scan.build/Objects-normal/arm64/Document_Scan.SwiftFileList -D COCOAPODS -enable-bare-slash-regex -enable-experimental-feature DebugDescriptionMacro -sdk /Applications/Xcode_16.4.app/Contents/Developer/Platforms/iPhoneOS.platform/Developer/SDKs/iPhoneOS18.5.sdk -target arm64-apple-ios16.0 -g -module-cache-path /Users/runner/Library/Developer/Xcode/DerivedData/ModuleCache.noindex -Xfrontend -serialize-debugging-options -swift-version 5 -I /Users/runner/Library/Developer/Xcode/DerivedData/Document_Scan-gpyzovawczbcogekrckiypzonffc/Build/Intermediates.noindex/ArchiveIntermediates/Document_Scan/BuildProductsPath/Release-iphoneos -F /Users/runner/Library/Developer/Xcode/DerivedData/Document_Scan-gpyzovawczbcogekrckiypzonffc/Build/Intermediates.noindex/ArchiveIntermediates/Document_Scan/BuildProductsPath/Release-iphoneos -F /Users/runner/Library/Developer/Xcode/DerivedData/Document_Scan-gpyzovawczbcogekrckiypzonffc/Build/Intermediates.noindex/ArchiveIntermediates/Document_Scan/BuildProductsPath/Release-iphoneos/WYYKit -F /Users/runner/work/Document_Scan/Document_Scan/Pods/Ads-Global/SDK -F /Users/runner/work/Document_Scan/Document_Scan/Pods/FBAudienceNetwork/Dynamic -F /Users/runner/work/Document_Scan/Document_Scan/Pods/InMobiSDK -F /Users/runner/work/Document_Scan/Document_Scan/Pods/MintegralAdSDK/Fmk -F /Users/runner/work/Document_Scan/Document_Scan/Pods/SmartdigimktSDK/SmartDigimktSDK -F /Users/runner/work/Document_Scan/Document_Scan/Pods/TPNMediationAdxSmartdigimktAdapter/AnyThinkSmartdigimktAdapter-6.5.45.0 -F /Users/runner/work/Document_Scan/Document_Scan/Pods/TPNMediationFacebookAdapter/AnyThinkFacebookAdapter-6.21.1.0 -F /Users/runner/work/Document_Scan/Document_Scan/Pods/TPNMediationInmobiAdapter/AnyThinkInmobiAdapter-11.1.0.0 -F /Users/runner/work/Document_Scan/Document_Scan/Pods/TPNMediationMintegralAdapter/AnyThinkMintegralAdapter-8.0.4.0 -F /Users/runner/work/Document_Scan/Document_Scan/Pods/TPNMediationPangleAdapter/AnyThinkPangleAdapter-7.8.5.7.0 -F /Users/runner/work/Document_Scan/Document_Scan/Pods/TPNiOS/core -F /Users/runner/work/Document_Scan/Document_Scan/Pods/UMAPM/UMAPM_2.0.7 -F /Users/runner/work/Document_Scan/Document_Scan/Pods/UMCommon/UMCommon_7.5.8 -F /Users/runner/work/Document_Scan/Document_Scan/Pods/UMDevice/UMDevice_3.5.0 -F /Users/runner/Library/Developer/Xcode/DerivedData/Document_Scan-gpyzovawczbcogekrckiypzonffc/Build/Intermediates.noindex/ArchiveIntermediates/Document_Scan/BuildProductsPath/Release-iphoneos/XCFrameworkIntermediates/Ads-Global/PangleSDK -F /Users/runner/Library/Developer/Xcode/DerivedData/Document_Scan-gpyzovawczbcogekrckiypzonffc/Build/Intermediates.noindex/ArchiveIntermediates/Document_Scan/BuildProductsPath/Release-iphoneos/XCFrameworkIntermediates/Ads-Global/TikTokBusinessSDK -F /Users/runner/Library/Developer/Xcode/DerivedData/Document_Scan-gpyzovawczbcogekrckiypzonffc/Build/Intermediates.noindex/ArchiveIntermediates/Document_Scan/BuildProductsPath/Release-iphoneos/XCFrameworkIntermediates/FBAudienceNetwork -F /Users/runner/Library/Developer/Xcode/DerivedData/Document_Scan-gpyzovawczbcogekrckiypzonffc/Build/Intermediates.noindex/ArchiveIntermediates/Document_Scan/BuildProductsPath/Release-iphoneos/XCFrameworkIntermediates/InMobiSDK -F /Users/runner/Library/Developer/Xcode/DerivedData/Document_Scan-gpyzovawczbcogekrckiypzonffc/Build/Intermediates.noindex/ArchiveIntermediates/Document_Scan/BuildProductsPath/Release-iphoneos/XCFrameworkIntermediates/MintegralAdSDK/BannerAd -F /Users/runner/Library/Developer/Xcode/DerivedData/Document_Scan-gpyzovawczbcogekrckiypzonffc/Build/Intermediates.noindex/ArchiveIntermediates/Document_Scan/BuildProductsPath/Release-iphoneos/XCFrameworkIntermediates/MintegralAdSDK/BidNativeAd -F /Users/runner/Library/Developer/Xcode/DerivedData/Document_Scan-gpyzovawczbcogekrckiypzonffc/Build/Intermediates.noindex/ArchiveIntermediates/Document_Scan/BuildProductsPath/Release-iphoneos/XCFrameworkIntermediates/MintegralAdSDK/InterstitialVideoAd -F /Users/runner/Library/Developer/Xcode/DerivedData/Document_Scan-gpyzovawczbcogekrckiypzonffc/Build/Intermediates.noindex/ArchiveIntermediates/Document_Scan/BuildProductsPath/Release-iphoneos/XCFrameworkIntermediates/MintegralAdSDK/NativeAd -F /Users/runner/Library/Developer/Xcode/DerivedData/Document_Scan-gpyzovawczbcogekrckiypzonffc/Build/Intermediates.noindex/ArchiveIntermediates/Document_Scan/BuildProductsPath/Release-iphoneos/XCFrameworkIntermediates/MintegralAdSDK/NativeAdvancedAd -F /Users/runner/Library/Developer/Xcode/DerivedData/Document_Scan-gpyzovawczbcogekrckiypzonffc/Build/Intermediates.noindex/ArchiveIntermediates/Document_Scan/BuildProductsPath/Release-iphoneos/XCFrameworkIntermediates/MintegralAdSDK/NewInterstitialAd -F /Users/runner/Library/Developer/Xcode/DerivedData/Document_Scan-gpyzovawczbcogekrckiypzonffc/Build/Intermediates.noindex/ArchiveIntermediates/Document_Scan/BuildProductsPath/Release-iphoneos/XCFrameworkIntermediates/MintegralAdSDK/RewardVideoAd -F /Users/runner/Library/Developer/Xcode/DerivedData/Document_Scan-gpyzovawczbcogekrckiypzonffc/Build/Intermediates.noindex/ArchiveIntermediates/Document_Scan/BuildProductsPath/Release-iphoneos/XCFrameworkIntermediates/MintegralAdSDK/SplashAd -F /Users/runner/Library/Developer/Xcode/DerivedData/Document_Scan-gpyzovawczbcogekrckiypzonffc/Build/Intermediates.noindex/ArchiveIntermediates/Document_Scan/BuildProductsPath/Release-iphoneos/XCFrameworkIntermediates/SmartdigimktSDK -F /Users/runner/Library/Developer/Xcode/DerivedData/Document_Scan-gpyzovawczbcogekrckiypzonffc/Build/Intermediates.noindex/ArchiveIntermediates/Document_Scan/BuildProductsPath/Release-iphoneos/XCFrameworkIntermediates/TPNMediationAdxSmartdigimktAdapter -F /Users/runner/Library/Developer/Xcode/DerivedData/Document_Scan-gpyzovawczbcogekrckiypzonffc/Build/Intermediates.noindex/ArchiveIntermediates/Document_Scan/BuildProductsPath/Release-iphoneos/XCFrameworkIntermediates/TPNMediationFacebookAdapter -F /Users/runner/Library/Developer/Xcode/DerivedData/Document_Scan-gpyzovawczbcogekrckiypzonffc/Build/Intermediates.noindex/ArchiveIntermediates/Document_Scan/BuildProductsPath/Release-iphoneos/XCFrameworkIntermediates/TPNMediationInmobiAdapter -F /Users/runner/Library/Developer/Xcode/DerivedData/Document_Scan-gpyzovawczbcogekrckiypzonffc/Build/Intermediates.noindex/ArchiveIntermediates/Document_Scan/BuildProductsPath/Release-iphoneos/XCFrameworkIntermediates/TPNMediationMintegralAdapter -F /Users/runner/Library/Developer/Xcode/DerivedData/Document_Scan-gpyzovawczbcogekrckiypzonffc/Build/Intermediates.noindex/ArchiveIntermediates/Document_Scan/BuildProductsPath/Release-iphoneos/XCFrameworkIntermediates/TPNMediationPangleAdapter -F /Users/runner/Library/Developer/Xcode/DerivedData/Document_Scan-gpyzovawczbcogekrckiypzonffc/Build/Intermediates.noindex/ArchiveIntermediates/Document_Scan/BuildProductsPath/Release-iphoneos/XCFrameworkIntermediates/TPNiOS/TPNSDK -F /Users/runner/Library/Developer/Xcode/DerivedData/Document_Scan-gpyzovawczbcogekrckiypzonffc/Build/Intermediates.noindex/ArchiveIntermediates/Document_Scan/BuildProductsPath/Release-iphoneos/XCFrameworkIntermediates/UMAPM -F /Users/runner/Library/Developer/Xcode/DerivedData/Document_Scan-gpyzovawczbcogekrckiypzonffc/Build/Intermediates.noindex/ArchiveIntermediates/Document_Scan/BuildProductsPath/Release-iphoneos/XCFrameworkIntermediates/UMCommon -F /Users/runner/Library/Developer/Xcode/DerivedData/Document_Scan-gpyzovawczbcogekrckiypzonffc/Build/Intermediates.noindex/ArchiveIntermediates/Document_Scan/BuildProductsPath/Release-iphoneos/XCFrameworkIntermediates/UMDevice -c -num-threads 3 -Xcc -ivfsstatcache -Xcc /Users/runner/Library/Developer/Xcode/DerivedData/SDKStatCaches.noindex/iphoneos18.5-22F76-a529daf784b3616c7c04a36aeb7f5c05.sdkstatcache -output-file-map /Users/runner/Library/Developer/Xcode/DerivedData/Document_Scan-gpyzovawczbcogekrckiypzonffc/Build/Intermediates.noindex/ArchiveIntermediates/Document_Scan/IntermediateBuildFilesPath/Document_Scan.build/Release-iphoneos/Document_Scan.build/Objects-normal/arm64/Document_Scan-OutputFileMap.json -use-frontend-parseable-output -save-temps -no-color-diagnostics -serialize-diagnostics -emit-dependencies -emit-module -emit-module-path /Users/runner/Library/Developer/Xcode/DerivedData/Document_Scan-gpyzovawczbcogekrckiypzonffc/Build/Intermediates.noindex/ArchiveIntermediates/Document_Scan/IntermediateBuildFilesPath/Document_Scan.build/Release-iphoneos/Document_Scan.build/Objects-normal/arm64/Document_Scan.swiftmodule -validate-clang-modules-once -clang-build-session-file /Users/runner/Library/Developer/Xcode/DerivedData/ModuleCache.noindex/Session.modulevalidation -Xcc -I/Users/runner/Library/Developer/Xcode/DerivedData/Document_Scan-gpyzovawczbcogekrckiypzonffc/Build/Intermediates.noindex/ArchiveIntermediates/Document_Scan/IntermediateBuildFilesPath/Document_Scan.build/Release-iphoneos/Document_Scan.build/swift-overrides.hmap -emit-const-values -Xfrontend -const-gather-protocols-file -Xfrontend /Users/runner/Library/Developer/Xcode/DerivedData/Document_Scan-gpyzovawczbcogekrckiypzonffc/Build/Intermediates.noindex/ArchiveIntermediates/Document_Scan/IntermediateBuildFilesPath/Document_Scan.build/Release-iphoneos/Document_Scan.build/Objects-normal/arm64/Document_Scan_const_extract_protocols.json -Xcc -iquote -Xcc /Users/runner/Library/Developer/Xcode/DerivedData/Document_Scan-gpyzovawczbcogekrckiypzonffc/Build/Intermediates.noindex/ArchiveIntermediates/Document_Scan/IntermediateBuildFilesPath/Document_Scan.build/Release-iphoneos/Document_Scan.build/Document_Scan-generated-files.hmap -Xcc -I/Users/runner/Library/Developer/Xcode/DerivedData/Document_Scan-gpyzovawczbcogekrckiypzonffc/Build/Intermediates.noindex/ArchiveIntermediates/Document_Scan/IntermediateBuildFilesPath/Document_Scan.build/Release-iphoneos/Document_Scan.build/Document_Scan-own-target-headers.hmap -Xcc -I/Users/runner/Library/Developer/Xcode/DerivedData/Document_Scan-gpyzovawczbcogekrckiypzonffc/Build/Intermediates.noindex/ArchiveIntermediates/Document_Scan/IntermediateBuildFilesPath/Document_Scan.build/Release-iphoneos/Document_Scan.build/Document_Scan-all-non-framework-target-headers.hmap -Xcc -ivfsoverlay -Xcc /Users/runner/Library/Developer/Xcode/DerivedData/Document_Scan-gpyzovawczbcogekrckiypzonffc/Build/Intermediates.noindex/ArchiveIntermediates/Document_Scan/IntermediateBuildFilesPath/Document_Scan.build/Release-iphoneos/Document_Scan-cbe8249668c84d8791d07154310725c5-VFS-iphoneos/all-product-headers.yaml -Xcc -iquote -Xcc /Users/runner/Library/Developer/Xcode/DerivedData/Document_Scan-gpyzovawczbcogekrckiypzonffc/Build/Intermediates.noindex/ArchiveIntermediates/Document_Scan/IntermediateBuildFilesPath/Document_Scan.build/Release-iphoneos/Document_Scan.build/Document_Scan-project-headers.hmap -Xcc -I/Users/runner/Library/Developer/Xcode/DerivedData/Document_Scan-gpyzovawczbcogekrckiypzonffc/Build/Intermediates.noindex/ArchiveIntermediates/Document_Scan/BuildProductsPath/Release-iphoneos/include -Xcc -I/Users/runner/Library/Developer/Xcode/DerivedData/Document_Scan-gpyzovawczbcogekrckiypzonffc/Build/Intermediates.noindex/ArchiveIntermediates/Document_Scan/BuildProductsPath/Release-iphoneos/WYYKit/WYYKit.framework/Headers -Xcc -I/Users/runner/Library/Developer/Xcode/DerivedData/Document_Scan-gpyzovawczbcogekrckiypzonffc/Build/Intermediates.noindex/ArchiveIntermediates/Document_Scan/IntermediateBuildFilesPath/Document_Scan.build/Release-iphoneos/Document_Scan.build/DerivedSources-normal/arm64 -Xcc -I/Users/runner/Library/Developer/Xcode/DerivedData/Document_Scan-gpyzovawczbcogekrckiypzonffc/Build/Intermediates.noindex/ArchiveIntermediates/Document_Scan/IntermediateBuildFilesPath/Document_Scan.build/Release-iphoneos/Document_Scan.build/DerivedSources/arm64 -Xcc -I/Users/runner/Library/Developer/Xcode/DerivedData/Document_Scan-gpyzovawczbcogekrckiypzonffc/Build/Intermediates.noindex/ArchiveIntermediates/Document_Scan/IntermediateBuildFilesPath/Document_Scan.build/Release-iphoneos/Document_Scan.build/DerivedSources -Xcc -DCOCOAPODS\=1 -emit-objc-header -emit-objc-header-path /Users/runner/Library/Developer/Xcode/DerivedData/Document_Scan-gpyzovawczbcogekrckiypzonffc/Build/Intermediates.noindex/ArchiveIntermediates/Document_Scan/IntermediateBuildFilesPath/Document_Scan.build/Release-iphoneos/Document_Scan.build/Objects-normal/arm64/Document_Scan-Swift.h -working-directory /Users/runner/work/Document_Scan/Document_Scan -no-emit-module-separately-wmo

SwiftCompile normal arm64 Compiling\ AdConfig.swift,\ AppColors.swift,\ AppFonts.swift,\ AppRouter.swift,\ BannerAdManager.swift,\ BiometricService.swift,\ CDDocument.swift,\ CDPage.swift,\ CDVersion.swift,\ CropRefineView.swift,\ DetailsView.swift,\ DocumentManager.swift,\ Document_ScanApp.swift,\ FinishScanView.swift,\ ImageStorageService.swift,\ InterstitialAdManager.swift,\ LibraryView.swift,\ MainTabView.swift,\ MockData.swift,\ NotificationService.swift,\ OCRResultView.swift,\ OCRService.swift,\ OnboardingView.swift,\ PDFExportService.swift,\ PaywallView.swift,\ PersistenceController.swift,\ ProcessingView.swift,\ RecycleBinView.swift,\ ScannerService.swift,\ ScannerView.swift,\ SearchView.swift,\ SecuritySettingsView.swift,\ SettingsService.swift,\ SettingsView.swift,\ SplashAdManager.swift,\ ToastView.swift,\ ToolsView.swift,\ VersionHistoryView.swift,\ View+HideKeyboard.swift,\ GeneratedAssetSymbols.swift /Users/runner/work/Document_Scan/Document_Scan/Document_Scan/AdModules/AdConfig.swift /Users/runner/work/Document_Scan/Document_Scan/Document_Scan/Presentation/Theme/AppColors.swift /Users/runner/work/Document_Scan/Document_Scan/Document_Scan/Presentation/Theme/AppFonts.swift /Users/runner/work/Document_Scan/Document_Scan/Document_Scan/App/Router/AppRouter.swift /Users/runner/work/Document_Scan/Document_Scan/Document_Scan/AdModules/BannerAdManager.swift /Users/runner/work/Document_Scan/Document_Scan/Document_Scan/Data/Services/BiometricService.swift /Users/runner/work/Document_Scan/Document_Scan/Document_Scan/Data/CoreData/CDDocument.swift /Users/runner/work/Document_Scan/Document_Scan/Document_Scan/Data/CoreData/CDPage.swift /Users/runner/work/Document_Scan/Document_Scan/Document_Scan/Data/CoreData/CDVersion.swift /Users/runner/work/Document_Scan/Document_Scan/Document_Scan/Modules/CropRefine/CropRefineView.swift /Users/runner/work/Document_Scan/Document_Scan/Document_Scan/Modules/Details/DetailsView.swift /Users/runner/work/Document_Scan/Document_Scan/Document_Scan/Data/Services/DocumentManager.swift /Users/runner/work/Document_Scan/Document_Scan/Document_Scan/App/Document_ScanApp.swift /Users/runner/work/Document_Scan/Document_Scan/Document_Scan/Modules/FinishScan/FinishScanView.swift /Users/runner/work/Document_Scan/Document_Scan/Document_Scan/Data/Services/ImageStorageService.swift /Users/runner/work/Document_Scan/Document_Scan/Document_Scan/AdModules/InterstitialAdManager.swift /Users/runner/work/Document_Scan/Document_Scan/Document_Scan/Modules/Library/LibraryView.swift /Users/runner/work/Document_Scan/Document_Scan/Document_Scan/Presentation/Components/MainTabView.swift /Users/runner/work/Document_Scan/Document_Scan/Document_Scan/Presentation/Theme/MockData.swift /Users/runner/work/Document_Scan/Document_Scan/Document_Scan/Data/Services/NotificationService.swift /Users/runner/work/Document_Scan/Document_Scan/Document_Scan/Modules/OCRResult/OCRResultView.swift /Users/runner/work/Document_Scan/Document_Scan/Document_Scan/Data/Services/OCRService.swift /Users/runner/work/Document_Scan/Document_Scan/Document_Scan/Modules/Onboarding/OnboardingView.swift /Users/runner/work/Document_Scan/Document_Scan/Document_Scan/Data/Services/PDFExportService.swift /Users/runner/work/Document_Scan/Document_Scan/Document_Scan/Modules/Paywall/PaywallView.swift /Users/runner/work/Document_Scan/Document_Scan/Document_Scan/Data/CoreData/PersistenceController.swift /Users/runner/work/Document_Scan/Document_Scan/Document_Scan/Modules/Processing/ProcessingView.swift /Users/runner/work/Document_Scan/Document_Scan/Document_Scan/Modules/RecycleBin/RecycleBinView.swift /Users/runner/work/Document_Scan/Document_Scan/Document_Scan/Data/Services/ScannerService.swift /Users/runner/work/Document_Scan/Document_Scan/Document_Scan/Modules/Scanner/ScannerView.swift /Users/runner/work/Document_Scan/Document_Scan/Document_Scan/Modules/Search/SearchView.swift /Users/runner/work/Document_Scan/Document_Scan/Document_Scan/Modules/SecuritySettings/SecuritySettingsView.swift /Users/runner/work/Document_Scan/Document_Scan/Document_Scan/Data/Services/SettingsService.swift /Users/runner/work/Document_Scan/Document_Scan/Document_Scan/Modules/Settings/SettingsView.swift /Users/runner/work/Document_Scan/Document_Scan/Document_Scan/AdModules/SplashAdManager.swift /Users/runner/work/Document_Scan/Document_Scan/Document_Scan/Presentation/Components/ToastView.swift /Users/runner/work/Document_Scan/Document_Scan/Document_Scan/Modules/Tools/ToolsView.swift /Users/runner/work/Document_Scan/Document_Scan/Document_Scan/Modules/VersionHistory/VersionHistoryView.swift /Users/runner/work/Document_Scan/Document_Scan/Document_Scan/Infrastructure/Extensions/View+HideKeyboard.swift /Users/runner/Library/Developer/Xcode/DerivedData/Document_Scan-gpyzovawczbcogekrckiypzonffc/Build/Intermediates.noindex/ArchiveIntermediates/Document_Scan/IntermediateBuildFilesPath/Document_Scan.build/Release-iphoneos/Document_Scan.build/DerivedSources/GeneratedAssetSymbols.swift (in target 'Document_Scan' from project 'Document_Scan')
CompileSwift normal arm64 (in target 'Document_Scan' from project 'Document_Scan')
    cd /Users/runner/work/Document_Scan/Document_Scan
    
<module-includes>:1:9: note: in file included from <module-includes>:1:
#import "Headers/AnyThinkSDK.h"
        ^
/Users/runner/Library/Developer/Xcode/DerivedData/Document_Scan-gpyzovawczbcogekrckiypzonffc/Build/Intermediates.noindex/ArchiveIntermediates/Document_Scan/BuildProductsPath/Release-iphoneos/XCFrameworkIntermediates/TPNiOS/TPNSDK/AnyThinkSDK.framework/Headers/AnyThinkSDK.h:14:9: note: in file included from /Users/runner/Library/Developer/Xcode/DerivedData/Document_Scan-gpyzovawczbcogekrckiypzonffc/Build/Intermediates.noindex/ArchiveIntermediates/Document_Scan/BuildProductsPath/Release-iphoneos/XCFrameworkIntermediates/TPNiOS/TPNSDK/AnyThinkSDK.framework/Headers/AnyThinkSDK.h:14:
#import <AnyThinkSDK/ATAdCustomEvent.h>
        ^
/Users/runner/Library/Developer/Xcode/DerivedData/Document_Scan-gpyzovawczbcogekrckiypzonffc/Build/Intermediates.noindex/ArchiveIntermediates/Document_Scan/BuildProductsPath/Release-iphoneos/XCFrameworkIntermediates/TPNiOS/TPNSDK/AnyThinkSDK.framework/Headers/ATAdCustomEvent.h:13:9: note: in file included from /Users/runner/Library/Developer/Xcode/DerivedData/Document_Scan-gpyzovawczbcogekrckiypzonffc/Build/Intermediates.noindex/ArchiveIntermediates/Document_Scan/BuildProductsPath/Release-iphoneos/XCFrameworkIntermediates/TPNiOS/TPNSDK/AnyThinkSDK.framework/Headers/ATAdCustomEvent.h:13:
#import <AnyThinkSDK/ATAdManager+Internal.h>
        ^
/Users/runner/Library/Developer/Xcode/DerivedData/Document_Scan-gpyzovawczbcogekrckiypzonffc/Build/Intermediates.noindex/ArchiveIntermediates/Document_Scan/BuildProductsPath/Release-iphoneos/XCFrameworkIntermediates/TPNiOS/TPNSDK/AnyThinkSDK.framework/Headers/ATAdManager+Internal.h:21:17: warning: pointer is missing a nullability type specifier (_Nonnull, _Nullable, or _Null_unspecified)
extern NSString *const kATAdLoadingExtraRefreshFlagKey;//Defined in loader
                ^
/Users/runner/Library/Developer/Xcode/DerivedData/Document_Scan-gpyzovawczbcogekrckiypzonffc/Build/Intermediates.noindex/ArchiveIntermediates/Document_Scan/BuildProductsPath/Release-iphoneos/XCFrameworkIntermediates/TPNiOS/TPNSDK/AnyThinkSDK.framework/Headers/ATAdManager+Internal.h:21:17: note: insert '_Nullable' if the pointer may be null
extern NSString *const kATAdLoadingExtraRefreshFlagKey;//Defined in loader
                ^
/Users/runner/Library/Developer/Xcode/DerivedData/Document_Scan-gpyzovawczbcogekrckiypzonffc/Build/Intermediates.noindex/ArchiveIntermediates/Document_Scan/BuildProductsPath/Release-iphoneos/XCFrameworkIntermediates/TPNiOS/TPNSDK/AnyThinkSDK.framework/Headers/ATAdManager+Internal.h:21:17: note: insert '_Nonnull' if the pointer should never be null
extern NSString *const kATAdLoadingExtraRefreshFlagKey;//Defined in loader
                ^
<module-includes>:1:9: note: in file included from <module-includes>:1:
#import "Headers/AnyThinkSDK.h"
        ^
/Users/runner/Library/Developer/Xcode/DerivedData/Document_Scan-gpyzovawczbcogekrckiypzonffc/Build/Intermediates.noindex/ArchiveIntermediates/Document_Scan/BuildProductsPath/Release-iphoneos/XCFrameworkIntermediates/TPNiOS/TPNSDK/AnyThinkSDK.framework/Headers/AnyThinkSDK.h:14:9: note: in file included from /Users/runner/Library/Developer/Xcode/DerivedData/Document_Scan-gpyzovawczbcogekrckiypzonffc/Build/Intermediates.noindex/ArchiveIntermediates/Document_Scan/BuildProductsPath/Release-iphoneos/XCFrameworkIntermediates/TPNiOS/TPNSDK/AnyThinkSDK.framework/Headers/AnyThinkSDK.h:14:
#import <AnyThinkSDK/ATAdCustomEvent.h>
        ^
/Users/runner/Library/Developer/Xcode/DerivedData/Document_Scan-gpyzovawczbcogekrckiypzonffc/Build/Intermediates.noindex/ArchiveIntermediates/Document_Scan/BuildProductsPath/Release-iphoneos/XCFrameworkIntermediates/TPNiOS/TPNSDK/AnyThinkSDK.framework/Headers/ATAdCustomEvent.h:13:9: note: in file included from /Users/runner/Library/Developer/Xcode/DerivedData/Document_Scan-gpyzovawczbcogekrckiypzonffc/Build/Intermediates.noindex/ArchiveIntermediates/Document_Scan/BuildProductsPath/Release-iphoneos/XCFrameworkIntermediates/TPNiOS/TPNSDK/AnyThinkSDK.framework/Headers/ATAdCustomEvent.h:13:
#import <AnyThinkSDK/ATAdManager+Internal.h>
        ^
/Users/runner/Library/Developer/Xcode/DerivedData/Document_Scan-gpyzovawczbcogekrckiypzonffc/Build/Intermediates.noindex/ArchiveIntermediates/Document_Scan/BuildProductsPath/Release-iphoneos/XCFrameworkIntermediates/TPNiOS/TPNSDK/AnyThinkSDK.framework/Headers/ATAdManager+Internal.h:101:57: warning: pointer is missing a nullability type specifier (_Nonnull, _Nullable, or _Null_unspecified)
- (void)autoRefreshIsReadyPlacementID:(ATPlacementModel *)placementModel;
                                                        ^
/Users/runner/Library/Developer/Xcode/DerivedData/Document_Scan-gpyzovawczbcogekrckiypzonffc/Build/Intermediates.noindex/ArchiveIntermediates/Document_Scan/BuildProductsPath/Release-iphoneos/XCFrameworkIntermediates/TPNiOS/TPNSDK/AnyThinkSDK.framework/Headers/ATAdManager+Internal.h:101:57: note: insert '_Nullable' if the pointer may be null
- (void)autoRefreshIsReadyPlacementID:(ATPlacementModel *)placementModel;
                                                        ^
/Users/runner/Library/Developer/Xcode/DerivedData/Document_Scan-gpyzovawczbcogekrckiypzonffc/Build/Intermediates.noindex/ArchiveIntermediates/Document_Scan/BuildProductsPath/Release-iphoneos/XCFrameworkIntermediates/TPNiOS/TPNSDK/AnyThinkSDK.framework/Headers/ATAdManager+Internal.h:101:57: note: insert '_Nonnull' if the pointer should never be null
- (void)autoRefreshIsReadyPlacementID:(ATPlacementModel *)placementModel;
                                                        ^
<module-includes>:1:9: note: in file included from <module-includes>:1:
#import "Headers/AnyThinkSDK.h"
        ^
/Users/runner/Library/Developer/Xcode/DerivedData/Document_Scan-gpyzovawczbcogekrckiypzonffc/Build/Intermediates.noindex/ArchiveIntermediates/Document_Scan/BuildProductsPath/Release-iphoneos/XCFrameworkIntermediates/TPNiOS/TPNSDK/AnyThinkSDK.framework/Headers/AnyThinkSDK.h:14:9: note: in file included from /Users/runner/Library/Developer/Xcode/DerivedData/Document_Scan-gpyzovawczbcogekrckiypzonffc/Build/Intermediates.noindex/ArchiveIntermediates/Document_Scan/BuildProductsPath/Release-iphoneos/XCFrameworkIntermediates/TPNiOS/TPNSDK/AnyThinkSDK.framework/Headers/AnyThinkSDK.h:14:
#import <AnyThinkSDK/ATAdCustomEvent.h>
        ^
/Users/runner/Library/Developer/Xcode/DerivedData/Document_Scan-gpyzovawczbcogekrckiypzonffc/Build/Intermediates.noindex/ArchiveIntermediates/Document_Scan/BuildProductsPath/Release-iphoneos/XCFrameworkIntermediates/TPNiOS/TPNSDK/AnyThinkSDK.framework/Headers/ATAdCustomEvent.h:13:9: note: in file included from /Users/runner/Library/Developer/Xcode/DerivedData/Document_Scan-gpyzovawczbcogekrckiypzonffc/Build/Intermediates.noindex/ArchiveIntermediates/Document_Scan/BuildProductsPath/Release-iphoneos/XCFrameworkIntermediates/TPNiOS/TPNSDK/AnyThinkSDK.framework/Headers/ATAdCustomEvent.h:13:
#import <AnyThinkSDK/ATAdManager+Internal.h>
        ^
/Users/runner/Library/Developer/Xcode/DerivedData/Document_Scan-gpyzovawczbcogekrckiypzonffc/Build/Intermediates.noindex/ArchiveIntermediates/Document_Scan/BuildProductsPath/Release-iphoneos/XCFrameworkIntermediates/TPNiOS/TPNSDK/AnyThinkSDK.framework/Headers/ATAdManager+Internal.h:105:12: warning: pointer is missing a nullability type specifier (_Nonnull, _Nullable, or _Null_unspecified)
+ (NSArray *)getRealTimeNetworkArray;
           ^
/Users/runner/Library/Developer/Xcode/DerivedData/Document_Scan-gpyzovawczbcogekrckiypzonffc/Build/Intermediates.noindex/ArchiveIntermediates/Document_Scan/BuildProductsPath/Release-iphoneos/XCFrameworkIntermediates/TPNiOS/TPNSDK/AnyThinkSDK.framework/Headers/ATAdManager+Internal.h:105:12: note: insert '_Nullable' if the pointer may be null
+ (NSArray *)getRealTimeNetworkArray;
           ^
/Users/runner/Library/Developer/Xcode/DerivedData/Document_Scan-gpyzovawczbcogekrckiypzonffc/Build/Intermediates.noindex/ArchiveIntermediates/Document_Scan/BuildProductsPath/Release-iphoneos/XCFrameworkIntermediates/TPNiOS/TPNSDK/AnyThinkSDK.framework/Headers/ATAdManager+Internal.h:105:12: note: insert '_Nonnull' if the pointer should never be null
+ (NSArray *)getRealTimeNetworkArray;
           ^
<module-includes>:1:9: note: in file included from <module-includes>:1:
#import "Headers/AnyThinkSDK.h"
        ^
/Users/runner/Library/Developer/Xcode/DerivedData/Document_Scan-gpyzovawczbcogekrckiypzonffc/Build/Intermediates.noindex/ArchiveIntermediates/Document_Scan/BuildProductsPath/Release-iphoneos/XCFrameworkIntermediates/TPNiOS/TPNSDK/AnyThinkSDK.framework/Headers/AnyThinkSDK.h:14:9: note: in file included from /Users/runner/Library/Developer/Xcode/DerivedData/Document_Scan-gpyzovawczbcogekrckiypzonffc/Build/Intermediates.noindex/ArchiveIntermediates/Document_Scan/BuildProductsPath/Release-iphoneos/XCFrameworkIntermediates/TPNiOS/TPNSDK/AnyThinkSDK.framework/Headers/AnyThinkSDK.h:14:
#import <AnyThinkSDK/ATAdCustomEvent.h>
        ^
/Users/runner/Library/Developer/Xcode/DerivedData/Document_Scan-gpyzovawczbcogekrckiypzonffc/Build/Intermediates.noindex/ArchiveIntermediates/Document_Scan/BuildProductsPath/Release-iphoneos/XCFrameworkIntermediates/TPNiOS/TPNSDK/AnyThinkSDK.framework/Headers/ATAdCustomEvent.h:13:9: note: in file included from /Users/runner/Library/Developer/Xcode/DerivedData/Document_Scan-gpyzovawczbcogekrckiypzonffc/Build/Intermediates.noindex/ArchiveIntermediates/Document_Scan/BuildProductsPath/Release-iphoneos/XCFrameworkIntermediates/TPNiOS/TPNSDK/AnyThinkSDK.framework/Headers/ATAdCustomEvent.h:13:
#import <AnyThinkSDK/ATAdManager+Internal.h>
        ^
/Users/runner/Library/Developer/Xcode/DerivedData/Document_Scan-gpyzovawczbcogekrckiypzonffc/Build/Intermediates.noindex/ArchiveIntermediates/Document_Scan/BuildProductsPath/Release-iphoneos/XCFrameworkIntermediates/TPNiOS/TPNSDK/AnyThinkSDK.framework/Headers/ATAdManager+Internal.h:108:60: warning: pointer is missing a nullability type specifier (_Nonnull, _Nullable, or _Null_unspecified)
- (void)sendEntryScenarioTrackingWithPlacementID:(NSString *)placementID unitGroupModel:(ATUnitGroupModel *)unitGroupModel scene:(NSString *)scene isLoading:(BOOL)isLoading isReady:(BOOL)isReady extraInfo: (NSDictionary *)extraInfo;
                                                           ^
/Users/runner/Library/Developer/Xcode/DerivedData/Document_Scan-gpyzovawczbcogekrckiypzonffc/Build/Intermediates.noindex/ArchiveIntermediates/Document_Scan/BuildProductsPath/Release-iphoneos/XCFrameworkIntermediates/TPNiOS/TPNSDK/AnyThinkSDK.framework/Headers/ATAdManager+Internal.h:108:60: note: insert '_Nullable' if the pointer may be null
- (void)sendEntryScenarioTrackingWithPlacementID:(NSString *)placementID unitGroupModel:(ATUnitGroupModel *)unitGroupModel scene:(NSString *)scene isLoading:(BOOL)isLoading isReady:(BOOL)isReady extraInfo: (NSDictionary *)extraInfo;
                                                           ^
/Users/runner/Library/Developer/Xcode/DerivedData/Document_Scan-gpyzovawczbcogekrckiypzonffc/Build/Intermediates.noindex/ArchiveIntermediates/Document_Scan/BuildProductsPath/Release-iphoneos/XCFrameworkIntermediates/TPNiOS/TPNSDK/AnyThinkSDK.framework/Headers/ATAdManager+Internal.h:108:60: note: insert '_Nonnull' if the pointer should never be null
- (void)sendEntryScenarioTrackingWithPlacementID:(NSString *)placementID unitGroupModel:(ATUnitGroupModel *)unitGroupModel scene:(NSString *)scene isLoading:(BOOL)isLoading isReady:(BOOL)isReady extraInfo: (NSDictionary *)extraInfo;
                                                           ^
<module-includes>:1:9: note: in file included from <module-includes>:1:
#import "Headers/AnyThinkSDK.h"
        ^
/Users/runner/Library/Developer/Xcode/DerivedData/Document_Scan-gpyzovawczbcogekrckiypzonffc/Build/Intermediates.noindex/ArchiveIntermediates/Document_Scan/BuildProductsPath/Release-iphoneos/XCFrameworkIntermediates/TPNiOS/TPNSDK/AnyThinkSDK.framework/Headers/AnyThinkSDK.h:14:9: note: in file included from /Users/runner/Library/Developer/Xcode/DerivedData/Document_Scan-gpyzovawczbcogekrckiypzonffc/Build/Intermediates.noindex/ArchiveIntermediates/Document_Scan/BuildProductsPath/Release-iphoneos/XCFrameworkIntermediates/TPNiOS/TPNSDK/AnyThinkSDK.framework/Headers/AnyThinkSDK.h:14:
#import <AnyThinkSDK/ATAdCustomEvent.h>
        ^
/Users/runner/Library/Developer/Xcode/DerivedData/Document_Scan-gpyzovawczbcogekrckiypzonffc/Build/Intermediates.noindex/ArchiveIntermediates/Document_Scan/BuildProductsPath/Release-iphoneos/XCFrameworkIntermediates/TPNiOS/TPNSDK/AnyThinkSDK.framework/Headers/ATAdCustomEvent.h:13:9: note: in file included from /Users/runner/Library/Developer/Xcode/DerivedData/Document_Scan-gpyzovawczbcogekrckiypzonffc/Build/Intermediates.noindex/ArchiveIntermediates/Document_Scan/BuildProductsPath/Release-iphoneos/XCFrameworkIntermediates/TPNiOS/TPNSDK/AnyThinkSDK.framework/Headers/ATAdCustomEvent.h:13:
#import <AnyThinkSDK/ATAdManager+Internal.h>
        ^
/Users/runner/Library/Developer/Xcode/DerivedData/Document_Scan-gpyzovawczbcogekrckiypzonffc/Build/Intermediates.noindex/ArchiveIntermediates/Document_Scan/BuildProductsPath/Release-iphoneos/XCFrameworkIntermediates/TPNiOS/TPNSDK/AnyThinkSDK.framework/Headers/ATAdManager+Internal.h:108:107: warning: pointer is missing a nullability type specifier (_Nonnull, _Nullable, or _Null_unspecified)
- (void)sendEntryScenarioTrackingWithPlacementID:(NSString *)placementID unitGroupModel:(ATUnitGroupModel *)unitGroupModel scene:(NSString *)scene isLoading:(BOOL)isLoading isReady:(BOOL)isReady extraInfo: (NSDictionary *)extraInfo;
                                                                                                          ^
/Users/runner/Library/Developer/Xcode/DerivedData/Document_Scan-gpyzovawczbcogekrckiypzonffc/Build/Intermediates.noindex/ArchiveIntermediates/Document_Scan/BuildProductsPath/Release-iphoneos/XCFrameworkIntermediates/TPNiOS/TPNSDK/AnyThinkSDK.framework/Headers/ATAdManager+Internal.h:108:107: note: insert '_Nullable' if the pointer may be null
- (void)sendEntryScenarioTrackingWithPlacementID:(NSString *)placementID unitGroupModel:(ATUnitGroupModel *)unitGroupModel scene:(NSString *)scene isLoading:(BOOL)isLoading isReady:(BOOL)isReady extraInfo: (NSDictionary *)extraInfo;
                                                                                                          ^
/Users/runner/Library/Developer/Xcode/DerivedData/Document_Scan-gpyzovawczbcogekrckiypzonffc/Build/Intermediates.noindex/ArchiveIntermediates/Document_Scan/BuildProductsPath/Release-iphoneos/XCFrameworkIntermediates/TPNiOS/TPNSDK/AnyThinkSDK.framework/Headers/ATAdManager+Internal.h:108:107: note: insert '_Nonnull' if the pointer should never be null
- (void)sendEntryScenarioTrackingWithPlacementID:(NSString *)placementID unitGroupModel:(ATUnitGroupModel *)unitGroupModel scene:(NSString *)scene isLoading:(BOOL)isLoading isReady:(BOOL)isReady extraInfo: (NSDictionary *)extraInfo;
                                                                                                          ^
<module-includes>:1:9: note: in file included from <module-includes>:1:
#import "Headers/AnyThinkSDK.h"
        ^
/Users/runner/Library/Developer/Xcode/DerivedData/Document_Scan-gpyzovawczbcogekrckiypzonffc/Build/Intermediates.noindex/ArchiveIntermediates/Document_Scan/BuildProductsPath/Release-iphoneos/XCFrameworkIntermediates/TPNiOS/TPNSDK/AnyThinkSDK.framework/Headers/AnyThinkSDK.h:14:9: note: in file included from /Users/runner/Library/Developer/Xcode/DerivedData/Document_Scan-gpyzovawczbcogekrckiypzonffc/Build/Intermediates.noindex/ArchiveIntermediates/Document_Scan/BuildProductsPath/Release-iphoneos/XCFrameworkIntermediates/TPNiOS/TPNSDK/AnyThinkSDK.framework/Headers/AnyThinkSDK.h:14:
#import <AnyThinkSDK/ATAdCustomEvent.h>
        ^
/Users/runner/Library/Developer/Xcode/DerivedData/Document_Scan-gpyzovawczbcogekrckiypzonffc/Build/Intermediates.noindex/ArchiveIntermediates/Document_Scan/BuildProductsPath/Release-iphoneos/XCFrameworkIntermediates/TPNiOS/TPNSDK/AnyThinkSDK.framework/Headers/ATAdCustomEvent.h:13:9: note: in file included from /Users/runner/Library/Developer/Xcode/DerivedData/Document_Scan-gpyzovawczbcogekrckiypzonffc/Build/Intermediates.noindex/ArchiveIntermediates/Document_Scan/BuildProductsPath/Release-iphoneos/XCFrameworkIntermediates/TPNiOS/TPNSDK/AnyThinkSDK.framework/Headers/ATAdCustomEvent.h:13:
#import <AnyThinkSDK/ATAdManager+Internal.h>
        ^
/Users/runner/Library/Developer/Xcode/DerivedData/Document_Scan-gpyzovawczbcogekrckiypzonffc/Build/Intermediates.noindex/ArchiveIntermediates/Document_Scan/BuildProductsPath/Release-iphoneos/XCFrameworkIntermediates/TPNiOS/TPNSDK/AnyThinkSDK.framework/Headers/ATAdManager+Internal.h:108:140: warning: pointer is missing a nullability type specifier (_Nonnull, _Nullable, or _Null_unspecified)
- (void)sendEntryScenarioTrackingWithPlacementID:(NSString *)placementID unitGroupModel:(ATUnitGroupModel *)unitGroupModel scene:(NSString *)scene isLoading:(BOOL)isLoading isReady:(BOOL)isReady extraInfo: (NSDictionary *)extraInfo;
                                                                                                                                           ^
/Users/runner/Library/Developer/Xcode/DerivedData/Document_Scan-gpyzovawczbcogekrckiypzonffc/Build/Intermediates.noindex/ArchiveIntermediates/Document_Scan/BuildProductsPath/Release-iphoneos/XCFrameworkIntermediates/TPNiOS/TPNSDK/AnyThinkSDK.framework/Headers/ATAdManager+Internal.h:108:140: note: insert '_Nullable' if the pointer may be null
- (void)sendEntryScenarioTrackingWithPlacementID:(NSString *)placementID unitGroupModel:(ATUnitGroupModel *)unitGroupModel scene:(NSString *)scene isLoading:(BOOL)isLoading isReady:(BOOL)isReady extraInfo: (NSDictionary *)extraInfo;
                                                                                                                                           ^
/Users/runner/Library/Developer/Xcode/DerivedData/Document_Scan-gpyzovawczbcogekrckiypzonffc/Build/Intermediates.noindex/ArchiveIntermediates/Document_Scan/BuildProductsPath/Release-iphoneos/XCFrameworkIntermediates/TPNiOS/TPNSDK/AnyThinkSDK.framework/Headers/ATAdManager+Internal.h:108:140: note: insert '_Nonnull' if the pointer should never be null
- (void)sendEntryScenarioTrackingWithPlacementID:(NSString *)placementID unitGroupModel:(ATUnitGroupModel *)unitGroupModel scene:(NSString *)scene isLoading:(BOOL)isLoading isReady:(BOOL)isReady extraInfo: (NSDictionary *)extraInfo;
                                                                                                                                           ^
<module-includes>:1:9: note: in file included from <module-includes>:1:
#import "Headers/AnyThinkSDK.h"
        ^
/Users/runner/Library/Developer/Xcode/DerivedData/Document_Scan-gpyzovawczbcogekrckiypzonffc/Build/Intermediates.noindex/ArchiveIntermediates/Document_Scan/BuildProductsPath/Release-iphoneos/XCFrameworkIntermediates/TPNiOS/TPNSDK/AnyThinkSDK.framework/Headers/AnyThinkSDK.h:14:9: note: in file included from /Users/runner/Library/Developer/Xcode/DerivedData/Document_Scan-gpyzovawczbcogekrckiypzonffc/Build/Intermediates.noindex/ArchiveIntermediates/Document_Scan/BuildProductsPath/Release-iphoneos/XCFrameworkIntermediates/TPNiOS/TPNSDK/AnyThinkSDK.framework/Headers/AnyThinkSDK.h:14:
#import <AnyThinkSDK/ATAdCustomEvent.h>
        ^
/Users/runner/Library/Developer/Xcode/DerivedData/Document_Scan-gpyzovawczbcogekrckiypzonffc/Build/Intermediates.noindex/ArchiveIntermediates/Document_Scan/BuildProductsPath/Release-iphoneos/XCFrameworkIntermediates/TPNiOS/TPNSDK/AnyThinkSDK.framework/Headers/ATAdCustomEvent.h:13:9: note: in file included from /Users/runner/Library/Developer/Xcode/DerivedData/Document_Scan-gpyzovawczbcogekrckiypzonffc/Build/Intermediates.noindex/ArchiveIntermediates/Document_Scan/BuildProductsPath/Release-iphoneos/XCFrameworkIntermediates/TPNiOS/TPNSDK/AnyThinkSDK.framework/Headers/ATAdCustomEvent.h:13:
#import <AnyThinkSDK/ATAdManager+Internal.h>
        ^
/Users/runner/Library/Developer/Xcode/DerivedData/Document_Scan-gpyzovawczbcogekrckiypzonffc/Build/Intermediates.noindex/ArchiveIntermediates/Document_Scan/BuildProductsPath/Release-iphoneos/XCFrameworkIntermediates/TPNiOS/TPNSDK/AnyThinkSDK.framework/Headers/ATAdManager+Internal.h:108:221: warning: pointer is missing a nullability type specifier (_Nonnull, _Nullable, or _Null_unspecified)
- (void)sendEntryScenarioTrackingWithPlacementID:(NSString *)placementID unitGroupModel:(ATUnitGroupModel *)unitGroupModel scene:(NSString *)scene isLoading:(BOOL)isLoading isReady:(BOOL)isReady extraInfo: (NSDictionary *)extraInfo;
                                                                                                                                                                                                                            ^
/Users/runner/Library/Developer/Xcode/DerivedData/Document_Scan-gpyzovawczbcogekrckiypzonffc/Build/Intermediates.noindex/ArchiveIntermediates/Document_Scan/BuildProductsPath/Release-iphoneos/XCFrameworkIntermediates/TPNiOS/TPNSDK/AnyThinkSDK.framework/Headers/ATAdManager+Internal.h:108:221: note: insert '_Nullable' if the pointer may be null
- (void)sendEntryScenarioTrackingWithPlacementID:(NSString *)placementID unitGroupModel:(ATUnitGroupModel *)unitGroupModel scene:(NSString *)scene isLoading:(BOOL)isLoading isReady:(BOOL)isReady extraInfo: (NSDictionary *)extraInfo;
                                                                                                                                                                                                                            ^
/Users/runner/Library/Developer/Xcode/DerivedData/Document_Scan-gpyzovawczbcogekrckiypzonffc/Build/Intermediates.noindex/ArchiveIntermediates/Document_Scan/BuildProductsPath/Release-iphoneos/XCFrameworkIntermediates/TPNiOS/TPNSDK/AnyThinkSDK.framework/Headers/ATAdManager+Internal.h:108:221: note: insert '_Nonnull' if the pointer should never be null
- (void)sendEntryScenarioTrackingWithPlacementID:(NSString *)placementID unitGroupModel:(ATUnitGroupModel *)unitGroupModel scene:(NSString *)scene isLoading:(BOOL)isLoading isReady:(BOOL)isReady extraInfo: (NSDictionary *)extraInfo;
                                                                                                                                                                                                                            ^
<module-includes>:1:9: note: in file included from <module-includes>:1:
#import "Headers/AnyThinkSDK.h"
        ^
/Users/runner/Library/Developer/Xcode/DerivedData/Document_Scan-gpyzovawczbcogekrckiypzonffc/Build/Intermediates.noindex/ArchiveIntermediates/Document_Scan/BuildProductsPath/Release-iphoneos/XCFrameworkIntermediates/TPNiOS/TPNSDK/AnyThinkSDK.framework/Headers/AnyThinkSDK.h:14:9: note: in file included from /Users/runner/Library/Developer/Xcode/DerivedData/Document_Scan-gpyzovawczbcogekrckiypzonffc/Build/Intermediates.noindex/ArchiveIntermediates/Document_Scan/BuildProductsPath/Release-iphoneos/XCFrameworkIntermediates/TPNiOS/TPNSDK/AnyThinkSDK.framework/Headers/AnyThinkSDK.h:14:
#import <AnyThinkSDK/ATAdCustomEvent.h>
        ^
/Users/runner/Library/Developer/Xcode/DerivedData/Document_Scan-gpyzovawczbcogekrckiypzonffc/Build/Intermediates.noindex/ArchiveIntermediates/Document_Scan/BuildProductsPath/Release-iphoneos/XCFrameworkIntermediates/TPNiOS/TPNSDK/AnyThinkSDK.framework/Headers/ATAdCustomEvent.h:13:9: note: in file included from /Users/runner/Library/Developer/Xcode/DerivedData/Document_Scan-gpyzovawczbcogekrckiypzonffc/Build/Intermediates.noindex/ArchiveIntermediates/Document_Scan/BuildProductsPath/Release-iphoneos/XCFrameworkIntermediates/TPNiOS/TPNSDK/AnyThinkSDK.framework/Headers/ATAdCustomEvent.h:13:
#import <AnyThinkSDK/ATAdManager+Internal.h>
        ^
/Users/runner/Library/Developer/Xcode/DerivedData/Document_Scan-gpyzovawczbcogekrckiypzonffc/Build/Intermediates.noindex/ArchiveIntermediates/Document_Scan/BuildProductsPath/Release-iphoneos/XCFrameworkIntermediates/TPNiOS/TPNSDK/AnyThinkSDK.framework/Headers/ATAdManager+Internal.h:110:59: warning: pointer is missing a nullability type specifier (_Nonnull, _Nullable, or _Null_unspecified)
+ (void)tryInvalidateBidInfoIfNeeded:(ATAdOfferCacheModel *)offerCacheModel;
                                                          ^
/Users/runner/Library/Developer/Xcode/DerivedData/Document_Scan-gpyzovawczbcogekrckiypzonffc/Build/Intermediates.noindex/ArchiveIntermediates/Document_Scan/BuildProductsPath/Release-iphoneos/XCFrameworkIntermediates/TPNiOS/TPNSDK/AnyThinkSDK.framework/Headers/ATAdManager+Internal.h:110:59: note: insert '_Nullable' if the pointer may be null
+ (void)tryInvalidateBidInfoIfNeeded:(ATAdOfferCacheModel *)offerCacheModel;
                                                          ^
/Users/runner/Library/Developer/Xcode/DerivedData/Document_Scan-gpyzovawczbcogekrckiypzonffc/Build/Intermediates.noindex/ArchiveIntermediates/Document_Scan/BuildProductsPath/Release-iphoneos/XCFrameworkIntermediates/TPNiOS/TPNSDK/AnyThinkSDK.framework/Headers/ATAdManager+Internal.h:110:59: note: insert '_Nonnull' if the pointer should never be null
+ (void)tryInvalidateBidInfoIfNeeded:(ATAdOfferCacheModel *)offerCacheModel;
                                                          ^
<module-includes>:1:9: note: in file included from <module-includes>:1:
#import "Headers/AnyThinkSDK.h"
        ^
/Users/runner/Library/Developer/Xcode/DerivedData/Document_Scan-gpyzovawczbcogekrckiypzonffc/Build/Intermediates.noindex/ArchiveIntermediates/Document_Scan/BuildProductsPath/Release-iphoneos/XCFrameworkIntermediates/TPNiOS/TPNSDK/AnyThinkSDK.framework/Headers/AnyThinkSDK.h:64:9: note: in file included from /Users/runner/Library/Developer/Xcode/DerivedData/Document_Scan-gpyzovawczbcogekrckiypzonffc/Build/Intermediates.noindex/ArchiveIntermediates/Document_Scan/BuildProductsPath/Release-iphoneos/XCFrameworkIntermediates/TPNiOS/TPNSDK/AnyThinkSDK.framework/Headers/AnyThinkSDK.h:64:
#import <AnyThinkSDK/ATNativeRenderer.h>
        ^
/Users/runner/Library/Developer/Xcode/DerivedData/Document_Scan-gpyzovawczbcogekrckiypzonffc/Build/Intermediates.noindex/ArchiveIntermediates/Document_Scan/BuildProductsPath/Release-iphoneos/XCFrameworkIntermediates/TPNiOS/TPNSDK/AnyThinkSDK.framework/Headers/ATNativeRenderer.h:17:40: warning: cannot find protocol definition for 'ATNativeADRenderer'
@interface ATNativeRenderer : NSObject<ATNativeADRenderer>
                                       ^
/Users/runner/Library/Developer/Xcode/DerivedData/Document_Scan-gpyzovawczbcogekrckiypzonffc/Build/Intermediates.noindex/ArchiveIntermediates/Document_Scan/BuildProductsPath/Release-iphoneos/XCFrameworkIntermediates/TPNiOS/TPNSDK/AnyThinkSDK.framework/Headers/ATNativeRenderer.h:16:11: note: protocol 'ATNativeADRenderer' has no definition
@protocol ATNativeADRenderer;
          ^
<module-includes>:1:9: note: in file included from <module-includes>:1:
#import "Headers/AnyThinkSDK.h"
        ^
/Users/runner/Library/Developer/Xcode/DerivedData/Document_Scan-gpyzovawczbcogekrckiypzonffc/Build/Intermediates.noindex/ArchiveIntermediates/Document_Scan/BuildProductsPath/Release-iphoneos/XCFrameworkIntermediates/TPNiOS/TPNSDK/AnyThinkSDK.framework/Headers/AnyThinkSDK.h:107:9: note: in file included from /Users/runner/Library/Developer/Xcode/DerivedData/Document_Scan-gpyzovawczbcogekrckiypzonffc/Build/Intermediates.noindex/ArchiveIntermediates/Document_Scan/BuildProductsPath/Release-iphoneos/XCFrameworkIntermediates/TPNiOS/TPNSDK/AnyThinkSDK.framework/Headers/AnyThinkSDK.h:107:
#import <AnyThinkSDK/ATNativeADCache.h>
        ^
/Users/runner/Library/Developer/Xcode/DerivedData/Document_Scan-gpyzovawczbcogekrckiypzonffc/Build/Intermediates.noindex/ArchiveIntermediates/Document_Scan/BuildProductsPath/Release-iphoneos/XCFrameworkIntermediates/TPNiOS/TPNSDK/AnyThinkSDK.framework/Headers/ATNativeADCache.h:22:43: warning: attribute 'readonly' of property 'assets' restricts attribute 'readwrite' of property inherited from 'ATAdObject'
@property(atomic, readonly) NSDictionary *assets;//To be removed
                                          ^
<module-includes>:1:9: note: in file included from <module-includes>:1:
#import "Headers/AnyThinkSDK.h"
        ^
/Users/runner/Library/Developer/Xcode/DerivedData/Document_Scan-gpyzovawczbcogekrckiypzonffc/Build/Intermediates.noindex/ArchiveIntermediates/Document_Scan/BuildProductsPath/Release-iphoneos/XCFrameworkIntermediates/TPNiOS/TPNSDK/AnyThinkSDK.framework/Headers/AnyThinkSDK.h:107:9: note: in file included from /Users/runner/Library/Developer/Xcode/DerivedData/Document_Scan-gpyzovawczbcogekrckiypzonffc/Build/Intermediates.noindex/ArchiveIntermediates/Document_Scan/BuildProductsPath/Release-iphoneos/XCFrameworkIntermediates/TPNiOS/TPNSDK/AnyThinkSDK.framework/Headers/AnyThinkSDK.h:107:
#import <AnyThinkSDK/ATNativeADCache.h>
        ^
/Users/runner/Library/Developer/Xcode/DerivedData/Document_Scan-gpyzovawczbcogekrckiypzonffc/Build/Intermediates.noindex/ArchiveIntermediates/Document_Scan/BuildProductsPath/Release-iphoneos/XCFrameworkIntermediates/TPNiOS/TPNSDK/AnyThinkSDK.framework/Headers/ATNativeADCache.h:22:43: warning: 'retain (or strong)' attribute on property 'assets' does not match the property inherited from 'ATAdObject'
@property(atomic, readonly) NSDictionary *assets;//To be removed
                                          ^
<module-includes>:1:9: note: in file included from <module-includes>:1:
#import "Headers/AnyThinkSDK.h"
        ^
/Users/runner/Library/Developer/Xcode/DerivedData/Document_Scan-gpyzovawczbcogekrckiypzonffc/Build/Intermediates.noindex/ArchiveIntermediates/Document_Scan/BuildProductsPath/Release-iphoneos/XCFrameworkIntermediates/TPNiOS/TPNSDK/AnyThinkSDK.framework/Headers/AnyThinkSDK.h:107:9: note: in file included from /Users/runner/Library/Developer/Xcode/DerivedData/Document_Scan-gpyzovawczbcogekrckiypzonffc/Build/Intermediates.noindex/ArchiveIntermediates/Document_Scan/BuildProductsPath/Release-iphoneos/XCFrameworkIntermediates/TPNiOS/TPNSDK/AnyThinkSDK.framework/Headers/AnyThinkSDK.h:107:
#import <AnyThinkSDK/ATNativeADCache.h>
        ^
/Users/runner/Library/Developer/Xcode/DerivedData/Document_Scan-gpyzovawczbcogekrckiypzonffc/Build/Intermediates.noindex/ArchiveIntermediates/Document_Scan/BuildProductsPath/Release-iphoneos/XCFrameworkIntermediates/TPNiOS/TPNSDK/AnyThinkSDK.framework/Headers/ATNativeADCache.h:22:43: warning: 'atomic' attribute on property 'assets' does not match the property inherited from 'ATAdObject'
@property(atomic, readonly) NSDictionary *assets;//To be removed
                                          ^
/Users/runner/Library/Developer/Xcode/DerivedData/Document_Scan-gpyzovawczbcogekrckiypzonffc/Build/Intermediates.noindex/ArchiveIntermediates/Document_Scan/BuildProductsPath/Release-iphoneos/XCFrameworkIntermediates/TPNiOS/TPNSDK/AnyThinkSDK.framework/Headers/ATAdObject.h:27:43: note: property declared here
@property(nonatomic,strong) NSDictionary *assets;
                                          ^
<module-includes>:1:9: note: in file included from <module-includes>:1:
#import "Headers/AnyThinkSDK.h"
        ^
/Users/runner/Library/Developer/Xcode/DerivedData/Document_Scan-gpyzovawczbcogekrckiypzonffc/Build/Intermediates.noindex/ArchiveIntermediates/Document_Scan/BuildProductsPath/Release-iphoneos/XCFrameworkIntermediates/TPNiOS/TPNSDK/AnyThinkSDK.framework/Headers/AnyThinkSDK.h:123:9: note: in file included from /Users/runner/Library/Developer/Xcode/DerivedData/Document_Scan-gpyzovawczbcogekrckiypzonffc/Build/Intermediates.noindex/ArchiveIntermediates/Document_Scan/BuildProductsPath/Release-iphoneos/XCFrameworkIntermediates/TPNiOS/TPNSDK/AnyThinkSDK.framework/Headers/AnyThinkSDK.h:123:
#import <AnyThinkSDK/ATTimer.h>// 目前Gromoebanner在使用
/Users/runner/Library/Developer/Xcode/DerivedData/Document_Scan-gpyzovawczbcogekrckiypzonffc/Build/Intermediates.noindex/ArchiveIntermediates/Document_Scan/BuildProductsPath/Release-iphoneos/XCFrameworkIntermediates/TPNiOS/TPNSDK/AnyThinkSDK.framework/Headers/ATTimer.h:22:38: warning: pointer is missing a nullability type specifier (_Nonnull, _Nullable, or _Null_unspecified)
@property (nonatomic, copy) NSString *runLoopMode;
                                     ^
/Users/runner/Library/Developer/Xcode/DerivedData/Document_Scan-gpyzovawczbcogekrckiypzonffc/Build/Intermediates.noindex/ArchiveIntermediates/Document_Scan/BuildProductsPath/Release-iphoneos/XCFrameworkIntermediates/TPNiOS/TPNSDK/AnyThinkSDK.framework/Headers/ATTimer.h:22:38: note: insert '_Nullable' if the pointer may be null
@property (nonatomic, copy) NSString *runLoopMode;
                                     ^
/Users/runner/Library/Developer/Xcode/DerivedData/Document_Scan-gpyzovawczbcogekrckiypzonffc/Build/Intermediates.noindex/ArchiveIntermediates/Document_Scan/BuildProductsPath/Release-iphoneos/XCFrameworkIntermediates/TPNiOS/TPNSDK/AnyThinkSDK.framework/Headers/ATTimer.h:22:38: note: insert '_Nonnull' if the pointer should never be null
@property (nonatomic, copy) NSString *runLoopMode;
                                     ^
/Users/runner/work/Document_Scan/Document_Scan/Document_Scan/Modules/Onboarding/OnboardingView.swift:80:17: warning: no 'async' operations occur within 'await' expression
                await WYYAnalyticsManager.shared.trackGuidePageDisplay(pageNumber: 1)
                ^
/Users/runner/work/Document_Scan/Document_Scan/Document_Scan/Modules/Onboarding/OnboardingView.swift:87:21: warning: no 'async' operations occur within 'await' expression
                    await WYYAnalyticsManager.shared.trackGuidePageDisplay(pageNumber: 2)
                    ^
/Users/runner/work/Document_Scan/Document_Scan/Document_Scan/Modules/Onboarding/OnboardingView.swift:92:21: warning: no 'async' operations occur within 'await' expression
                    await WYYAnalyticsManager.shared.trackGuideSubscriptionDisplay(productId: productId, source: .guide)
                    ^
/Users/runner/work/Document_Scan/Document_Scan/Document_Scan/Modules/Onboarding/OnboardingView.swift:97:21: warning: no 'async' operations occur within 'await' expression
                    await WYYAnalyticsManager.shared.trackGuideToSubscriptionDuration(duration: duration, isASAUser: false)
                    ^
/Users/runner/work/Document_Scan/Document_Scan/Document_Scan/Modules/Onboarding/OnboardingView.swift:105:21: warning: no 'async' operations occur within 'await' expression
                    await WYYAnalyticsManager.shared.trackGuideSubscriptionExitApp()
                    ^
/Users/runner/work/Document_Scan/Document_Scan/Document_Scan/Modules/Onboarding/OnboardingView.swift:228:17: warning: no 'async' operations occur within 'await' expression
                await WYYAnalyticsManager.shared.trackGuidePageNext(pageNumber: currentStep + 1)
                ^
/Users/runner/work/Document_Scan/Document_Scan/Document_Scan/Modules/Onboarding/OnboardingView.swift:264:17: warning: no 'async' operations occur within 'await' expression
                await WYYAnalyticsManager.shared.trackGuideSubscriptionSuccess(productId: productId, source: .guide)
                ^
/Users/runner/work/Document_Scan/Document_Scan/Document_Scan/Modules/Onboarding/OnboardingView.swift:271:17: warning: no 'async' operations occur within 'await' expression
                await WYYAnalyticsManager.shared.trackGuideSubscriptionCancel(productId: productId, source: .guide)
                ^
/Users/runner/work/Document_Scan/Document_Scan/Document_Scan/Modules/Onboarding/OnboardingView.swift:275:17: warning: no 'async' operations occur within 'await' expression
                await WYYAnalyticsManager.shared.trackGuideSubscriptionClose()
                ^
/Users/runner/work/Document_Scan/Document_Scan/Document_Scan/Modules/Onboarding/OnboardingView.swift:282:17: warning: no 'async' operations occur within 'await' expression
                await WYYAnalyticsManager.shared.trackGuideSubscriptionFail(productId: productId, source: .guide)
                ^
/Users/runner/work/Document_Scan/Document_Scan/Document_Scan/Modules/Paywall/PaywallView.swift:61:17: warning: no 'async' operations occur within 'await' expression
                await WYYAnalyticsManager.shared.trackMemberPageDisplay(source: .inApp)
                ^
/Users/runner/work/Document_Scan/Document_Scan/Document_Scan/Modules/Paywall/PaywallView.swift:68:17: warning: no 'async' operations occur within 'await' expression
                await WYYAnalyticsManager.shared.trackMemberPageClose()
                ^
/Users/runner/work/Document_Scan/Document_Scan/Document_Scan/Modules/Paywall/PaywallView.swift:75:17: warning: no 'async' operations occur within 'await' expression
                await WYYAnalyticsManager.shared.trackMemberPageExitApp()
                ^
/Users/runner/work/Document_Scan/Document_Scan/Document_Scan/Modules/Paywall/PaywallView.swift:201:17: warning: no 'async' operations occur within 'await' expression
                await WYYAnalyticsManager.shared.trackMemberPageSelect(
                ^
/Users/runner/work/Document_Scan/Document_Scan/Document_Scan/Modules/Paywall/PaywallView.swift:269:17: warning: no 'async' operations occur within 'await' expression
                await WYYAnalyticsManager.shared.trackMemberPageSelect(
                ^
/Users/runner/work/Document_Scan/Document_Scan/Document_Scan/Modules/Paywall/PaywallView.swift:405:13: warning: no 'async' operations occur within 'await' expression
            await WYYAnalyticsManager.shared.trackMemberPageBuy(
            ^
/Users/runner/work/Document_Scan/Document_Scan/Document_Scan/Modules/Paywall/PaywallView.swift:425:13: warning: no 'async' operations occur within 'await' expression
            await WYYAnalyticsManager.shared.trackMemberPageRestoreClick()
            ^
/Users/runner/work/Document_Scan/Document_Scan/Document_Scan/Modules/Paywall/PaywallView.swift:437:25: warning: no 'async' operations occur within 'await' expression
                        await WYYAnalyticsManager.shared.trackMemberPageRestoreSuccess(productId: "")
                        ^
/Users/runner/work/Document_Scan/Document_Scan/Document_Scan/Modules/Paywall/PaywallView.swift:444:25: warning: no 'async' operations occur within 'await' expression
                        await WYYAnalyticsManager.shared.trackMemberPageRestoreFail()
                        ^
/Users/runner/work/Document_Scan/Document_Scan/Document_Scan/Modules/Paywall/PaywallView.swift:457:17: warning: no 'async' operations occur within 'await' expression
                await WYYAnalyticsManager.shared.trackMemberPageBuySuccess(
                ^
/Users/runner/work/Document_Scan/Document_Scan/Document_Scan/Modules/Paywall/PaywallView.swift:468:17: warning: no 'async' operations occur within 'await' expression
                await WYYAnalyticsManager.shared.trackMemberPageBuyCancel(productId: productId, source: .inApp)
                ^
/Users/runner/work/Document_Scan/Document_Scan/Document_Scan/Modules/Paywall/PaywallView.swift:473:17: warning: no 'async' operations occur within 'await' expression
                await WYYAnalyticsManager.shared.trackMemberPageBuyFail(productId: productId, source: .inApp)
                ^

SwiftDriver\ Compilation Document_Scan normal arm64 com.apple.xcode.tools.swift.compiler (in target 'Document_Scan' from project 'Document_Scan')
    cd /Users/runner/work/Document_Scan/Document_Scan
    builtin-Swift-Compilation -- /Applications/Xcode_16.4.app/Contents/Developer/Toolchains/XcodeDefault.xctoolchain/usr/bin/swiftc -module-name Document_Scan -O -whole-module-optimization -enforce-exclusivity\=checked @/Users/runner/Library/Developer/Xcode/DerivedData/Document_Scan-gpyzovawczbcogekrckiypzonffc/Build/Intermediates.noindex/ArchiveIntermediates/Document_Scan/IntermediateBuildFilesPath/Document_Scan.build/Release-iphoneos/Document_Scan.build/Objects-normal/arm64/Document_Scan.SwiftFileList -D COCOAPODS -enable-bare-slash-regex -enable-experimental-feature DebugDescriptionMacro -sdk /Applications/Xcode_16.4.app/Contents/Developer/Platforms/iPhoneOS.platform/Developer/SDKs/iPhoneOS18.5.sdk -target arm64-apple-ios16.0 -g -module-cache-path /Users/runner/Library/Developer/Xcode/DerivedData/ModuleCache.noindex -Xfrontend -serialize-debugging-options -swift-version 5 -I /Users/runner/Library/Developer/Xcode/DerivedData/Document_Scan-gpyzovawczbcogekrckiypzonffc/Build/Intermediates.noindex/ArchiveIntermediates/Document_Scan/BuildProductsPath/Release-iphoneos -F /Users/runner/Library/Developer/Xcode/DerivedData/Document_Scan-gpyzovawczbcogekrckiypzonffc/Build/Intermediates.noindex/ArchiveIntermediates/Document_Scan/BuildProductsPath/Release-iphoneos -F /Users/runner/Library/Developer/Xcode/DerivedData/Document_Scan-gpyzovawczbcogekrckiypzonffc/Build/Intermediates.noindex/ArchiveIntermediates/Document_Scan/BuildProductsPath/Release-iphoneos/WYYKit -F /Users/runner/work/Document_Scan/Document_Scan/Pods/Ads-Global/SDK -F /Users/runner/work/Document_Scan/Document_Scan/Pods/FBAudienceNetwork/Dynamic -F /Users/runner/work/Document_Scan/Document_Scan/Pods/InMobiSDK -F /Users/runner/work/Document_Scan/Document_Scan/Pods/MintegralAdSDK/Fmk -F /Users/runner/work/Document_Scan/Document_Scan/Pods/SmartdigimktSDK/SmartDigimktSDK -F /Users/runner/work/Document_Scan/Document_Scan/Pods/TPNMediationAdxSmartdigimktAdapter/AnyThinkSmartdigimktAdapter-6.5.45.0 -F /Users/runner/work/Document_Scan/Document_Scan/Pods/TPNMediationFacebookAdapter/AnyThinkFacebookAdapter-6.21.1.0 -F /Users/runner/work/Document_Scan/Document_Scan/Pods/TPNMediationInmobiAdapter/AnyThinkInmobiAdapter-11.1.0.0 -F /Users/runner/work/Document_Scan/Document_Scan/Pods/TPNMediationMintegralAdapter/AnyThinkMintegralAdapter-8.0.4.0 -F /Users/runner/work/Document_Scan/Document_Scan/Pods/TPNMediationPangleAdapter/AnyThinkPangleAdapter-7.8.5.7.0 -F /Users/runner/work/Document_Scan/Document_Scan/Pods/TPNiOS/core -F /Users/runner/work/Document_Scan/Document_Scan/Pods/UMAPM/UMAPM_2.0.7 -F /Users/runner/work/Document_Scan/Document_Scan/Pods/UMCommon/UMCommon_7.5.8 -F /Users/runner/work/Document_Scan/Document_Scan/Pods/UMDevice/UMDevice_3.5.0 -F /Users/runner/Library/Developer/Xcode/DerivedData/Document_Scan-gpyzovawczbcogekrckiypzonffc/Build/Intermediates.noindex/ArchiveIntermediates/Document_Scan/BuildProductsPath/Release-iphoneos/XCFrameworkIntermediates/Ads-Global/PangleSDK -F /Users/runner/Library/Developer/Xcode/DerivedData/Document_Scan-gpyzovawczbcogekrckiypzonffc/Build/Intermediates.noindex/ArchiveIntermediates/Document_Scan/BuildProductsPath/Release-iphoneos/XCFrameworkIntermediates/Ads-Global/TikTokBusinessSDK -F /Users/runner/Library/Developer/Xcode/DerivedData/Document_Scan-gpyzovawczbcogekrckiypzonffc/Build/Intermediates.noindex/ArchiveIntermediates/Document_Scan/BuildProductsPath/Release-iphoneos/XCFrameworkIntermediates/FBAudienceNetwork -F /Users/runner/Library/Developer/Xcode/DerivedData/Document_Scan-gpyzovawczbcogekrckiypzonffc/Build/Intermediates.noindex/ArchiveIntermediates/Document_Scan/BuildProductsPath/Release-iphoneos/XCFrameworkIntermediates/InMobiSDK -F /Users/runner/Library/Developer/Xcode/DerivedData/Document_Scan-gpyzovawczbcogekrckiypzonffc/Build/Intermediates.noindex/ArchiveIntermediates/Document_Scan/BuildProductsPath/Release-iphoneos/XCFrameworkIntermediates/MintegralAdSDK/BannerAd -F /Users/runner/Library/Developer/Xcode/DerivedData/Document_Scan-gpyzovawczbcogekrckiypzonffc/Build/Intermediates.noindex/ArchiveIntermediates/Document_Scan/BuildProductsPath/Release-iphoneos/XCFrameworkIntermediates/MintegralAdSDK/BidNativeAd -F /Users/runner/Library/Developer/Xcode/DerivedData/Document_Scan-gpyzovawczbcogekrckiypzonffc/Build/Intermediates.noindex/ArchiveIntermediates/Document_Scan/BuildProductsPath/Release-iphoneos/XCFrameworkIntermediates/MintegralAdSDK/InterstitialVideoAd -F /Users/runner/Library/Developer/Xcode/DerivedData/Document_Scan-gpyzovawczbcogekrckiypzonffc/Build/Intermediates.noindex/ArchiveIntermediates/Document_Scan/BuildProductsPath/Release-iphoneos/XCFrameworkIntermediates/MintegralAdSDK/NativeAd -F /Users/runner/Library/Developer/Xcode/DerivedData/Document_Scan-gpyzovawczbcogekrckiypzonffc/Build/Intermediates.noindex/ArchiveIntermediates/Document_Scan/BuildProductsPath/Release-iphoneos/XCFrameworkIntermediates/MintegralAdSDK/NativeAdvancedAd -F /Users/runner/Library/Developer/Xcode/DerivedData/Document_Scan-gpyzovawczbcogekrckiypzonffc/Build/Intermediates.noindex/ArchiveIntermediates/Document_Scan/BuildProductsPath/Release-iphoneos/XCFrameworkIntermediates/MintegralAdSDK/NewInterstitialAd -F /Users/runner/Library/Developer/Xcode/DerivedData/Document_Scan-gpyzovawczbcogekrckiypzonffc/Build/Intermediates.noindex/ArchiveIntermediates/Document_Scan/BuildProductsPath/Release-iphoneos/XCFrameworkIntermediates/MintegralAdSDK/RewardVideoAd -F /Users/runner/Library/Developer/Xcode/DerivedData/Document_Scan-gpyzovawczbcogekrckiypzonffc/Build/Intermediates.noindex/ArchiveIntermediates/Document_Scan/BuildProductsPath/Release-iphoneos/XCFrameworkIntermediates/MintegralAdSDK/SplashAd -F /Users/runner/Library/Developer/Xcode/DerivedData/Document_Scan-gpyzovawczbcogekrckiypzonffc/Build/Intermediates.noindex/ArchiveIntermediates/Document_Scan/BuildProductsPath/Release-iphoneos/XCFrameworkIntermediates/SmartdigimktSDK -F /Users/runner/Library/Developer/Xcode/DerivedData/Document_Scan-gpyzovawczbcogekrckiypzonffc/Build/Intermediates.noindex/ArchiveIntermediates/Document_Scan/BuildProductsPath/Release-iphoneos/XCFrameworkIntermediates/TPNMediationAdxSmartdigimktAdapter -F /Users/runner/Library/Developer/Xcode/DerivedData/Document_Scan-gpyzovawczbcogekrckiypzonffc/Build/Intermediates.noindex/ArchiveIntermediates/Document_Scan/BuildProductsPath/Release-iphoneos/XCFrameworkIntermediates/TPNMediationFacebookAdapter -F /Users/runner/Library/Developer/Xcode/DerivedData/Document_Scan-gpyzovawczbcogekrckiypzonffc/Build/Intermediates.noindex/ArchiveIntermediates/Document_Scan/BuildProductsPath/Release-iphoneos/XCFrameworkIntermediates/TPNMediationInmobiAdapter -F /Users/runner/Library/Developer/Xcode/DerivedData/Document_Scan-gpyzovawczbcogekrckiypzonffc/Build/Intermediates.noindex/ArchiveIntermediates/Document_Scan/BuildProductsPath/Release-iphoneos/XCFrameworkIntermediates/TPNMediationMintegralAdapter -F /Users/runner/Library/Developer/Xcode/DerivedData/Document_Scan-gpyzovawczbcogekrckiypzonffc/Build/Intermediates.noindex/ArchiveIntermediates/Document_Scan/BuildProductsPath/Release-iphoneos/XCFrameworkIntermediates/TPNMediationPangleAdapter -F /Users/runner/Library/Developer/Xcode/DerivedData/Document_Scan-gpyzovawczbcogekrckiypzonffc/Build/Intermediates.noindex/ArchiveIntermediates/Document_Scan/BuildProductsPath/Release-iphoneos/XCFrameworkIntermediates/TPNiOS/TPNSDK -F /Users/runner/Library/Developer/Xcode/DerivedData/Document_Scan-gpyzovawczbcogekrckiypzonffc/Build/Intermediates.noindex/ArchiveIntermediates/Document_Scan/BuildProductsPath/Release-iphoneos/XCFrameworkIntermediates/UMAPM -F /Users/runner/Library/Developer/Xcode/DerivedData/Document_Scan-gpyzovawczbcogekrckiypzonffc/Build/Intermediates.noindex/ArchiveIntermediates/Document_Scan/BuildProductsPath/Release-iphoneos/XCFrameworkIntermediates/UMCommon -F /Users/runner/Library/Developer/Xcode/DerivedData/Document_Scan-gpyzovawczbcogekrckiypzonffc/Build/Intermediates.noindex/ArchiveIntermediates/Document_Scan/BuildProductsPath/Release-iphoneos/XCFrameworkIntermediates/UMDevice -c -num-threads 3 -Xcc -ivfsstatcache -Xcc /Users/runner/Library/Developer/Xcode/DerivedData/SDKStatCaches.noindex/iphoneos18.5-22F76-a529daf784b3616c7c04a36aeb7f5c05.sdkstatcache -output-file-map /Users/runner/Library/Developer/Xcode/DerivedData/Document_Scan-gpyzovawczbcogekrckiypzonffc/Build/Intermediates.noindex/ArchiveIntermediates/Document_Scan/IntermediateBuildFilesPath/Document_Scan.build/Release-iphoneos/Document_Scan.build/Objects-normal/arm64/Document_Scan-OutputFileMap.json -use-frontend-parseable-output -save-temps -no-color-diagnostics -serialize-diagnostics -emit-dependencies -emit-module -emit-module-path /Users/runner/Library/Developer/Xcode/DerivedData/Document_Scan-gpyzovawczbcogekrckiypzonffc/Build/Intermediates.noindex/ArchiveIntermediates/Document_Scan/IntermediateBuildFilesPath/Document_Scan.build/Release-iphoneos/Document_Scan.build/Objects-normal/arm64/Document_Scan.swiftmodule -validate-clang-modules-once -clang-build-session-file /Users/runner/Library/Developer/Xcode/DerivedData/ModuleCache.noindex/Session.modulevalidation -Xcc -I/Users/runner/Library/Developer/Xcode/DerivedData/Document_Scan-gpyzovawczbcogekrckiypzonffc/Build/Intermediates.noindex/ArchiveIntermediates/Document_Scan/IntermediateBuildFilesPath/Document_Scan.build/Release-iphoneos/Document_Scan.build/swift-overrides.hmap -emit-const-values -Xfrontend -const-gather-protocols-file -Xfrontend /Users/runner/Library/Developer/Xcode/DerivedData/Document_Scan-gpyzovawczbcogekrckiypzonffc/Build/Intermediates.noindex/ArchiveIntermediates/Document_Scan/IntermediateBuildFilesPath/Document_Scan.build/Release-iphoneos/Document_Scan.build/Objects-normal/arm64/Document_Scan_const_extract_protocols.json -Xcc -iquote -Xcc /Users/runner/Library/Developer/Xcode/DerivedData/Document_Scan-gpyzovawczbcogekrckiypzonffc/Build/Intermediates.noindex/ArchiveIntermediates/Document_Scan/IntermediateBuildFilesPath/Document_Scan.build/Release-iphoneos/Document_Scan.build/Document_Scan-generated-files.hmap -Xcc -I/Users/runner/Library/Developer/Xcode/DerivedData/Document_Scan-gpyzovawczbcogekrckiypzonffc/Build/Intermediates.noindex/ArchiveIntermediates/Document_Scan/IntermediateBuildFilesPath/Document_Scan.build/Release-iphoneos/Document_Scan.build/Document_Scan-own-target-headers.hmap -Xcc -I/Users/runner/Library/Developer/Xcode/DerivedData/Document_Scan-gpyzovawczbcogekrckiypzonffc/Build/Intermediates.noindex/ArchiveIntermediates/Document_Scan/IntermediateBuildFilesPath/Document_Scan.build/Release-iphoneos/Document_Scan.build/Document_Scan-all-non-framework-target-headers.hmap -Xcc -ivfsoverlay -Xcc /Users/runner/Library/Developer/Xcode/DerivedData/Document_Scan-gpyzovawczbcogekrckiypzonffc/Build/Intermediates.noindex/ArchiveIntermediates/Document_Scan/IntermediateBuildFilesPath/Document_Scan.build/Release-iphoneos/Document_Scan-cbe8249668c84d8791d07154310725c5-VFS-iphoneos/all-product-headers.yaml -Xcc -iquote -Xcc /Users/runner/Library/Developer/Xcode/DerivedData/Document_Scan-gpyzovawczbcogekrckiypzonffc/Build/Intermediates.noindex/ArchiveIntermediates/Document_Scan/IntermediateBuildFilesPath/Document_Scan.build/Release-iphoneos/Document_Scan.build/Document_Scan-project-headers.hmap -Xcc -I/Users/runner/Library/Developer/Xcode/DerivedData/Document_Scan-gpyzovawczbcogekrckiypzonffc/Build/Intermediates.noindex/ArchiveIntermediates/Document_Scan/BuildProductsPath/Release-iphoneos/include -Xcc -I/Users/runner/Library/Developer/Xcode/DerivedData/Document_Scan-gpyzovawczbcogekrckiypzonffc/Build/Intermediates.noindex/ArchiveIntermediates/Document_Scan/BuildProductsPath/Release-iphoneos/WYYKit/WYYKit.framework/Headers -Xcc -I/Users/runner/Library/Developer/Xcode/DerivedData/Document_Scan-gpyzovawczbcogekrckiypzonffc/Build/Intermediates.noindex/ArchiveIntermediates/Document_Scan/IntermediateBuildFilesPath/Document_Scan.build/Release-iphoneos/Document_Scan.build/DerivedSources-normal/arm64 -Xcc -I/Users/runner/Library/Developer/Xcode/DerivedData/Document_Scan-gpyzovawczbcogekrckiypzonffc/Build/Intermediates.noindex/ArchiveIntermediates/Document_Scan/IntermediateBuildFilesPath/Document_Scan.build/Release-iphoneos/Document_Scan.build/DerivedSources/arm64 -Xcc -I/Users/runner/Library/Developer/Xcode/DerivedData/Document_Scan-gpyzovawczbcogekrckiypzonffc/Build/Intermediates.noindex/ArchiveIntermediates/Document_Scan/IntermediateBuildFilesPath/Document_Scan.build/Release-iphoneos/Document_Scan.build/DerivedSources -Xcc -DCOCOAPODS\=1 -emit-objc-header -emit-objc-header-path /Users/runner/Library/Developer/Xcode/DerivedData/Document_Scan-gpyzovawczbcogekrckiypzonffc/Build/Intermediates.noindex/ArchiveIntermediates/Document_Scan/IntermediateBuildFilesPath/Document_Scan.build/Release-iphoneos/Document_Scan.build/Objects-normal/arm64/Document_Scan-Swift.h -working-directory /Users/runner/work/Document_Scan/Document_Scan -no-emit-module-separately-wmo

LinkAssetCatalog /Users/runner/work/Document_Scan/Document_Scan/Document_Scan/Resources/Assets.xcassets (in target 'Document_Scan' from project 'Document_Scan')
    cd /Users/runner/work/Document_Scan/Document_Scan
    builtin-linkAssetCatalog --thinned /Users/runner/Library/Developer/Xcode/DerivedData/Document_Scan-gpyzovawczbcogekrckiypzonffc/Build/Intermediates.noindex/ArchiveIntermediates/Document_Scan/IntermediateBuildFilesPath/Document_Scan.build/Release-iphoneos/Document_Scan.build/assetcatalog_output/thinned --thinned-dependencies /Users/runner/Library/Developer/Xcode/DerivedData/Document_Scan-gpyzovawczbcogekrckiypzonffc/Build/Intermediates.noindex/ArchiveIntermediates/Document_Scan/IntermediateBuildFilesPath/Document_Scan.build/Release-iphoneos/Document_Scan.build/assetcatalog_dependencies_thinned --thinned-info-plist-content /Users/runner/Library/Developer/Xcode/DerivedData/Document_Scan-gpyzovawczbcogekrckiypzonffc/Build/Intermediates.noindex/ArchiveIntermediates/Document_Scan/IntermediateBuildFilesPath/Document_Scan.build/Release-iphoneos/Document_Scan.build/assetcatalog_generated_info.plist_thinned --unthinned /Users/runner/Library/Developer/Xcode/DerivedData/Document_Scan-gpyzovawczbcogekrckiypzonffc/Build/Intermediates.noindex/ArchiveIntermediates/Document_Scan/IntermediateBuildFilesPath/Document_Scan.build/Release-iphoneos/Document_Scan.build/assetcatalog_output/unthinned --unthinned-dependencies /Users/runner/Library/Developer/Xcode/DerivedData/Document_Scan-gpyzovawczbcogekrckiypzonffc/Build/Intermediates.noindex/ArchiveIntermediates/Document_Scan/IntermediateBuildFilesPath/Document_Scan.build/Release-iphoneos/Document_Scan.build/assetcatalog_dependencies_unthinned --unthinned-info-plist-content /Users/runner/Library/Developer/Xcode/DerivedData/Document_Scan-gpyzovawczbcogekrckiypzonffc/Build/Intermediates.noindex/ArchiveIntermediates/Document_Scan/IntermediateBuildFilesPath/Document_Scan.build/Release-iphoneos/Document_Scan.build/assetcatalog_generated_info.plist_unthinned --output /Users/runner/Library/Developer/Xcode/DerivedData/Document_Scan-gpyzovawczbcogekrckiypzonffc/Build/Intermediates.noindex/ArchiveIntermediates/Document_Scan/InstallationBuildProductsLocation/Applications/Document_Scan.app --plist-output /Users/runner/Library/Developer/Xcode/DerivedData/Document_Scan-gpyzovawczbcogekrckiypzonffc/Build/Intermediates.noindex/ArchiveIntermediates/Document_Scan/IntermediateBuildFilesPath/Document_Scan.build/Release-iphoneos/Document_Scan.build/assetcatalog_generated_info.plist
note: Emplaced /Users/runner/Library/Developer/Xcode/DerivedData/Document_Scan-gpyzovawczbcogekrckiypzonffc/Build/Intermediates.noindex/ArchiveIntermediates/Document_Scan/InstallationBuildProductsLocation/Applications/Document_Scan.app/AppIcon60x60@2x.png (in target 'Document_Scan' from project 'Document_Scan')
note: Emplaced /Users/runner/Library/Developer/Xcode/DerivedData/Document_Scan-gpyzovawczbcogekrckiypzonffc/Build/Intermediates.noindex/ArchiveIntermediates/Document_Scan/InstallationBuildProductsLocation/Applications/Document_Scan.app/Assets.car (in target 'Document_Scan' from project 'Document_Scan')
note: Emplaced /Users/runner/Library/Developer/Xcode/DerivedData/Document_Scan-gpyzovawczbcogekrckiypzonffc/Build/Intermediates.noindex/ArchiveIntermediates/Document_Scan/InstallationBuildProductsLocation/Applications/Document_Scan.app/AppIcon76x76@2x~ipad.png (in target 'Document_Scan' from project 'Document_Scan')

ProcessInfoPlistFile /Users/runner/Library/Developer/Xcode/DerivedData/Document_Scan-gpyzovawczbcogekrckiypzonffc/Build/Intermediates.noindex/ArchiveIntermediates/Document_Scan/InstallationBuildProductsLocation/Applications/Document_Scan.app/Info.plist /Users/runner/work/Document_Scan/Document_Scan/Document_Scan/Info.plist (in target 'Document_Scan' from project 'Document_Scan')
    cd /Users/runner/work/Document_Scan/Document_Scan
    builtin-infoPlistUtility /Users/runner/work/Document_Scan/Document_Scan/Document_Scan/Info.plist -producttype com.apple.product-type.application -genpkginfo /Users/runner/Library/Developer/Xcode/DerivedData/Document_Scan-gpyzovawczbcogekrckiypzonffc/Build/Intermediates.noindex/ArchiveIntermediates/Document_Scan/InstallationBuildProductsLocation/Applications/Document_Scan.app/PkgInfo -expandbuildsettings -format binary -platform iphoneos -additionalcontentfile /Users/runner/Library/Developer/Xcode/DerivedData/Document_Scan-gpyzovawczbcogekrckiypzonffc/Build/Intermediates.noindex/ArchiveIntermediates/Document_Scan/IntermediateBuildFilesPath/Document_Scan.build/Release-iphoneos/Document_Scan.build/assetcatalog_generated_info.plist -requiredArchitecture arm64 -o /Users/runner/Library/Developer/Xcode/DerivedData/Document_Scan-gpyzovawczbcogekrckiypzonffc/Build/Intermediates.noindex/ArchiveIntermediates/Document_Scan/InstallationBuildProductsLocation/Applications/Document_Scan.app/Info.plist

SwiftDriverJobDiscovery normal arm64 Compiling AdConfig.swift, AppColors.swift, AppFonts.swift, AppRouter.swift, BannerAdManager.swift, BiometricService.swift, CDDocument.swift, CDPage.swift, CDVersion.swift, CropRefineView.swift, DetailsView.swift, DocumentManager.swift, Document_ScanApp.swift, FinishScanView.swift, ImageStorageService.swift, InterstitialAdManager.swift, LibraryView.swift, MainTabView.swift, MockData.swift, NotificationService.swift, OCRResultView.swift, OCRService.swift, OnboardingView.swift, PDFExportService.swift, PaywallView.swift, PersistenceController.swift, ProcessingView.swift, RecycleBinView.swift, ScannerService.swift, ScannerView.swift, SearchView.swift, SecuritySettingsView.swift, SettingsService.swift, SettingsView.swift, SplashAdManager.swift, ToastView.swift, ToolsView.swift, VersionHistoryView.swift, View+HideKeyboard.swift, GeneratedAssetSymbols.swift (in target 'Document_Scan' from project 'Document_Scan')

SwiftDriver\ Compilation\ Requirements Document_Scan normal arm64 com.apple.xcode.tools.swift.compiler (in target 'Document_Scan' from project 'Document_Scan')
    cd /Users/runner/work/Document_Scan/Document_Scan
    builtin-Swift-Compilation-Requirements -- /Applications/Xcode_16.4.app/Contents/Developer/Toolchains/XcodeDefault.xctoolchain/usr/bin/swiftc -module-name Document_Scan -O -whole-module-optimization -enforce-exclusivity\=checked @/Users/runner/Library/Developer/Xcode/DerivedData/Document_Scan-gpyzovawczbcogekrckiypzonffc/Build/Intermediates.noindex/ArchiveIntermediates/Document_Scan/IntermediateBuildFilesPath/Document_Scan.build/Release-iphoneos/Document_Scan.build/Objects-normal/arm64/Document_Scan.SwiftFileList -D COCOAPODS -enable-bare-slash-regex -enable-experimental-feature DebugDescriptionMacro -sdk /Applications/Xcode_16.4.app/Contents/Developer/Platforms/iPhoneOS.platform/Developer/SDKs/iPhoneOS18.5.sdk -target arm64-apple-ios16.0 -g -module-cache-path /Users/runner/Library/Developer/Xcode/DerivedData/ModuleCache.noindex -Xfrontend -serialize-debugging-options -swift-version 5 -I /Users/runner/Library/Developer/Xcode/DerivedData/Document_Scan-gpyzovawczbcogekrckiypzonffc/Build/Intermediates.noindex/ArchiveIntermediates/Document_Scan/BuildProductsPath/Release-iphoneos -F /Users/runner/Library/Developer/Xcode/DerivedData/Document_Scan-gpyzovawczbcogekrckiypzonffc/Build/Intermediates.noindex/ArchiveIntermediates/Document_Scan/BuildProductsPath/Release-iphoneos -F /Users/runner/Library/Developer/Xcode/DerivedData/Document_Scan-gpyzovawczbcogekrckiypzonffc/Build/Intermediates.noindex/ArchiveIntermediates/Document_Scan/BuildProductsPath/Release-iphoneos/WYYKit -F /Users/runner/work/Document_Scan/Document_Scan/Pods/Ads-Global/SDK -F /Users/runner/work/Document_Scan/Document_Scan/Pods/FBAudienceNetwork/Dynamic -F /Users/runner/work/Document_Scan/Document_Scan/Pods/InMobiSDK -F /Users/runner/work/Document_Scan/Document_Scan/Pods/MintegralAdSDK/Fmk -F /Users/runner/work/Document_Scan/Document_Scan/Pods/SmartdigimktSDK/SmartDigimktSDK -F /Users/runner/work/Document_Scan/Document_Scan/Pods/TPNMediationAdxSmartdigimktAdapter/AnyThinkSmartdigimktAdapter-6.5.45.0 -F /Users/runner/work/Document_Scan/Document_Scan/Pods/TPNMediationFacebookAdapter/AnyThinkFacebookAdapter-6.21.1.0 -F /Users/runner/work/Document_Scan/Document_Scan/Pods/TPNMediationInmobiAdapter/AnyThinkInmobiAdapter-11.1.0.0 -F /Users/runner/work/Document_Scan/Document_Scan/Pods/TPNMediationMintegralAdapter/AnyThinkMintegralAdapter-8.0.4.0 -F /Users/runner/work/Document_Scan/Document_Scan/Pods/TPNMediationPangleAdapter/AnyThinkPangleAdapter-7.8.5.7.0 -F /Users/runner/work/Document_Scan/Document_Scan/Pods/TPNiOS/core -F /Users/runner/work/Document_Scan/Document_Scan/Pods/UMAPM/UMAPM_2.0.7 -F /Users/runner/work/Document_Scan/Document_Scan/Pods/UMCommon/UMCommon_7.5.8 -F /Users/runner/work/Document_Scan/Document_Scan/Pods/UMDevice/UMDevice_3.5.0 -F /Users/runner/Library/Developer/Xcode/DerivedData/Document_Scan-gpyzovawczbcogekrckiypzonffc/Build/Intermediates.noindex/ArchiveIntermediates/Document_Scan/BuildProductsPath/Release-iphoneos/XCFrameworkIntermediates/Ads-Global/PangleSDK -F /Users/runner/Library/Developer/Xcode/DerivedData/Document_Scan-gpyzovawczbcogekrckiypzonffc/Build/Intermediates.noindex/ArchiveIntermediates/Document_Scan/BuildProductsPath/Release-iphoneos/XCFrameworkIntermediates/Ads-Global/TikTokBusinessSDK -F /Users/runner/Library/Developer/Xcode/DerivedData/Document_Scan-gpyzovawczbcogekrckiypzonffc/Build/Intermediates.noindex/ArchiveIntermediates/Document_Scan/BuildProductsPath/Release-iphoneos/XCFrameworkIntermediates/FBAudienceNetwork -F /Users/runner/Library/Developer/Xcode/DerivedData/Document_Scan-gpyzovawczbcogekrckiypzonffc/Build/Intermediates.noindex/ArchiveIntermediates/Document_Scan/BuildProductsPath/Release-iphoneos/XCFrameworkIntermediates/InMobiSDK -F /Users/runner/Library/Developer/Xcode/DerivedData/Document_Scan-gpyzovawczbcogekrckiypzonffc/Build/Intermediates.noindex/ArchiveIntermediates/Document_Scan/BuildProductsPath/Release-iphoneos/XCFrameworkIntermediates/MintegralAdSDK/BannerAd -F /Users/runner/Library/Developer/Xcode/DerivedData/Document_Scan-gpyzovawczbcogekrckiypzonffc/Build/Intermediates.noindex/ArchiveIntermediates/Document_Scan/BuildProductsPath/Release-iphoneos/XCFrameworkIntermediates/MintegralAdSDK/BidNativeAd -F /Users/runner/Library/Developer/Xcode/DerivedData/Document_Scan-gpyzovawczbcogekrckiypzonffc/Build/Intermediates.noindex/ArchiveIntermediates/Document_Scan/BuildProductsPath/Release-iphoneos/XCFrameworkIntermediates/MintegralAdSDK/InterstitialVideoAd -F /Users/runner/Library/Developer/Xcode/DerivedData/Document_Scan-gpyzovawczbcogekrckiypzonffc/Build/Intermediates.noindex/ArchiveIntermediates/Document_Scan/BuildProductsPath/Release-iphoneos/XCFrameworkIntermediates/MintegralAdSDK/NativeAd -F /Users/runner/Library/Developer/Xcode/DerivedData/Document_Scan-gpyzovawczbcogekrckiypzonffc/Build/Intermediates.noindex/ArchiveIntermediates/Document_Scan/BuildProductsPath/Release-iphoneos/XCFrameworkIntermediates/MintegralAdSDK/NativeAdvancedAd -F /Users/runner/Library/Developer/Xcode/DerivedData/Document_Scan-gpyzovawczbcogekrckiypzonffc/Build/Intermediates.noindex/ArchiveIntermediates/Document_Scan/BuildProductsPath/Release-iphoneos/XCFrameworkIntermediates/MintegralAdSDK/NewInterstitialAd -F /Users/runner/Library/Developer/Xcode/DerivedData/Document_Scan-gpyzovawczbcogekrckiypzonffc/Build/Intermediates.noindex/ArchiveIntermediates/Document_Scan/BuildProductsPath/Release-iphoneos/XCFrameworkIntermediates/MintegralAdSDK/RewardVideoAd -F /Users/runner/Library/Developer/Xcode/DerivedData/Document_Scan-gpyzovawczbcogekrckiypzonffc/Build/Intermediates.noindex/ArchiveIntermediates/Document_Scan/BuildProductsPath/Release-iphoneos/XCFrameworkIntermediates/MintegralAdSDK/SplashAd -F /Users/runner/Library/Developer/Xcode/DerivedData/Document_Scan-gpyzovawczbcogekrckiypzonffc/Build/Intermediates.noindex/ArchiveIntermediates/Document_Scan/BuildProductsPath/Release-iphoneos/XCFrameworkIntermediates/SmartdigimktSDK -F /Users/runner/Library/Developer/Xcode/DerivedData/Document_Scan-gpyzovawczbcogekrckiypzonffc/Build/Intermediates.noindex/ArchiveIntermediates/Document_Scan/BuildProductsPath/Release-iphoneos/XCFrameworkIntermediates/TPNMediationAdxSmartdigimktAdapter -F /Users/runner/Library/Developer/Xcode/DerivedData/Document_Scan-gpyzovawczbcogekrckiypzonffc/Build/Intermediates.noindex/ArchiveIntermediates/Document_Scan/BuildProductsPath/Release-iphoneos/XCFrameworkIntermediates/TPNMediationFacebookAdapter -F /Users/runner/Library/Developer/Xcode/DerivedData/Document_Scan-gpyzovawczbcogekrckiypzonffc/Build/Intermediates.noindex/ArchiveIntermediates/Document_Scan/BuildProductsPath/Release-iphoneos/XCFrameworkIntermediates/TPNMediationInmobiAdapter -F /Users/runner/Library/Developer/Xcode/DerivedData/Document_Scan-gpyzovawczbcogekrckiypzonffc/Build/Intermediates.noindex/ArchiveIntermediates/Document_Scan/BuildProductsPath/Release-iphoneos/XCFrameworkIntermediates/TPNMediationMintegralAdapter -F /Users/runner/Library/Developer/Xcode/DerivedData/Document_Scan-gpyzovawczbcogekrckiypzonffc/Build/Intermediates.noindex/ArchiveIntermediates/Document_Scan/BuildProductsPath/Release-iphoneos/XCFrameworkIntermediates/TPNMediationPangleAdapter -F /Users/runner/Library/Developer/Xcode/DerivedData/Document_Scan-gpyzovawczbcogekrckiypzonffc/Build/Intermediates.noindex/ArchiveIntermediates/Document_Scan/BuildProductsPath/Release-iphoneos/XCFrameworkIntermediates/TPNiOS/TPNSDK -F /Users/runner/Library/Developer/Xcode/DerivedData/Document_Scan-gpyzovawczbcogekrckiypzonffc/Build/Intermediates.noindex/ArchiveIntermediates/Document_Scan/BuildProductsPath/Release-iphoneos/XCFrameworkIntermediates/UMAPM -F /Users/runner/Library/Developer/Xcode/DerivedData/Document_Scan-gpyzovawczbcogekrckiypzonffc/Build/Intermediates.noindex/ArchiveIntermediates/Document_Scan/BuildProductsPath/Release-iphoneos/XCFrameworkIntermediates/UMCommon -F /Users/runner/Library/Developer/Xcode/DerivedData/Document_Scan-gpyzovawczbcogekrckiypzonffc/Build/Intermediates.noindex/ArchiveIntermediates/Document_Scan/BuildProductsPath/Release-iphoneos/XCFrameworkIntermediates/UMDevice -c -num-threads 3 -Xcc -ivfsstatcache -Xcc /Users/runner/Library/Developer/Xcode/DerivedData/SDKStatCaches.noindex/iphoneos18.5-22F76-a529daf784b3616c7c04a36aeb7f5c05.sdkstatcache -output-file-map /Users/runner/Library/Developer/Xcode/DerivedData/Document_Scan-gpyzovawczbcogekrckiypzonffc/Build/Intermediates.noindex/ArchiveIntermediates/Document_Scan/IntermediateBuildFilesPath/Document_Scan.build/Release-iphoneos/Document_Scan.build/Objects-normal/arm64/Document_Scan-OutputFileMap.json -use-frontend-parseable-output -save-temps -no-color-diagnostics -serialize-diagnostics -emit-dependencies -emit-module -emit-module-path /Users/runner/Library/Developer/Xcode/DerivedData/Document_Scan-gpyzovawczbcogekrckiypzonffc/Build/Intermediates.noindex/ArchiveIntermediates/Document_Scan/IntermediateBuildFilesPath/Document_Scan.build/Release-iphoneos/Document_Scan.build/Objects-normal/arm64/Document_Scan.swiftmodule -validate-clang-modules-once -clang-build-session-file /Users/runner/Library/Developer/Xcode/DerivedData/ModuleCache.noindex/Session.modulevalidation -Xcc -I/Users/runner/Library/Developer/Xcode/DerivedData/Document_Scan-gpyzovawczbcogekrckiypzonffc/Build/Intermediates.noindex/ArchiveIntermediates/Document_Scan/IntermediateBuildFilesPath/Document_Scan.build/Release-iphoneos/Document_Scan.build/swift-overrides.hmap -emit-const-values -Xfrontend -const-gather-protocols-file -Xfrontend /Users/runner/Library/Developer/Xcode/DerivedData/Document_Scan-gpyzovawczbcogekrckiypzonffc/Build/Intermediates.noindex/ArchiveIntermediates/Document_Scan/IntermediateBuildFilesPath/Document_Scan.build/Release-iphoneos/Document_Scan.build/Objects-normal/arm64/Document_Scan_const_extract_protocols.json -Xcc -iquote -Xcc /Users/runner/Library/Developer/Xcode/DerivedData/Document_Scan-gpyzovawczbcogekrckiypzonffc/Build/Intermediates.noindex/ArchiveIntermediates/Document_Scan/IntermediateBuildFilesPath/Document_Scan.build/Release-iphoneos/Document_Scan.build/Document_Scan-generated-files.hmap -Xcc -I/Users/runner/Library/Developer/Xcode/DerivedData/Document_Scan-gpyzovawczbcogekrckiypzonffc/Build/Intermediates.noindex/ArchiveIntermediates/Document_Scan/IntermediateBuildFilesPath/Document_Scan.build/Release-iphoneos/Document_Scan.build/Document_Scan-own-target-headers.hmap -Xcc -I/Users/runner/Library/Developer/Xcode/DerivedData/Document_Scan-gpyzovawczbcogekrckiypzonffc/Build/Intermediates.noindex/ArchiveIntermediates/Document_Scan/IntermediateBuildFilesPath/Document_Scan.build/Release-iphoneos/Document_Scan.build/Document_Scan-all-non-framework-target-headers.hmap -Xcc -ivfsoverlay -Xcc /Users/runner/Library/Developer/Xcode/DerivedData/Document_Scan-gpyzovawczbcogekrckiypzonffc/Build/Intermediates.noindex/ArchiveIntermediates/Document_Scan/IntermediateBuildFilesPath/Document_Scan.build/Release-iphoneos/Document_Scan-cbe8249668c84d8791d07154310725c5-VFS-iphoneos/all-product-headers.yaml -Xcc -iquote -Xcc /Users/runner/Library/Developer/Xcode/DerivedData/Document_Scan-gpyzovawczbcogekrckiypzonffc/Build/Intermediates.noindex/ArchiveIntermediates/Document_Scan/IntermediateBuildFilesPath/Document_Scan.build/Release-iphoneos/Document_Scan.build/Document_Scan-project-headers.hmap -Xcc -I/Users/runner/Library/Developer/Xcode/DerivedData/Document_Scan-gpyzovawczbcogekrckiypzonffc/Build/Intermediates.noindex/ArchiveIntermediates/Document_Scan/BuildProductsPath/Release-iphoneos/include -Xcc -I/Users/runner/Library/Developer/Xcode/DerivedData/Document_Scan-gpyzovawczbcogekrckiypzonffc/Build/Intermediates.noindex/ArchiveIntermediates/Document_Scan/BuildProductsPath/Release-iphoneos/WYYKit/WYYKit.framework/Headers -Xcc -I/Users/runner/Library/Developer/Xcode/DerivedData/Document_Scan-gpyzovawczbcogekrckiypzonffc/Build/Intermediates.noindex/ArchiveIntermediates/Document_Scan/IntermediateBuildFilesPath/Document_Scan.build/Release-iphoneos/Document_Scan.build/DerivedSources-normal/arm64 -Xcc -I/Users/runner/Library/Developer/Xcode/DerivedData/Document_Scan-gpyzovawczbcogekrckiypzonffc/Build/Intermediates.noindex/ArchiveIntermediates/Document_Scan/IntermediateBuildFilesPath/Document_Scan.build/Release-iphoneos/Document_Scan.build/DerivedSources/arm64 -Xcc -I/Users/runner/Library/Developer/Xcode/DerivedData/Document_Scan-gpyzovawczbcogekrckiypzonffc/Build/Intermediates.noindex/ArchiveIntermediates/Document_Scan/IntermediateBuildFilesPath/Document_Scan.build/Release-iphoneos/Document_Scan.build/DerivedSources -Xcc -DCOCOAPODS\=1 -emit-objc-header -emit-objc-header-path /Users/runner/Library/Developer/Xcode/DerivedData/Document_Scan-gpyzovawczbcogekrckiypzonffc/Build/Intermediates.noindex/ArchiveIntermediates/Document_Scan/IntermediateBuildFilesPath/Document_Scan.build/Release-iphoneos/Document_Scan.build/Objects-normal/arm64/Document_Scan-Swift.h -working-directory /Users/runner/work/Document_Scan/Document_Scan -no-emit-module-separately-wmo

SwiftMergeGeneratedHeaders /Users/runner/Library/Developer/Xcode/DerivedData/Document_Scan-gpyzovawczbcogekrckiypzonffc/Build/Intermediates.noindex/ArchiveIntermediates/Document_Scan/IntermediateBuildFilesPath/Document_Scan.build/Release-iphoneos/Document_Scan.build/DerivedSources/Document_Scan-Swift.h /Users/runner/Library/Developer/Xcode/DerivedData/Document_Scan-gpyzovawczbcogekrckiypzonffc/Build/Intermediates.noindex/ArchiveIntermediates/Document_Scan/IntermediateBuildFilesPath/Document_Scan.build/Release-iphoneos/Document_Scan.build/Objects-normal/arm64/Document_Scan-Swift.h (in target 'Document_Scan' from project 'Document_Scan')
    cd /Users/runner/work/Document_Scan/Document_Scan
    builtin-swiftHeaderTool -arch arm64 /Users/runner/Library/Developer/Xcode/DerivedData/Document_Scan-gpyzovawczbcogekrckiypzonffc/Build/Intermediates.noindex/ArchiveIntermediates/Document_Scan/IntermediateBuildFilesPath/Document_Scan.build/Release-iphoneos/Document_Scan.build/Objects-normal/arm64/Document_Scan-Swift.h -o /Users/runner/Library/Developer/Xcode/DerivedData/Document_Scan-gpyzovawczbcogekrckiypzonffc/Build/Intermediates.noindex/ArchiveIntermediates/Document_Scan/IntermediateBuildFilesPath/Document_Scan.build/Release-iphoneos/Document_Scan.build/DerivedSources/Document_Scan-Swift.h

Copy /Users/runner/Library/Developer/Xcode/DerivedData/Document_Scan-gpyzovawczbcogekrckiypzonffc/Build/Intermediates.noindex/ArchiveIntermediates/Document_Scan/BuildProductsPath/Release-iphoneos/Document_Scan.swiftmodule/arm64-apple-ios.swiftmodule /Users/runner/Library/Developer/Xcode/DerivedData/Document_Scan-gpyzovawczbcogekrckiypzonffc/Build/Intermediates.noindex/ArchiveIntermediates/Document_Scan/IntermediateBuildFilesPath/Document_Scan.build/Release-iphoneos/Document_Scan.build/Objects-normal/arm64/Document_Scan.swiftmodule (in target 'Document_Scan' from project 'Document_Scan')
    cd /Users/runner/work/Document_Scan/Document_Scan
    builtin-copy -exclude .DS_Store -exclude CVS -exclude .svn -exclude .git -exclude .hg -resolve-src-symlinks -rename /Users/runner/Library/Developer/Xcode/DerivedData/Document_Scan-gpyzovawczbcogekrckiypzonffc/Build/Intermediates.noindex/ArchiveIntermediates/Document_Scan/IntermediateBuildFilesPath/Document_Scan.build/Release-iphoneos/Document_Scan.build/Objects-normal/arm64/Document_Scan.swiftmodule /Users/runner/Library/Developer/Xcode/DerivedData/Document_Scan-gpyzovawczbcogekrckiypzonffc/Build/Intermediates.noindex/ArchiveIntermediates/Document_Scan/BuildProductsPath/Release-iphoneos/Document_Scan.swiftmodule/arm64-apple-ios.swiftmodule

Copy /Users/runner/Library/Developer/Xcode/DerivedData/Document_Scan-gpyzovawczbcogekrckiypzonffc/Build/Intermediates.noindex/ArchiveIntermediates/Document_Scan/BuildProductsPath/Release-iphoneos/Document_Scan.swiftmodule/arm64-apple-ios.swiftdoc /Users/runner/Library/Developer/Xcode/DerivedData/Document_Scan-gpyzovawczbcogekrckiypzonffc/Build/Intermediates.noindex/ArchiveIntermediates/Document_Scan/IntermediateBuildFilesPath/Document_Scan.build/Release-iphoneos/Document_Scan.build/Objects-normal/arm64/Document_Scan.swiftdoc (in target 'Document_Scan' from project 'Document_Scan')
    cd /Users/runner/work/Document_Scan/Document_Scan
    builtin-copy -exclude .DS_Store -exclude CVS -exclude .svn -exclude .git -exclude .hg -resolve-src-symlinks -rename /Users/runner/Library/Developer/Xcode/DerivedData/Document_Scan-gpyzovawczbcogekrckiypzonffc/Build/Intermediates.noindex/ArchiveIntermediates/Document_Scan/IntermediateBuildFilesPath/Document_Scan.build/Release-iphoneos/Document_Scan.build/Objects-normal/arm64/Document_Scan.swiftdoc /Users/runner/Library/Developer/Xcode/DerivedData/Document_Scan-gpyzovawczbcogekrckiypzonffc/Build/Intermediates.noindex/ArchiveIntermediates/Document_Scan/BuildProductsPath/Release-iphoneos/Document_Scan.swiftmodule/arm64-apple-ios.swiftdoc

Copy /Users/runner/Library/Developer/Xcode/DerivedData/Document_Scan-gpyzovawczbcogekrckiypzonffc/Build/Intermediates.noindex/ArchiveIntermediates/Document_Scan/BuildProductsPath/Release-iphoneos/Document_Scan.swiftmodule/arm64-apple-ios.abi.json /Users/runner/Library/Developer/Xcode/DerivedData/Document_Scan-gpyzovawczbcogekrckiypzonffc/Build/Intermediates.noindex/ArchiveIntermediates/Document_Scan/IntermediateBuildFilesPath/Document_Scan.build/Release-iphoneos/Document_Scan.build/Objects-normal/arm64/Document_Scan.abi.json (in target 'Document_Scan' from project 'Document_Scan')
    cd /Users/runner/work/Document_Scan/Document_Scan
    builtin-copy -exclude .DS_Store -exclude CVS -exclude .svn -exclude .git -exclude .hg -resolve-src-symlinks -rename /Users/runner/Library/Developer/Xcode/DerivedData/Document_Scan-gpyzovawczbcogekrckiypzonffc/Build/Intermediates.noindex/ArchiveIntermediates/Document_Scan/IntermediateBuildFilesPath/Document_Scan.build/Release-iphoneos/Document_Scan.build/Objects-normal/arm64/Document_Scan.abi.json /Users/runner/Library/Developer/Xcode/DerivedData/Document_Scan-gpyzovawczbcogekrckiypzonffc/Build/Intermediates.noindex/ArchiveIntermediates/Document_Scan/BuildProductsPath/Release-iphoneos/Document_Scan.swiftmodule/arm64-apple-ios.abi.json

ScanDependencies /Users/runner/Library/Developer/Xcode/DerivedData/Document_Scan-gpyzovawczbcogekrckiypzonffc/Build/Intermediates.noindex/ArchiveIntermediates/Document_Scan/IntermediateBuildFilesPath/Document_Scan.build/Release-iphoneos/Document_Scan.build/Objects-normal/arm64/Document_Scan_vers.o /Users/runner/Library/Developer/Xcode/DerivedData/Document_Scan-gpyzovawczbcogekrckiypzonffc/Build/Intermediates.noindex/ArchiveIntermediates/Document_Scan/IntermediateBuildFilesPath/Document_Scan.build/Release-iphoneos/Document_Scan.build/DerivedSources/Document_Scan_vers.c normal arm64 c com.apple.compilers.llvm.clang.1_0.compiler (in target 'Document_Scan' from project 'Document_Scan')
    cd /Users/runner/work/Document_Scan/Document_Scan
    
    Using response file: /Users/runner/Library/Developer/Xcode/DerivedData/Document_Scan-gpyzovawczbcogekrckiypzonffc/Build/Intermediates.noindex/ArchiveIntermediates/Document_Scan/IntermediateBuildFilesPath/Document_Scan.build/Release-iphoneos/Document_Scan.build/Objects-normal/arm64/7187679823f38a2a940e0043cdf9d637-common-args.resp
    
    builtin-ScanDependencies -o /Users/runner/Library/Developer/Xcode/DerivedData/Document_Scan-gpyzovawczbcogekrckiypzonffc/Build/Intermediates.noindex/ArchiveIntermediates/Document_Scan/IntermediateBuildFilesPath/Document_Scan.build/Release-iphoneos/Document_Scan.build/Objects-normal/arm64/Document_Scan_vers.o.scan -- /Applications/Xcode_16.4.app/Contents/Developer/Toolchains/XcodeDefault.xctoolchain/usr/bin/clang -x c -ivfsstatcache /Users/runner/Library/Developer/Xcode/DerivedData/SDKStatCaches.noindex/iphoneos18.5-22F76-a529daf784b3616c7c04a36aeb7f5c05.sdkstatcache -fmessage-length\=0 -fdiagnostics-show-note-include-stack -fmacro-backtrace-limit\=0 -fno-color-diagnostics -fmodules-prune-interval\=86400 -fmodules-prune-after\=345600 -fbuild-session-file\=/Users/runner/Library/Developer/Xcode/DerivedData/ModuleCache.noindex/Session.modulevalidation -fmodules-validate-once-per-build-session -Wnon-modular-include-in-framework-module -Werror\=non-modular-include-in-framework-module -Wno-trigraphs -Wno-missing-field-initializers -Wno-missing-prototypes -Werror\=return-type -Wdocumentation -Wunreachable-code -Werror\=deprecated-objc-isa-usage -Werror\=objc-root-class -Wno-missing-braces -Wparentheses -Wswitch -Wunused-function -Wno-unused-label -Wno-unused-parameter -Wunused-variable -Wunused-value -Wempty-body -Wuninitialized -Wconditional-uninitialized -Wno-unknown-pragmas -Wno-shadow -Wno-four-char-constants -Wno-conversion -Wconstant-conversion -Wint-conversion -Wbool-conversion -Wenum-conversion -Wno-float-conversion -Wnon-literal-null-conversion -Wobjc-literal-conversion -Wshorten-64-to-32 -Wpointer-sign -Wno-newline-eof -Wno-implicit-fallthrough -fstrict-aliasing -Wdeprecated-declarations -Wno-sign-conversion -Winfinite-recursion -Wcomma -Wblock-capture-autoreleasing -Wstrict-prototypes -Wno-semicolon-before-method-body -Wunguarded-availability @/Users/runner/Library/Developer/Xcode/DerivedData/Document_Scan-gpyzovawczbcogekrckiypzonffc/Build/Intermediates.noindex/ArchiveIntermediates/Document_Scan/IntermediateBuildFilesPath/Document_Scan.build/Release-iphoneos/Document_Scan.build/Objects-normal/arm64/7187679823f38a2a940e0043cdf9d637-common-args.resp -MMD -MT dependencies -MF /Users/runner/Library/Developer/Xcode/DerivedData/Document_Scan-gpyzovawczbcogekrckiypzonffc/Build/Intermediates.noindex/ArchiveIntermediates/Document_Scan/IntermediateBuildFilesPath/Document_Scan.build/Release-iphoneos/Document_Scan.build/Objects-normal/arm64/Document_Scan_vers.d --serialize-diagnostics /Users/runner/Library/Developer/Xcode/DerivedData/Document_Scan-gpyzovawczbcogekrckiypzonffc/Build/Intermediates.noindex/ArchiveIntermediates/Document_Scan/IntermediateBuildFilesPath/Document_Scan.build/Release-iphoneos/Document_Scan.build/Objects-normal/arm64/Document_Scan_vers.dia -c /Users/runner/Library/Developer/Xcode/DerivedData/Document_Scan-gpyzovawczbcogekrckiypzonffc/Build/Intermediates.noindex/ArchiveIntermediates/Document_Scan/IntermediateBuildFilesPath/Document_Scan.build/Release-iphoneos/Document_Scan.build/DerivedSources/Document_Scan_vers.c -o /Users/runner/Library/Developer/Xcode/DerivedData/Document_Scan-gpyzovawczbcogekrckiypzonffc/Build/Intermediates.noindex/ArchiveIntermediates/Document_Scan/IntermediateBuildFilesPath/Document_Scan.build/Release-iphoneos/Document_Scan.build/Objects-normal/arm64/Document_Scan_vers.o

CompileC /Users/runner/Library/Developer/Xcode/DerivedData/Document_Scan-gpyzovawczbcogekrckiypzonffc/Build/Intermediates.noindex/ArchiveIntermediates/Document_Scan/IntermediateBuildFilesPath/Document_Scan.build/Release-iphoneos/Document_Scan.build/Objects-normal/arm64/Document_Scan_vers.o /Users/runner/Library/Developer/Xcode/DerivedData/Document_Scan-gpyzovawczbcogekrckiypzonffc/Build/Intermediates.noindex/ArchiveIntermediates/Document_Scan/IntermediateBuildFilesPath/Document_Scan.build/Release-iphoneos/Document_Scan.build/DerivedSources/Document_Scan_vers.c normal arm64 c com.apple.compilers.llvm.clang.1_0.compiler (in target 'Document_Scan' from project 'Document_Scan')
    cd /Users/runner/work/Document_Scan/Document_Scan
    
    Using response file: /Users/runner/Library/Developer/Xcode/DerivedData/Document_Scan-gpyzovawczbcogekrckiypzonffc/Build/Intermediates.noindex/ArchiveIntermediates/Document_Scan/IntermediateBuildFilesPath/Document_Scan.build/Release-iphoneos/Document_Scan.build/Objects-normal/arm64/7187679823f38a2a940e0043cdf9d637-common-args.resp
    
    /Applications/Xcode_16.4.app/Contents/Developer/Toolchains/XcodeDefault.xctoolchain/usr/bin/clang -x c -ivfsstatcache /Users/runner/Library/Developer/Xcode/DerivedData/SDKStatCaches.noindex/iphoneos18.5-22F76-a529daf784b3616c7c04a36aeb7f5c05.sdkstatcache -fmessage-length\=0 -fdiagnostics-show-note-include-stack -fmacro-backtrace-limit\=0 -fno-color-diagnostics -fmodules-prune-interval\=86400 -fmodules-prune-after\=345600 -fbuild-session-file\=/Users/runner/Library/Developer/Xcode/DerivedData/ModuleCache.noindex/Session.modulevalidation -fmodules-validate-once-per-build-session -Wnon-modular-include-in-framework-module -Werror\=non-modular-include-in-framework-module -Wno-trigraphs -Wno-missing-field-initializers -Wno-missing-prototypes -Werror\=return-type -Wdocumentation -Wunreachable-code -Werror\=deprecated-objc-isa-usage -Werror\=objc-root-class -Wno-missing-braces -Wparentheses -Wswitch -Wunused-function -Wno-unused-label -Wno-unused-parameter -Wunused-variable -Wunused-value -Wempty-body -Wuninitialized -Wconditional-uninitialized -Wno-unknown-pragmas -Wno-shadow -Wno-four-char-constants -Wno-conversion -Wconstant-conversion -Wint-conversion -Wbool-conversion -Wenum-conversion -Wno-float-conversion -Wnon-literal-null-conversion -Wobjc-literal-conversion -Wshorten-64-to-32 -Wpointer-sign -Wno-newline-eof -Wno-implicit-fallthrough -fstrict-aliasing -Wdeprecated-declarations -Wno-sign-conversion -Winfinite-recursion -Wcomma -Wblock-capture-autoreleasing -Wstrict-prototypes -Wno-semicolon-before-method-body -Wunguarded-availability @/Users/runner/Library/Developer/Xcode/DerivedData/Document_Scan-gpyzovawczbcogekrckiypzonffc/Build/Intermediates.noindex/ArchiveIntermediates/Document_Scan/IntermediateBuildFilesPath/Document_Scan.build/Release-iphoneos/Document_Scan.build/Objects-normal/arm64/7187679823f38a2a940e0043cdf9d637-common-args.resp -MMD -MT dependencies -MF /Users/runner/Library/Developer/Xcode/DerivedData/Document_Scan-gpyzovawczbcogekrckiypzonffc/Build/Intermediates.noindex/ArchiveIntermediates/Document_Scan/IntermediateBuildFilesPath/Document_Scan.build/Release-iphoneos/Document_Scan.build/Objects-normal/arm64/Document_Scan_vers.d --serialize-diagnostics /Users/runner/Library/Developer/Xcode/DerivedData/Document_Scan-gpyzovawczbcogekrckiypzonffc/Build/Intermediates.noindex/ArchiveIntermediates/Document_Scan/IntermediateBuildFilesPath/Document_Scan.build/Release-iphoneos/Document_Scan.build/Objects-normal/arm64/Document_Scan_vers.dia -c /Users/runner/Library/Developer/Xcode/DerivedData/Document_Scan-gpyzovawczbcogekrckiypzonffc/Build/Intermediates.noindex/ArchiveIntermediates/Document_Scan/IntermediateBuildFilesPath/Document_Scan.build/Release-iphoneos/Document_Scan.build/DerivedSources/Document_Scan_vers.c -o /Users/runner/Library/Developer/Xcode/DerivedData/Document_Scan-gpyzovawczbcogekrckiypzonffc/Build/Intermediates.noindex/ArchiveIntermediates/Document_Scan/IntermediateBuildFilesPath/Document_Scan.build/Release-iphoneos/Document_Scan.build/Objects-normal/arm64/Document_Scan_vers.o

Ld /Users/runner/Library/Developer/Xcode/DerivedData/Document_Scan-gpyzovawczbcogekrckiypzonffc/Build/Intermediates.noindex/ArchiveIntermediates/Document_Scan/InstallationBuildProductsLocation/Applications/Document_Scan.app/Document_Scan normal (in target 'Document_Scan' from project 'Document_Scan')
    cd /Users/runner/work/Document_Scan/Document_Scan
    /Applications/Xcode_16.4.app/Contents/Developer/Toolchains/XcodeDefault.xctoolchain/usr/bin/clang -Xlinker -reproducible -target arm64-apple-ios16.0 -isysroot /Applications/Xcode_16.4.app/Contents/Developer/Platforms/iPhoneOS.platform/Developer/SDKs/iPhoneOS18.5.sdk -Os -L/Users/runner/Library/Developer/Xcode/DerivedData/Document_Scan-gpyzovawczbcogekrckiypzonffc/Build/Intermediates.noindex/ArchiveIntermediates/Document_Scan/IntermediateBuildFilesPath/EagerLinkingTBDs/Release-iphoneos -L/Users/runner/Library/Developer/Xcode/DerivedData/Document_Scan-gpyzovawczbcogekrckiypzonffc/Build/Intermediates.noindex/ArchiveIntermediates/Document_Scan/BuildProductsPath/Release-iphoneos -L/Applications/Xcode_16.4.app/Contents/Developer/Toolchains/XcodeDefault.xctoolchain/usr/lib/swift/iphoneos -L/Applications/Xcode_16.4.app/Contents/Developer/Platforms/iPhoneOS.platform/Developer/SDKs/iPhoneOS18.5.sdk/usr/lib/swift -F/Users/runner/Library/Developer/Xcode/DerivedData/Document_Scan-gpyzovawczbcogekrckiypzonffc/Build/Intermediates.noindex/ArchiveIntermediates/Document_Scan/IntermediateBuildFilesPath/EagerLinkingTBDs/Release-iphoneos -F/Users/runner/Library/Developer/Xcode/DerivedData/Document_Scan-gpyzovawczbcogekrckiypzonffc/Build/Intermediates.noindex/ArchiveIntermediates/Document_Scan/BuildProductsPath/Release-iphoneos -F/Users/runner/Library/Developer/Xcode/DerivedData/Document_Scan-gpyzovawczbcogekrckiypzonffc/Build/Intermediates.noindex/ArchiveIntermediates/Document_Scan/BuildProductsPath/Release-iphoneos/WYYKit -F/Users/runner/work/Document_Scan/Document_Scan/Pods/Ads-Global/SDK -F/Users/runner/work/Document_Scan/Document_Scan/Pods/FBAudienceNetwork/Dynamic -F/Users/runner/work/Document_Scan/Document_Scan/Pods/InMobiSDK -F/Users/runner/work/Document_Scan/Document_Scan/Pods/MintegralAdSDK/Fmk -F/Users/runner/work/Document_Scan/Document_Scan/Pods/SmartdigimktSDK/SmartDigimktSDK -F/Users/runner/work/Document_Scan/Document_Scan/Pods/TPNMediationAdxSmartdigimktAdapter/AnyThinkSmartdigimktAdapter-6.5.45.0 -F/Users/runner/work/Document_Scan/Document_Scan/Pods/TPNMediationFacebookAdapter/AnyThinkFacebookAdapter-6.21.1.0 -F/Users/runner/work/Document_Scan/Document_Scan/Pods/TPNMediationInmobiAdapter/AnyThinkInmobiAdapter-11.1.0.0 -F/Users/runner/work/Document_Scan/Document_Scan/Pods/TPNMediationMintegralAdapter/AnyThinkMintegralAdapter-8.0.4.0 -F/Users/runner/work/Document_Scan/Document_Scan/Pods/TPNMediationPangleAdapter/AnyThinkPangleAdapter-7.8.5.7.0 -F/Users/runner/work/Document_Scan/Document_Scan/Pods/TPNiOS/core -F/Users/runner/work/Document_Scan/Document_Scan/Pods/UMAPM/UMAPM_2.0.7 -F/Users/runner/work/Document_Scan/Document_Scan/Pods/UMCommon/UMCommon_7.5.8 -F/Users/runner/work/Document_Scan/Document_Scan/Pods/UMDevice/UMDevice_3.5.0 -F/Users/runner/Library/Developer/Xcode/DerivedData/Document_Scan-gpyzovawczbcogekrckiypzonffc/Build/Intermediates.noindex/ArchiveIntermediates/Document_Scan/BuildProductsPath/Release-iphoneos/XCFrameworkIntermediates/Ads-Global/PangleSDK -F/Users/runner/Library/Developer/Xcode/DerivedData/Document_Scan-gpyzovawczbcogekrckiypzonffc/Build/Intermediates.noindex/ArchiveIntermediates/Document_Scan/BuildProductsPath/Release-iphoneos/XCFrameworkIntermediates/Ads-Global/TikTokBusinessSDK -F/Users/runner/Library/Developer/Xcode/DerivedData/Document_Scan-gpyzovawczbcogekrckiypzonffc/Build/Intermediates.noindex/ArchiveIntermediates/Document_Scan/BuildProductsPath/Release-iphoneos/XCFrameworkIntermediates/FBAudienceNetwork -F/Users/runner/Library/Developer/Xcode/DerivedData/Document_Scan-gpyzovawczbcogekrckiypzonffc/Build/Intermediates.noindex/ArchiveIntermediates/Document_Scan/BuildProductsPath/Release-iphoneos/XCFrameworkIntermediates/InMobiSDK -F/Users/runner/Library/Developer/Xcode/DerivedData/Document_Scan-gpyzovawczbcogekrckiypzonffc/Build/Intermediates.noindex/ArchiveIntermediates/Document_Scan/BuildProductsPath/Release-iphoneos/XCFrameworkIntermediates/MintegralAdSDK/BannerAd -F/Users/runner/Library/Developer/Xcode/DerivedData/Document_Scan-gpyzovawczbcogekrckiypzonffc/Build/Intermediates.noindex/ArchiveIntermediates/Document_Scan/BuildProductsPath/Release-iphoneos/XCFrameworkIntermediates/MintegralAdSDK/BidNativeAd -F/Users/runner/Library/Developer/Xcode/DerivedData/Document_Scan-gpyzovawczbcogekrckiypzonffc/Build/Intermediates.noindex/ArchiveIntermediates/Document_Scan/BuildProductsPath/Release-iphoneos/XCFrameworkIntermediates/MintegralAdSDK/InterstitialVideoAd -F/Users/runner/Library/Developer/Xcode/DerivedData/Document_Scan-gpyzovawczbcogekrckiypzonffc/Build/Intermediates.noindex/ArchiveIntermediates/Document_Scan/BuildProductsPath/Release-iphoneos/XCFrameworkIntermediates/MintegralAdSDK/NativeAd -F/Users/runner/Library/Developer/Xcode/DerivedData/Document_Scan-gpyzovawczbcogekrckiypzonffc/Build/Intermediates.noindex/ArchiveIntermediates/Document_Scan/BuildProductsPath/Release-iphoneos/XCFrameworkIntermediates/MintegralAdSDK/NativeAdvancedAd -F/Users/runner/Library/Developer/Xcode/DerivedData/Document_Scan-gpyzovawczbcogekrckiypzonffc/Build/Intermediates.noindex/ArchiveIntermediates/Document_Scan/BuildProductsPath/Release-iphoneos/XCFrameworkIntermediates/MintegralAdSDK/NewInterstitialAd -F/Users/runner/Library/Developer/Xcode/DerivedData/Document_Scan-gpyzovawczbcogekrckiypzonffc/Build/Intermediates.noindex/ArchiveIntermediates/Document_Scan/BuildProductsPath/Release-iphoneos/XCFrameworkIntermediates/MintegralAdSDK/RewardVideoAd -F/Users/runner/Library/Developer/Xcode/DerivedData/Document_Scan-gpyzovawczbcogekrckiypzonffc/Build/Intermediates.noindex/ArchiveIntermediates/Document_Scan/BuildProductsPath/Release-iphoneos/XCFrameworkIntermediates/MintegralAdSDK/SplashAd -F/Users/runner/Library/Developer/Xcode/DerivedData/Document_Scan-gpyzovawczbcogekrckiypzonffc/Build/Intermediates.noindex/ArchiveIntermediates/Document_Scan/BuildProductsPath/Release-iphoneos/XCFrameworkIntermediates/SmartdigimktSDK -F/Users/runner/Library/Developer/Xcode/DerivedData/Document_Scan-gpyzovawczbcogekrckiypzonffc/Build/Intermediates.noindex/ArchiveIntermediates/Document_Scan/BuildProductsPath/Release-iphoneos/XCFrameworkIntermediates/TPNMediationAdxSmartdigimktAdapter -F/Users/runner/Library/Developer/Xcode/DerivedData/Document_Scan-gpyzovawczbcogekrckiypzonffc/Build/Intermediates.noindex/ArchiveIntermediates/Document_Scan/BuildProductsPath/Release-iphoneos/XCFrameworkIntermediates/TPNMediationFacebookAdapter -F/Users/runner/Library/Developer/Xcode/DerivedData/Document_Scan-gpyzovawczbcogekrckiypzonffc/Build/Intermediates.noindex/ArchiveIntermediates/Document_Scan/BuildProductsPath/Release-iphoneos/XCFrameworkIntermediates/TPNMediationInmobiAdapter -F/Users/runner/Library/Developer/Xcode/DerivedData/Document_Scan-gpyzovawczbcogekrckiypzonffc/Build/Intermediates.noindex/ArchiveIntermediates/Document_Scan/BuildProductsPath/Release-iphoneos/XCFrameworkIntermediates/TPNMediationMintegralAdapter -F/Users/runner/Library/Developer/Xcode/DerivedData/Document_Scan-gpyzovawczbcogekrckiypzonffc/Build/Intermediates.noindex/ArchiveIntermediates/Document_Scan/BuildProductsPath/Release-iphoneos/XCFrameworkIntermediates/TPNMediationPangleAdapter -F/Users/runner/Library/Developer/Xcode/DerivedData/Document_Scan-gpyzovawczbcogekrckiypzonffc/Build/Intermediates.noindex/ArchiveIntermediates/Document_Scan/BuildProductsPath/Release-iphoneos/XCFrameworkIntermediates/TPNiOS/TPNSDK -F/Users/runner/Library/Developer/Xcode/DerivedData/Document_Scan-gpyzovawczbcogekrckiypzonffc/Build/Intermediates.noindex/ArchiveIntermediates/Document_Scan/BuildProductsPath/Release-iphoneos/XCFrameworkIntermediates/UMAPM -F/Users/runner/Library/Developer/Xcode/DerivedData/Document_Scan-gpyzovawczbcogekrckiypzonffc/Build/Intermediates.noindex/ArchiveIntermediates/Document_Scan/BuildProductsPath/Release-iphoneos/XCFrameworkIntermediates/UMCommon -F/Users/runner/Library/Developer/Xcode/DerivedData/Document_Scan-gpyzovawczbcogekrckiypzonffc/Build/Intermediates.noindex/ArchiveIntermediates/Document_Scan/BuildProductsPath/Release-iphoneos/XCFrameworkIntermediates/UMDevice -filelist /Users/runner/Library/Developer/Xcode/DerivedData/Document_Scan-gpyzovawczbcogekrckiypzonffc/Build/Intermediates.noindex/ArchiveIntermediates/Document_Scan/IntermediateBuildFilesPath/Document_Scan.build/Release-iphoneos/Document_Scan.build/Objects-normal/arm64/Document_Scan.LinkFileList -Xlinker -rpath -Xlinker /usr/lib/swift -Xlinker -rpath -Xlinker @executable_path/Frameworks -Xlinker -rpath -Xlinker @loader_path/Frameworks -dead_strip -Xlinker -object_path_lto -Xlinker /Users/runner/Library/Developer/Xcode/DerivedData/Document_Scan-gpyzovawczbcogekrckiypzonffc/Build/Intermediates.noindex/ArchiveIntermediates/Document_Scan/IntermediateBuildFilesPath/Document_Scan.build/Release-iphoneos/Document_Scan.build/Objects-normal/arm64/Document_Scan_lto.o -Xlinker -final_output -Xlinker /Applications/Document_Scan.app/Document_Scan -Xlinker -dependency_info -Xlinker /Users/runner/Library/Developer/Xcode/DerivedData/Document_Scan-gpyzovawczbcogekrckiypzonffc/Build/Intermediates.noindex/ArchiveIntermediates/Document_Scan/IntermediateBuildFilesPath/Document_Scan.build/Release-iphoneos/Document_Scan.build/Objects-normal/arm64/Document_Scan_dependency_info.dat -fobjc-link-runtime -L/Applications/Xcode_16.4.app/Contents/Developer/Toolchains/XcodeDefault.xctoolchain/usr/lib/swift/iphoneos -L/usr/lib/swift -Xlinker -add_ast_path -Xlinker /Users/runner/Library/Developer/Xcode/DerivedData/Document_Scan-gpyzovawczbcogekrckiypzonffc/Build/Intermediates.noindex/ArchiveIntermediates/Document_Scan/IntermediateBuildFilesPath/Document_Scan.build/Release-iphoneos/Document_Scan.build/Objects-normal/arm64/Document_Scan.swiftmodule -ObjC -lbz2 -lc++ -lc++abi -liconv -lresolv -lsqlite3 -lsqlite3.0 -lxml2 -lz -framework AVFoundation -framework Accelerate -framework AdServices -framework AdSupport -framework AnyThinkFacebookAdapter -framework AnyThinkInmobiAdapter -framework AnyThinkMintegralAdapter -framework AnyThinkPangleAdapter -framework AnyThinkSDK -framework AnyThinkSmartdigimktAdapter -framework AppTrackingTransparency -framework AudioToolbox -framework CoreGraphics -framework CoreImage -framework CoreMedia -framework CoreMotion -framework CoreTelephony -framework FBAudienceNetwork -framework Foundation -framework InMobiSDK -framework JavaScriptCore -framework MTGSDK -framework MTGSDKBanner -framework MTGSDKBidding -framework MTGSDKInterstitialVideo -framework MTGSDKNativeAdvanced -framework MTGSDKNewInterstitial -framework MTGSDKReward -framework MTGSDKSplash -framework MediaPlayer -framework MobileCoreServices -framework PAGAdSDK -framework QuartzCore -framework Security -framework SmartdigimktSDK -framework StoreKit -framework SystemConfiguration -framework TikTokBusinessSDK -framework UIKit -framework UMAPM -framework UMCommon -framework UMDevice -framework WYYKit -framework WebKit -weak_framework AdSupport -weak_framework AppTrackingTransparency -weak_framework CFNetwork -weak_framework CoreML -weak_framework CoreMotion -weak_framework CoreTelephony -weak_framework DeviceCheck -weak_framework LocalAuthentication -weak_framework SafariServices -weak_framework SystemConfiguration -weak_framework VideoToolbox -weak_framework WebKit -framework Vision -framework VisionKit -framework LocalAuthentication -framework PDFKit -framework CoreData -framework AVFoundation -framework Pods_Document_Scan -Xlinker -no_adhoc_codesign -o /Users/runner/Library/Developer/Xcode/DerivedData/Document_Scan-gpyzovawczbcogekrckiypzonffc/Build/Intermediates.noindex/ArchiveIntermediates/Document_Scan/InstallationBuildProductsLocation/Applications/Document_Scan.app/Document_Scan

PhaseScriptExecution [CP]\ Embed\ Pods\ Frameworks /Users/runner/Library/Developer/Xcode/DerivedData/Document_Scan-gpyzovawczbcogekrckiypzonffc/Build/Intermediates.noindex/ArchiveIntermediates/Document_Scan/IntermediateBuildFilesPath/Document_Scan.build/Release-iphoneos/Document_Scan.build/Script-B6F869A5B5AAB57A595584FB.sh (in target 'Document_Scan' from project 'Document_Scan')
    cd /Users/runner/work/Document_Scan/Document_Scan
    /bin/sh -c /Users/runner/Library/Developer/Xcode/DerivedData/Document_Scan-gpyzovawczbcogekrckiypzonffc/Build/Intermediates.noindex/ArchiveIntermediates/Document_Scan/IntermediateBuildFilesPath/Document_Scan.build/Release-iphoneos/Document_Scan.build/Script-B6F869A5B5AAB57A595584FB.sh
mkdir -p /Users/runner/Library/Developer/Xcode/DerivedData/Document_Scan-gpyzovawczbcogekrckiypzonffc/Build/Intermediates.noindex/ArchiveIntermediates/Document_Scan/BuildProductsPath/Release-iphoneos/Document_Scan.app/Frameworks
rsync --delete -av --filter P .*.?????? --links --filter "- CVS/" --filter "- .svn/" --filter "- .git/" --filter "- .hg/" --filter "- Headers" --filter "- PrivateHeaders" --filter "- Modules" "/Users/runner/Library/Developer/Xcode/DerivedData/Document_Scan-gpyzovawczbcogekrckiypzonffc/Build/Intermediates.noindex/ArchiveIntermediates/Document_Scan/BuildProductsPath/Release-iphoneos/XCFrameworkIntermediates/FBAudienceNetwork/FBAudienceNetwork.framework" "/Users/runner/Library/Developer/Xcode/DerivedData/Document_Scan-gpyzovawczbcogekrckiypzonffc/Build/Intermediates.noindex/ArchiveIntermediates/Document_Scan/InstallationBuildProductsLocation/Applications/Document_Scan.app/Frameworks"
Transfer starting: 7 files
FBAudienceNetwork.framework/
FBAudienceNetwork.framework/FBAudienceNetwork
FBAudienceNetwork.framework/Info.plist
FBAudienceNetwork.framework/PkgInfo
FBAudienceNetwork.framework/PrivacyInfo.xcprivacy
FBAudienceNetwork.framework/_CodeSignature/
FBAudienceNetwork.framework/_CodeSignature/CodeResources

sent 7010724 bytes  received 142 bytes  129590868 bytes/sec
total size is 7009006  speedup is 1.00
Code Signing /Users/runner/Library/Developer/Xcode/DerivedData/Document_Scan-gpyzovawczbcogekrckiypzonffc/Build/Intermediates.noindex/ArchiveIntermediates/Document_Scan/InstallationBuildProductsLocation/Applications/Document_Scan.app/Frameworks/FBAudienceNetwork.framework with Identity Apple Distribution: yingying wang (LLNYYVQJ8C)
/usr/bin/codesign --force --sign 279E2C6F35C6EAB1BB4671E44EBB3DB03A961426  --preserve-metadata=identifier,entitlements '/Users/runner/Library/Developer/Xcode/DerivedData/Document_Scan-gpyzovawczbcogekrckiypzonffc/Build/Intermediates.noindex/ArchiveIntermediates/Document_Scan/InstallationBuildProductsLocation/Applications/Document_Scan.app/Frameworks/FBAudienceNetwork.framework'
/Users/runner/Library/Developer/Xcode/DerivedData/Document_Scan-gpyzovawczbcogekrckiypzonffc/Build/Intermediates.noindex/ArchiveIntermediates/Document_Scan/InstallationBuildProductsLocation/Applications/Document_Scan.app/Frameworks/FBAudienceNetwork.framework: replacing existing signature
rsync --delete -av --filter P .*.?????? --links --filter "- CVS/" --filter "- .svn/" --filter "- .git/" --filter "- .hg/" --filter "- Headers" --filter "- PrivateHeaders" --filter "- Modules" "/Users/runner/Library/Developer/Xcode/DerivedData/Document_Scan-gpyzovawczbcogekrckiypzonffc/Build/Intermediates.noindex/ArchiveIntermediates/Document_Scan/BuildProductsPath/Release-iphoneos/XCFrameworkIntermediates/InMobiSDK/InMobiSDK.framework" "/Users/runner/Library/Developer/Xcode/DerivedData/Document_Scan-gpyzovawczbcogekrckiypzonffc/Build/Intermediates.noindex/ArchiveIntermediates/Document_Scan/InstallationBuildProductsLocation/Applications/Document_Scan.app/Frameworks"
Transfer starting: 7 files
InMobiSDK.framework/
InMobiSDK.framework/InMobiSDK
InMobiSDK.framework/Info.plist
InMobiSDK.framework/PrivacyInfo.xcprivacy
InMobiSDK.framework/im_mute.png
InMobiSDK.framework/im_play.png
InMobiSDK.framework/im_unmute.png

sent 6306899 bytes  received 158 bytes  143017165 bytes/sec
total size is 6305303  speedup is 1.00
Code Signing /Users/runner/Library/Developer/Xcode/DerivedData/Document_Scan-gpyzovawczbcogekrckiypzonffc/Build/Intermediates.noindex/ArchiveIntermediates/Document_Scan/InstallationBuildProductsLocation/Applications/Document_Scan.app/Frameworks/InMobiSDK.framework with Identity Apple Distribution: yingying wang (LLNYYVQJ8C)
/usr/bin/codesign --force --sign 279E2C6F35C6EAB1BB4671E44EBB3DB03A961426  --preserve-metadata=identifier,entitlements '/Users/runner/Library/Developer/Xcode/DerivedData/Document_Scan-gpyzovawczbcogekrckiypzonffc/Build/Intermediates.noindex/ArchiveIntermediates/Document_Scan/InstallationBuildProductsLocation/Applications/Document_Scan.app/Frameworks/InMobiSDK.framework'
rsync --delete -av --filter P .*.?????? --links --filter "- CVS/" --filter "- .svn/" --filter "- .git/" --filter "- .hg/" --filter "- Headers" --filter "- PrivateHeaders" --filter "- Modules" "/Users/runner/Library/Developer/Xcode/DerivedData/Document_Scan-gpyzovawczbcogekrckiypzonffc/Build/Intermediates.noindex/ArchiveIntermediates/Document_Scan/BuildProductsPath/Release-iphoneos/XCFrameworkIntermediates/SmartdigimktSDK/SmartdigimktSDK.framework" "/Users/runner/Library/Developer/Xcode/DerivedData/Document_Scan-gpyzovawczbcogekrckiypzonffc/Build/Intermediates.noindex/ArchiveIntermediates/Document_Scan/InstallationBuildProductsLocation/Applications/Document_Scan.app/Frameworks"
Transfer starting: 4 files
SmartdigimktSDK.framework/
SmartdigimktSDK.framework/Info.plist
SmartdigimktSDK.framework/PrivacyInfo.xcprivacy
SmartdigimktSDK.framework/SmartdigimktSDK

sent 6307698 bytes  received 92 bytes  110469176 bytes/sec
total size is 6306380  speedup is 1.00
Code Signing /Users/runner/Library/Developer/Xcode/DerivedData/Document_Scan-gpyzovawczbcogekrckiypzonffc/Build/Intermediates.noindex/ArchiveIntermediates/Document_Scan/InstallationBuildProductsLocation/Applications/Document_Scan.app/Frameworks/SmartdigimktSDK.framework with Identity Apple Distribution: yingying wang (LLNYYVQJ8C)
/usr/bin/codesign --force --sign 279E2C6F35C6EAB1BB4671E44EBB3DB03A961426  --preserve-metadata=identifier,entitlements '/Users/runner/Library/Developer/Xcode/DerivedData/Document_Scan-gpyzovawczbcogekrckiypzonffc/Build/Intermediates.noindex/ArchiveIntermediates/Document_Scan/InstallationBuildProductsLocation/Applications/Document_Scan.app/Frameworks/SmartdigimktSDK.framework'
rsync --delete -av --filter P .*.?????? --links --filter "- CVS/" --filter "- .svn/" --filter "- .git/" --filter "- .hg/" --filter "- Headers" --filter "- PrivateHeaders" --filter "- Modules" "/Users/runner/Library/Developer/Xcode/DerivedData/Document_Scan-gpyzovawczbcogekrckiypzonffc/Build/Intermediates.noindex/ArchiveIntermediates/Document_Scan/BuildProductsPath/Release-iphoneos/XCFrameworkIntermediates/TPNiOS/TPNSDK/AnyThinkSDK.framework" "/Users/runner/Library/Developer/Xcode/DerivedData/Document_Scan-gpyzovawczbcogekrckiypzonffc/Build/Intermediates.noindex/ArchiveIntermediates/Document_Scan/InstallationBuildProductsLocation/Applications/Document_Scan.app/Frameworks"
Transfer starting: 4 files
AnyThinkSDK.framework/
AnyThinkSDK.framework/AnyThinkSDK
AnyThinkSDK.framework/Info.plist
AnyThinkSDK.framework/PrivacyInfo.xcprivacy

sent 3529242 bytes  received 92 bytes  146445394 bytes/sec
total size is 3528284  speedup is 1.00
Code Signing /Users/runner/Library/Developer/Xcode/DerivedData/Document_Scan-gpyzovawczbcogekrckiypzonffc/Build/Intermediates.noindex/ArchiveIntermediates/Document_Scan/InstallationBuildProductsLocation/Applications/Document_Scan.app/Frameworks/AnyThinkSDK.framework with Identity Apple Distribution: yingying wang (LLNYYVQJ8C)
/usr/bin/codesign --force --sign 279E2C6F35C6EAB1BB4671E44EBB3DB03A961426  --preserve-metadata=identifier,entitlements '/Users/runner/Library/Developer/Xcode/DerivedData/Document_Scan-gpyzovawczbcogekrckiypzonffc/Build/Intermediates.noindex/ArchiveIntermediates/Document_Scan/InstallationBuildProductsLocation/Applications/Document_Scan.app/Frameworks/AnyThinkSDK.framework'

GenerateDSYMFile /Users/runner/Library/Developer/Xcode/DerivedData/Document_Scan-gpyzovawczbcogekrckiypzonffc/Build/Intermediates.noindex/ArchiveIntermediates/Document_Scan/BuildProductsPath/Release-iphoneos/Document_Scan.app.dSYM /Users/runner/Library/Developer/Xcode/DerivedData/Document_Scan-gpyzovawczbcogekrckiypzonffc/Build/Intermediates.noindex/ArchiveIntermediates/Document_Scan/InstallationBuildProductsLocation/Applications/Document_Scan.app/Document_Scan (in target 'Document_Scan' from project 'Document_Scan')
    cd /Users/runner/work/Document_Scan/Document_Scan
    /Applications/Xcode_16.4.app/Contents/Developer/Toolchains/XcodeDefault.xctoolchain/usr/bin/dsymutil /Users/runner/Library/Developer/Xcode/DerivedData/Document_Scan-gpyzovawczbcogekrckiypzonffc/Build/Intermediates.noindex/ArchiveIntermediates/Document_Scan/InstallationBuildProductsLocation/Applications/Document_Scan.app/Document_Scan -o /Users/runner/Library/Developer/Xcode/DerivedData/Document_Scan-gpyzovawczbcogekrckiypzonffc/Build/Intermediates.noindex/ArchiveIntermediates/Document_Scan/BuildProductsPath/Release-iphoneos/Document_Scan.app.dSYM
warning: /Users/developertopon/Code/TopOn_SDK_Release/iOS/topon_sdk_ios_newcore/topon_ios_sdk_newcore/AnyThink/AnyThinkAdapter/AnyThinkFacebookAdapter/DerivedData/Build/Intermediates.noindex/ExplicitPrecompiledModules/AnyThinkSDK-CG6XWP7FMD9FUPPLYZWWMUM3M.pcm: No such file or directory
note: while processing /Users/developertopon/Code/TopOn_SDK_Release/iOS/topon_sdk_ios_newcore/topon_ios_sdk_newcore/AnyThink/AnyThinkAdapter/AnyThinkFacebookAdapter/DerivedData/Build/Intermediates.noindex/ExplicitPrecompiledModules/AnyThinkSDK-CG6XWP7FMD9FUPPLYZWWMUM3M.pcm
note: Linking a static library that was built with -gmodules, but the module cache was not found.  Redistributable static libraries should never be built with module debugging enabled.  The debug experience will be degraded due to incomplete debug information.
warning: /Users/developertopon/Code/TopOn_SDK_Release/iOS/topon_sdk_ios_newcore/topon_ios_sdk_newcore/AnyThink/AnyThinkAdapter/AnyThinkFacebookAdapter/DerivedData/Build/Intermediates.noindex/ExplicitPrecompiledModules/FBAudienceNetwork-ESSCC1WKJU4FO2TSXRSMHQNVL.pcm: No such file or directory
note: while processing /Users/developertopon/Code/TopOn_SDK_Release/iOS/topon_sdk_ios_newcore/topon_ios_sdk_newcore/AnyThink/AnyThinkAdapter/AnyThinkFacebookAdapter/DerivedData/Build/Intermediates.noindex/ExplicitPrecompiledModules/FBAudienceNetwork-ESSCC1WKJU4FO2TSXRSMHQNVL.pcm
warning: /Users/developertopon/Code/TopOn_SDK_Release/iOS/topon_sdk_ios_newcore/topon_ios_sdk_newcore/AnyThink/AnyThinkAdapter/AnyThinkFacebookAdapter/DerivedData/Build/Intermediates.noindex/ExplicitPrecompiledModules/Foundation-AL1MJ1UXI3MW1OTK6ZI2T6TKD.pcm: No such file or directory
note: while processing /Users/developertopon/Code/TopOn_SDK_Release/iOS/topon_sdk_ios_newcore/topon_ios_sdk_newcore/AnyThink/AnyThinkAdapter/AnyThinkFacebookAdapter/DerivedData/Build/Intermediates.noindex/ExplicitPrecompiledModules/Foundation-AL1MJ1UXI3MW1OTK6ZI2T6TKD.pcm
warning: /Users/developertopon/Code/TopOn_SDK_Release/iOS/topon_sdk_ios_newcore/topon_ios_sdk_newcore/AnyThink/AnyThinkAdapter/AnyThinkFacebookAdapter/DerivedData/Build/Intermediates.noindex/ExplicitPrecompiledModules/ObjectiveC-18A5PWCJ6CDW1KLA93IWMTUJE.pcm: No such file or directory
note: while processing /Users/developertopon/Code/TopOn_SDK_Release/iOS/topon_sdk_ios_newcore/topon_ios_sdk_newcore/AnyThink/AnyThinkAdapter/AnyThinkFacebookAdapter/DerivedData/Build/Intermediates.noindex/ExplicitPrecompiledModules/ObjectiveC-18A5PWCJ6CDW1KLA93IWMTUJE.pcm
warning: /Users/developertopon/Code/TopOn_SDK_Release/iOS/topon_sdk_ios_newcore/topon_ios_sdk_newcore/AnyThink/AnyThinkAdapter/AnyThinkFacebookAdapter/DerivedData/Build/Intermediates.noindex/ExplicitPrecompiledModules/Dispatch-6P8AKEZ7A2SUNW0J47DTOG1G0.pcm: No such file or directory
note: while processing /Users/developertopon/Code/TopOn_SDK_Release/iOS/topon_sdk_ios_newcore/topon_ios_sdk_newcore/AnyThink/AnyThinkAdapter/AnyThinkFacebookAdapter/DerivedData/Build/Intermediates.noindex/ExplicitPrecompiledModules/Dispatch-6P8AKEZ7A2SUNW0J47DTOG1G0.pcm
warning: /Users/developertopon/Code/TopOn_SDK_Release/iOS/topon_sdk_ios_newcore/topon_ios_sdk_newcore/AnyThink/AnyThinkAdapter/AnyThinkFacebookAdapter/DerivedData/Build/Intermediates.noindex/ExplicitPrecompiledModules/CoreFoundation-9IMQH720EHY9G7DX7K1CQRNUD.pcm: No such file or directory
note: while processing /Users/developertopon/Code/TopOn_SDK_Release/iOS/topon_sdk_ios_newcore/topon_ios_sdk_newcore/AnyThink/AnyThinkAdapter/AnyThinkFacebookAdapter/DerivedData/Build/Intermediates.noindex/ExplicitPrecompiledModules/CoreFoundation-9IMQH720EHY9G7DX7K1CQRNUD.pcm
warning: /Users/developertopon/Code/TopOn_SDK_Release/iOS/topon_sdk_ios_newcore/topon_ios_sdk_newcore/AnyThink/AnyThinkAdapter/AnyThinkFacebookAdapter/DerivedData/Build/Intermediates.noindex/ExplicitPrecompiledModules/CoreGraphics-DH3KOIMXIT5PHUCD0706VI8UP.pcm: No such file or directory
note: while processing /Users/developertopon/Code/TopOn_SDK_Release/iOS/topon_sdk_ios_newcore/topon_ios_sdk_newcore/AnyThink/AnyThinkAdapter/AnyThinkFacebookAdapter/DerivedData/Build/Intermediates.noindex/ExplicitPrecompiledModules/CoreGraphics-DH3KOIMXIT5PHUCD0706VI8UP.pcm
warning: /Users/developertopon/Code/TopOn_SDK_Release/iOS/topon_sdk_ios_newcore/topon_ios_sdk_newcore/AnyThink/AnyThinkAdapter/AnyThinkFacebookAdapter/DerivedData/Build/Intermediates.noindex/ExplicitPrecompiledModules/UIKit-AXQ85WIOIA97RIWYQA84BL0UA.pcm: No such file or directory
note: while processing /Users/developertopon/Code/TopOn_SDK_Release/iOS/topon_sdk_ios_newcore/topon_ios_sdk_newcore/AnyThink/AnyThinkAdapter/AnyThinkFacebookAdapter/DerivedData/Build/Intermediates.noindex/ExplicitPrecompiledModules/UIKit-AXQ85WIOIA97RIWYQA84BL0UA.pcm
warning: /Users/developertopon/Code/TopOn_SDK_Release/iOS/topon_sdk_ios_newcore/topon_ios_sdk_newcore/AnyThink/AnyThinkAdapter/AnyThinkInmobiAdapter/DerivedData/Build/Intermediates.noindex/ExplicitPrecompiledModules/AnyThinkSDK-C7ED4VT3PR96KI0L8T1WD4LAR.pcm: No such file or directory
note: while processing /Users/developertopon/Code/TopOn_SDK_Release/iOS/topon_sdk_ios_newcore/topon_ios_sdk_newcore/AnyThink/AnyThinkAdapter/AnyThinkInmobiAdapter/DerivedData/Build/Intermediates.noindex/ExplicitPrecompiledModules/AnyThinkSDK-C7ED4VT3PR96KI0L8T1WD4LAR.pcm
warning: /Users/developertopon/Code/TopOn_SDK_Release/iOS/topon_sdk_ios_newcore/topon_ios_sdk_newcore/AnyThink/AnyThinkAdapter/AnyThinkInmobiAdapter/DerivedData/Build/Intermediates.noindex/ExplicitPrecompiledModules/Foundation-14KCXO88Q9FW9OSPLCJX2YHAU.pcm: No such file or directory
note: while processing /Users/developertopon/Code/TopOn_SDK_Release/iOS/topon_sdk_ios_newcore/topon_ios_sdk_newcore/AnyThink/AnyThinkAdapter/AnyThinkInmobiAdapter/DerivedData/Build/Intermediates.noindex/ExplicitPrecompiledModules/Foundation-14KCXO88Q9FW9OSPLCJX2YHAU.pcm
warning: /Users/developertopon/Code/TopOn_SDK_Release/iOS/topon_sdk_ios_newcore/topon_ios_sdk_newcore/AnyThink/AnyThinkAdapter/AnyThinkInmobiAdapter/DerivedData/Build/Intermediates.noindex/ExplicitPrecompiledModules/InMobiSDK-7J0QIU4A276JK3NM4IMISY27I.pcm: No such file or directory
note: while processing /Users/developertopon/Code/TopOn_SDK_Release/iOS/topon_sdk_ios_newcore/topon_ios_sdk_newcore/AnyThink/AnyThinkAdapter/AnyThinkInmobiAdapter/DerivedData/Build/Intermediates.noindex/ExplicitPrecompiledModules/InMobiSDK-7J0QIU4A276JK3NM4IMISY27I.pcm
warning: /Users/developertopon/Code/TopOn_SDK_Release/iOS/topon_sdk_ios_newcore/topon_ios_sdk_newcore/AnyThink/AnyThinkAdapter/AnyThinkInmobiAdapter/DerivedData/Build/Intermediates.noindex/ExplicitPrecompiledModules/ObjectiveC-77GGASF589PCEO01ZJTOJ5K52.pcm: No such file or directory
note: while processing /Users/developertopon/Code/TopOn_SDK_Release/iOS/topon_sdk_ios_newcore/topon_ios_sdk_newcore/AnyThink/AnyThinkAdapter/AnyThinkInmobiAdapter/DerivedData/Build/Intermediates.noindex/ExplicitPrecompiledModules/ObjectiveC-77GGASF589PCEO01ZJTOJ5K52.pcm
warning: /Users/developertopon/Code/TopOn_SDK_Release/iOS/topon_sdk_ios_newcore/topon_ios_sdk_newcore/AnyThink/AnyThinkAdapter/AnyThinkInmobiAdapter/DerivedData/Build/Intermediates.noindex/ExplicitPrecompiledModules/Dispatch-6DNVP0I22VXEOK9UK21THQ5T7.pcm: No such file or directory
note: while processing /Users/developertopon/Code/TopOn_SDK_Release/iOS/topon_sdk_ios_newcore/topon_ios_sdk_newcore/AnyThink/AnyThinkAdapter/AnyThinkInmobiAdapter/DerivedData/Build/Intermediates.noindex/ExplicitPrecompiledModules/Dispatch-6DNVP0I22VXEOK9UK21THQ5T7.pcm
warning: /Users/developertopon/Code/TopOn_SDK_Release/iOS/topon_sdk_ios_newcore/topon_ios_sdk_newcore/AnyThink/AnyThinkAdapter/AnyThinkInmobiAdapter/DerivedData/Build/Intermediates.noindex/ExplicitPrecompiledModules/CoreFoundation-478ZROVOZXGS81G7A100DHTNF.pcm: No such file or directory
note: while processing /Users/developertopon/Code/TopOn_SDK_Release/iOS/topon_sdk_ios_newcore/topon_ios_sdk_newcore/AnyThink/AnyThinkAdapter/AnyThinkInmobiAdapter/DerivedData/Build/Intermediates.noindex/ExplicitPrecompiledModules/CoreFoundation-478ZROVOZXGS81G7A100DHTNF.pcm
warning: /Users/developertopon/Code/TopOn_SDK_Release/iOS/topon_sdk_ios_newcore/topon_ios_sdk_newcore/AnyThink/AnyThinkAdapter/AnyThinkInmobiAdapter/DerivedData/Build/Intermediates.noindex/ExplicitPrecompiledModules/CoreGraphics-607BLL5P4IF2QHGYQOSFNJR9Q.pcm: No such file or directory
note: while processing /Users/developertopon/Code/TopOn_SDK_Release/iOS/topon_sdk_ios_newcore/topon_ios_sdk_newcore/AnyThink/AnyThinkAdapter/AnyThinkInmobiAdapter/DerivedData/Build/Intermediates.noindex/ExplicitPrecompiledModules/CoreGraphics-607BLL5P4IF2QHGYQOSFNJR9Q.pcm
warning: /Users/developertopon/Code/TopOn_SDK_Release/iOS/topon_sdk_ios_newcore/topon_ios_sdk_newcore/AnyThink/AnyThinkAdapter/AnyThinkInmobiAdapter/DerivedData/Build/Intermediates.noindex/ExplicitPrecompiledModules/UIKit-DTULHVVU89RC5NLKFMS0K9V4J.pcm: No such file or directory
note: while processing /Users/developertopon/Code/TopOn_SDK_Release/iOS/topon_sdk_ios_newcore/topon_ios_sdk_newcore/AnyThink/AnyThinkAdapter/AnyThinkInmobiAdapter/DerivedData/Build/Intermediates.noindex/ExplicitPrecompiledModules/UIKit-DTULHVVU89RC5NLKFMS0K9V4J.pcm
warning: /Users/developertopon/Code/TopOn_SDK_Release/iOS/topon_sdk_ios_newcore/topon_ios_sdk_newcore/AnyThink/AnyThinkAdapter/AnyThinkMintegralAdapter/DerivedData/Build/Intermediates.noindex/ExplicitPrecompiledModules/AnyThinkSDK-AVOFJO5K4EGLLZ2XJX4YITT5L.pcm: No such file or directory
note: while processing /Users/developertopon/Code/TopOn_SDK_Release/iOS/topon_sdk_ios_newcore/topon_ios_sdk_newcore/AnyThink/AnyThinkAdapter/AnyThinkMintegralAdapter/DerivedData/Build/Intermediates.noindex/ExplicitPrecompiledModules/AnyThinkSDK-AVOFJO5K4EGLLZ2XJX4YITT5L.pcm
warning: /Users/developertopon/Code/TopOn_SDK_Release/iOS/topon_sdk_ios_newcore/topon_ios_sdk_newcore/AnyThink/AnyThinkAdapter/AnyThinkMintegralAdapter/DerivedData/Build/Intermediates.noindex/ExplicitPrecompiledModules/Foundation-EZIIHKSWFAABFBIL9S3MA4QCI.pcm: No such file or directory
note: while processing /Users/developertopon/Code/TopOn_SDK_Release/iOS/topon_sdk_ios_newcore/topon_ios_sdk_newcore/AnyThink/AnyThinkAdapter/AnyThinkMintegralAdapter/DerivedData/Build/Intermediates.noindex/ExplicitPrecompiledModules/Foundation-EZIIHKSWFAABFBIL9S3MA4QCI.pcm
warning: /Users/developertopon/Code/TopOn_SDK_Release/iOS/topon_sdk_ios_newcore/topon_ios_sdk_newcore/AnyThink/AnyThinkAdapter/AnyThinkMintegralAdapter/DerivedData/Build/Intermediates.noindex/ExplicitPrecompiledModules/MTGSDKBanner-6XWLQEM64DSFNTG75CR9UMAPC.pcm: No such file or directory
note: while processing /Users/developertopon/Code/TopOn_SDK_Release/iOS/topon_sdk_ios_newcore/topon_ios_sdk_newcore/AnyThink/AnyThinkAdapter/AnyThinkMintegralAdapter/DerivedData/Build/Intermediates.noindex/ExplicitPrecompiledModules/MTGSDKBanner-6XWLQEM64DSFNTG75CR9UMAPC.pcm
warning: /Users/developertopon/Code/TopOn_SDK_Release/iOS/topon_sdk_ios_newcore/topon_ios_sdk_newcore/AnyThink/AnyThinkAdapter/AnyThinkMintegralAdapter/DerivedData/Build/Intermediates.noindex/ExplicitPrecompiledModules/MTGSDKBidding-64KXT8R56JIFI8DY046VRB561.pcm: No such file or directory
note: while processing /Users/developertopon/Code/TopOn_SDK_Release/iOS/topon_sdk_ios_newcore/topon_ios_sdk_newcore/AnyThink/AnyThinkAdapter/AnyThinkMintegralAdapter/DerivedData/Build/Intermediates.noindex/ExplicitPrecompiledModules/MTGSDKBidding-64KXT8R56JIFI8DY046VRB561.pcm
warning: /Users/developertopon/Code/TopOn_SDK_Release/iOS/topon_sdk_ios_newcore/topon_ios_sdk_newcore/AnyThink/AnyThinkAdapter/AnyThinkMintegralAdapter/DerivedData/Build/Intermediates.noindex/ExplicitPrecompiledModules/MTGSDK-BIM86K22JR1XP20XTC3V61OH2.pcm: No such file or directory
note: while processing /Users/developertopon/Code/TopOn_SDK_Release/iOS/topon_sdk_ios_newcore/topon_ios_sdk_newcore/AnyThink/AnyThinkAdapter/AnyThinkMintegralAdapter/DerivedData/Build/Intermediates.noindex/ExplicitPrecompiledModules/MTGSDK-BIM86K22JR1XP20XTC3V61OH2.pcm
warning: /Users/developertopon/Code/TopOn_SDK_Release/iOS/topon_sdk_ios_newcore/topon_ios_sdk_newcore/AnyThink/AnyThinkAdapter/AnyThinkMintegralAdapter/DerivedData/Build/Intermediates.noindex/ExplicitPrecompiledModules/ObjectiveC-80XGAIM0WNLUWENDZ2VR6DX6W.pcm: No such file or directory
note: while processing /Users/developertopon/Code/TopOn_SDK_Release/iOS/topon_sdk_ios_newcore/topon_ios_sdk_newcore/AnyThink/AnyThinkAdapter/AnyThinkMintegralAdapter/DerivedData/Build/Intermediates.noindex/ExplicitPrecompiledModules/ObjectiveC-80XGAIM0WNLUWENDZ2VR6DX6W.pcm
warning: /Users/developertopon/Code/TopOn_SDK_Release/iOS/topon_sdk_ios_newcore/topon_ios_sdk_newcore/AnyThink/AnyThinkAdapter/AnyThinkMintegralAdapter/DerivedData/Build/Intermediates.noindex/ExplicitPrecompiledModules/UIKit-8LMVM6HCP9R549AF08VX1XQE7.pcm: No such file or directory
note: while processing /Users/developertopon/Code/TopOn_SDK_Release/iOS/topon_sdk_ios_newcore/topon_ios_sdk_newcore/AnyThink/AnyThinkAdapter/AnyThinkMintegralAdapter/DerivedData/Build/Intermediates.noindex/ExplicitPrecompiledModules/UIKit-8LMVM6HCP9R549AF08VX1XQE7.pcm
warning: /Users/developertopon/Code/TopOn_SDK_Release/iOS/topon_sdk_ios_newcore/topon_ios_sdk_newcore/AnyThink/AnyThinkAdapter/AnyThinkMintegralAdapter/DerivedData/Build/Intermediates.noindex/ExplicitPrecompiledModules/CoreFoundation-4GGO91Y45BHK5JRNB1T60EKDC.pcm: No such file or directory
note: while processing /Users/developertopon/Code/TopOn_SDK_Release/iOS/topon_sdk_ios_newcore/topon_ios_sdk_newcore/AnyThink/AnyThinkAdapter/AnyThinkMintegralAdapter/DerivedData/Build/Intermediates.noindex/ExplicitPrecompiledModules/CoreFoundation-4GGO91Y45BHK5JRNB1T60EKDC.pcm
warning: /Users/developertopon/Code/TopOn_SDK_Release/iOS/topon_sdk_ios_newcore/topon_ios_sdk_newcore/AnyThink/AnyThinkAdapter/AnyThinkMintegralAdapter/DerivedData/Build/Intermediates.noindex/ExplicitPrecompiledModules/Dispatch-6N3RR99NLUKNNDWGPY8WYH9G3.pcm: No such file or directory
note: while processing /Users/developertopon/Code/TopOn_SDK_Release/iOS/topon_sdk_ios_newcore/topon_ios_sdk_newcore/AnyThink/AnyThinkAdapter/AnyThinkMintegralAdapter/DerivedData/Build/Intermediates.noindex/ExplicitPrecompiledModules/Dispatch-6N3RR99NLUKNNDWGPY8WYH9G3.pcm
warning: /Users/developertopon/Code/TopOn_SDK_Release/iOS/topon_sdk_ios_newcore/topon_ios_sdk_newcore/AnyThink/AnyThinkAdapter/AnyThinkMintegralAdapter/DerivedData/Build/Intermediates.noindex/ExplicitPrecompiledModules/CoreGraphics-7M9HFFCCPJCLCW638GOGAL4V9.pcm: No such file or directory
note: while processing /Users/developertopon/Code/TopOn_SDK_Release/iOS/topon_sdk_ios_newcore/topon_ios_sdk_newcore/AnyThink/AnyThinkAdapter/AnyThinkMintegralAdapter/DerivedData/Build/Intermediates.noindex/ExplicitPrecompiledModules/CoreGraphics-7M9HFFCCPJCLCW638GOGAL4V9.pcm
warning: /Users/developertopon/Code/TopOn_SDK_Release/iOS/topon_sdk_ios_newcore/topon_ios_sdk_newcore/AnyThink/AnyThinkAdapter/AnyThinkMintegralAdapter/DerivedData/Build/Intermediates.noindex/ExplicitPrecompiledModules/MTGSDKNewInterstitial-69CRBQE217X8ATN9UX1LGRF7D.pcm: No such file or directory
note: while processing /Users/developertopon/Code/TopOn_SDK_Release/iOS/topon_sdk_ios_newcore/topon_ios_sdk_newcore/AnyThink/AnyThinkAdapter/AnyThinkMintegralAdapter/DerivedData/Build/Intermediates.noindex/ExplicitPrecompiledModules/MTGSDKNewInterstitial-69CRBQE217X8ATN9UX1LGRF7D.pcm
warning: /Users/developertopon/Code/TopOn_SDK_Release/iOS/topon_sdk_ios_newcore/topon_ios_sdk_newcore/AnyThink/AnyThinkAdapter/AnyThinkMintegralAdapter/DerivedData/Build/Intermediates.noindex/ExplicitPrecompiledModules/MTGSDKInterstitialVideo-2BNIP0FTGIEQ6CY0BK6722016.pcm: No such file or directory
note: while processing /Users/developertopon/Code/TopOn_SDK_Release/iOS/topon_sdk_ios_newcore/topon_ios_sdk_newcore/AnyThink/AnyThinkAdapter/AnyThinkMintegralAdapter/DerivedData/Build/Intermediates.noindex/ExplicitPrecompiledModules/MTGSDKInterstitialVideo-2BNIP0FTGIEQ6CY0BK6722016.pcm
warning: /Users/developertopon/Code/TopOn_SDK_Release/iOS/topon_sdk_ios_newcore/topon_ios_sdk_newcore/AnyThink/AnyThinkAdapter/AnyThinkMintegralAdapter/DerivedData/Build/Intermediates.noindex/ExplicitPrecompiledModules/MTGSDKNativeAdvanced-5CYZBG1YE67PFNZWO29E1LMHM.pcm: No such file or directory
note: while processing /Users/developertopon/Code/TopOn_SDK_Release/iOS/topon_sdk_ios_newcore/topon_ios_sdk_newcore/AnyThink/AnyThinkAdapter/AnyThinkMintegralAdapter/DerivedData/Build/Intermediates.noindex/ExplicitPrecompiledModules/MTGSDKNativeAdvanced-5CYZBG1YE67PFNZWO29E1LMHM.pcm
warning: /Users/developertopon/Code/TopOn_SDK_Release/iOS/topon_sdk_ios_newcore/topon_ios_sdk_newcore/AnyThink/AnyThinkAdapter/AnyThinkMintegralAdapter/DerivedData/Build/Intermediates.noindex/ExplicitPrecompiledModules/MTGSDKReward-134KWM33VKA4QXGKC3J6MYK0I.pcm: No such file or directory
note: while processing /Users/developertopon/Code/TopOn_SDK_Release/iOS/topon_sdk_ios_newcore/topon_ios_sdk_newcore/AnyThink/AnyThinkAdapter/AnyThinkMintegralAdapter/DerivedData/Build/Intermediates.noindex/ExplicitPrecompiledModules/MTGSDKReward-134KWM33VKA4QXGKC3J6MYK0I.pcm
warning: /Users/developertopon/Code/TopOn_SDK_Release/iOS/topon_sdk_ios_newcore/topon_ios_sdk_newcore/AnyThink/AnyThinkAdapter/AnyThinkMintegralAdapter/DerivedData/Build/Intermediates.noindex/ExplicitPrecompiledModules/MTGSDKSplash-2C1TH4Q5YQ6HH7QWFX1QZL2GQ.pcm: No such file or directory
note: while processing /Users/developertopon/Code/TopOn_SDK_Release/iOS/topon_sdk_ios_newcore/topon_ios_sdk_newcore/AnyThink/AnyThinkAdapter/AnyThinkMintegralAdapter/DerivedData/Build/Intermediates.noindex/ExplicitPrecompiledModules/MTGSDKSplash-2C1TH4Q5YQ6HH7QWFX1QZL2GQ.pcm
warning: /Users/developertopon/Code/TopOn_SDK_Release/iOS/topon_sdk_ios_newcore/topon_ios_sdk_newcore/AnyThink/AnyThinkAdapter/AnyThinkPangleAdapter/DerivedData/Build/Intermediates.noindex/ExplicitPrecompiledModules/AnyThinkSDK-9POU84Y7CZ694Z0XWFCYGHDX0.pcm: No such file or directory
note: while processing /Users/developertopon/Code/TopOn_SDK_Release/iOS/topon_sdk_ios_newcore/topon_ios_sdk_newcore/AnyThink/AnyThinkAdapter/AnyThinkPangleAdapter/DerivedData/Build/Intermediates.noindex/ExplicitPrecompiledModules/AnyThinkSDK-9POU84Y7CZ694Z0XWFCYGHDX0.pcm
warning: /Users/developertopon/Code/TopOn_SDK_Release/iOS/topon_sdk_ios_newcore/topon_ios_sdk_newcore/AnyThink/AnyThinkAdapter/AnyThinkPangleAdapter/DerivedData/Build/Intermediates.noindex/ExplicitPrecompiledModules/Foundation-2X85BMLFRGPC00I59YX5AGVPH.pcm: No such file or directory
note: while processing /Users/developertopon/Code/TopOn_SDK_Release/iOS/topon_sdk_ios_newcore/topon_ios_sdk_newcore/AnyThink/AnyThinkAdapter/AnyThinkPangleAdapter/DerivedData/Build/Intermediates.noindex/ExplicitPrecompiledModules/Foundation-2X85BMLFRGPC00I59YX5AGVPH.pcm
warning: /Users/developertopon/Code/TopOn_SDK_Release/iOS/topon_sdk_ios_newcore/topon_ios_sdk_newcore/AnyThink/AnyThinkAdapter/AnyThinkPangleAdapter/DerivedData/Build/Intermediates.noindex/ExplicitPrecompiledModules/PAGAdSDK-89W6O6KPO6EVV5GN2UB9J9TA9.pcm: No such file or directory
note: while processing /Users/developertopon/Code/TopOn_SDK_Release/iOS/topon_sdk_ios_newcore/topon_ios_sdk_newcore/AnyThink/AnyThinkAdapter/AnyThinkPangleAdapter/DerivedData/Build/Intermediates.noindex/ExplicitPrecompiledModules/PAGAdSDK-89W6O6KPO6EVV5GN2UB9J9TA9.pcm
warning: /Users/developertopon/Code/TopOn_SDK_Release/iOS/topon_sdk_ios_newcore/topon_ios_sdk_newcore/AnyThink/AnyThinkAdapter/AnyThinkPangleAdapter/DerivedData/Build/Intermediates.noindex/ExplicitPrecompiledModules/ObjectiveC-7GSM2VCKJAT8AQO4HTRH45CXG.pcm: No such file or directory
note: while processing /Users/developertopon/Code/TopOn_SDK_Release/iOS/topon_sdk_ios_newcore/topon_ios_sdk_newcore/AnyThink/AnyThinkAdapter/AnyThinkPangleAdapter/DerivedData/Build/Intermediates.noindex/ExplicitPrecompiledModules/ObjectiveC-7GSM2VCKJAT8AQO4HTRH45CXG.pcm
warning: /Users/developertopon/Code/TopOn_SDK_Release/iOS/topon_sdk_ios_newcore/topon_ios_sdk_newcore/AnyThink/AnyThinkAdapter/AnyThinkPangleAdapter/DerivedData/Build/Intermediates.noindex/ExplicitPrecompiledModules/UIKit-F1W0KVD8FA5NZP9HKAPLI6UWV.pcm: No such file or directory
note: while processing /Users/developertopon/Code/TopOn_SDK_Release/iOS/topon_sdk_ios_newcore/topon_ios_sdk_newcore/AnyThink/AnyThinkAdapter/AnyThinkPangleAdapter/DerivedData/Build/Intermediates.noindex/ExplicitPrecompiledModules/UIKit-F1W0KVD8FA5NZP9HKAPLI6UWV.pcm
warning: /Users/developertopon/Code/TopOn_SDK_Release/iOS/topon_sdk_ios_newcore/topon_ios_sdk_newcore/AnyThink/AnyThinkAdapter/AnyThinkPangleAdapter/DerivedData/Build/Intermediates.noindex/ExplicitPrecompiledModules/Dispatch-9AG4DUJSLYDT8XEAENCPGCN3E.pcm: No such file or directory
note: while processing /Users/developertopon/Code/TopOn_SDK_Release/iOS/topon_sdk_ios_newcore/topon_ios_sdk_newcore/AnyThink/AnyThinkAdapter/AnyThinkPangleAdapter/DerivedData/Build/Intermediates.noindex/ExplicitPrecompiledModules/Dispatch-9AG4DUJSLYDT8XEAENCPGCN3E.pcm
warning: /Users/developertopon/Code/TopOn_SDK_Release/iOS/topon_sdk_ios_newcore/topon_ios_sdk_newcore/AnyThink/AnyThinkAdapter/AnyThinkPangleAdapter/DerivedData/Build/Intermediates.noindex/ExplicitPrecompiledModules/CoreFoundation-EVB0QWDGB8W3RJ4QRY9E23YMA.pcm: No such file or directory
note: while processing /Users/developertopon/Code/TopOn_SDK_Release/iOS/topon_sdk_ios_newcore/topon_ios_sdk_newcore/AnyThink/AnyThinkAdapter/AnyThinkPangleAdapter/DerivedData/Build/Intermediates.noindex/ExplicitPrecompiledModules/CoreFoundation-EVB0QWDGB8W3RJ4QRY9E23YMA.pcm
warning: /Users/developertopon/Code/TopOn_SDK_Release/iOS/topon_sdk_ios_newcore/topon_ios_sdk_newcore/AnyThink/AnyThinkAdapter/AnyThinkPangleAdapter/DerivedData/Build/Intermediates.noindex/ExplicitPrecompiledModules/CoreGraphics-7H0TG984N6OEDPTIUJNVOTRLH.pcm: No such file or directory
note: while processing /Users/developertopon/Code/TopOn_SDK_Release/iOS/topon_sdk_ios_newcore/topon_ios_sdk_newcore/AnyThink/AnyThinkAdapter/AnyThinkPangleAdapter/DerivedData/Build/Intermediates.noindex/ExplicitPrecompiledModules/CoreGraphics-7H0TG984N6OEDPTIUJNVOTRLH.pcm
warning: /Users/developertopon/Code/TopOn_SDK_Release/iOS/topon_sdk_ios_newcore/topon_ios_sdk_newcore/AnyThink/AnyThinkAdapter/AnyThinkPangleAdapter/DerivedData/Build/Intermediates.noindex/ExplicitPrecompiledModules/_DarwinFoundation2-17X16XHJJHLHR87BWZOX0QLMC.pcm: No such file or directory
note: while processing /Users/developertopon/Code/TopOn_SDK_Release/iOS/topon_sdk_ios_newcore/topon_ios_sdk_newcore/AnyThink/AnyThinkAdapter/AnyThinkPangleAdapter/DerivedData/Build/Intermediates.noindex/ExplicitPrecompiledModules/_DarwinFoundation2-17X16XHJJHLHR87BWZOX0QLMC.pcm
warning: /Users/developertopon/Code/TopOn_SDK_Release/iOS/topon_sdk_ios_newcore/topon_ios_sdk_newcore/AnyThink/AnyThinkAdapter/AnyThinkPangleAdapter/DerivedData/Build/Intermediates.noindex/ExplicitPrecompiledModules/_Builtin_stdarg-8XRKE7B6SWPLYIK3WS2AQRXD7.pcm: No such file or directory
note: while processing /Users/developertopon/Code/TopOn_SDK_Release/iOS/topon_sdk_ios_newcore/topon_ios_sdk_newcore/AnyThink/AnyThinkAdapter/AnyThinkPangleAdapter/DerivedData/Build/Intermediates.noindex/ExplicitPrecompiledModules/_Builtin_stdarg-8XRKE7B6SWPLYIK3WS2AQRXD7.pcm
warning: /Users/developertopon/Code/TopOn_SDK_Release/iOS/topon_sdk_ios_newcore/topon_ios_sdk_newcore/AnyThink/AnyThinkAdapter/AnyThinkSmartdigimktAdapter/DerivedData/Build/Intermediates.noindex/ExplicitPrecompiledModules/AnyThinkSDK-552RUJCVECK66AP4DBDNVGMRG.pcm: No such file or directory
note: while processing /Users/developertopon/Code/TopOn_SDK_Release/iOS/topon_sdk_ios_newcore/topon_ios_sdk_newcore/AnyThink/AnyThinkAdapter/AnyThinkSmartdigimktAdapter/DerivedData/Build/Intermediates.noindex/ExplicitPrecompiledModules/AnyThinkSDK-552RUJCVECK66AP4DBDNVGMRG.pcm
warning: /Users/developertopon/Code/TopOn_SDK_Release/iOS/topon_sdk_ios_newcore/topon_ios_sdk_newcore/AnyThink/AnyThinkAdapter/AnyThinkSmartdigimktAdapter/DerivedData/Build/Intermediates.noindex/ExplicitPrecompiledModules/Foundation-6X1ORLMZ5KE41ZNZ0SNBU33M4.pcm: No such file or directory
note: while processing /Users/developertopon/Code/TopOn_SDK_Release/iOS/topon_sdk_ios_newcore/topon_ios_sdk_newcore/AnyThink/AnyThinkAdapter/AnyThinkSmartdigimktAdapter/DerivedData/Build/Intermediates.noindex/ExplicitPrecompiledModules/Foundation-6X1ORLMZ5KE41ZNZ0SNBU33M4.pcm
warning: /Users/developertopon/Code/TopOn_SDK_Release/iOS/topon_sdk_ios_newcore/topon_ios_sdk_newcore/AnyThink/AnyThinkAdapter/AnyThinkSmartdigimktAdapter/DerivedData/Build/Intermediates.noindex/ExplicitPrecompiledModules/ObjectiveC-79DJE8TK2XJI67A08ST2CX1R.pcm: No such file or directory
note: while processing /Users/developertopon/Code/TopOn_SDK_Release/iOS/topon_sdk_ios_newcore/topon_ios_sdk_newcore/AnyThink/AnyThinkAdapter/AnyThinkSmartdigimktAdapter/DerivedData/Build/Intermediates.noindex/ExplicitPrecompiledModules/ObjectiveC-79DJE8TK2XJI67A08ST2CX1R.pcm
warning: /Users/developertopon/Code/TopOn_SDK_Release/iOS/topon_sdk_ios_newcore/topon_ios_sdk_newcore/AnyThink/AnyThinkAdapter/AnyThinkSmartdigimktAdapter/DerivedData/Build/Intermediates.noindex/ExplicitPrecompiledModules/Dispatch-AMZEYFAIQI10Q245OXKQK0PNF.pcm: No such file or directory
note: while processing /Users/developertopon/Code/TopOn_SDK_Release/iOS/topon_sdk_ios_newcore/topon_ios_sdk_newcore/AnyThink/AnyThinkAdapter/AnyThinkSmartdigimktAdapter/DerivedData/Build/Intermediates.noindex/ExplicitPrecompiledModules/Dispatch-AMZEYFAIQI10Q245OXKQK0PNF.pcm
warning: /Users/developertopon/Code/TopOn_SDK_Release/iOS/topon_sdk_ios_newcore/topon_ios_sdk_newcore/AnyThink/AnyThinkAdapter/AnyThinkSmartdigimktAdapter/DerivedData/Build/Intermediates.noindex/ExplicitPrecompiledModules/SmartdigimktSDK-1TQBBP2GR0XNFV9SO0FOA3ZMD.pcm: No such file or directory
note: while processing /Users/developertopon/Code/TopOn_SDK_Release/iOS/topon_sdk_ios_newcore/topon_ios_sdk_newcore/AnyThink/AnyThinkAdapter/AnyThinkSmartdigimktAdapter/DerivedData/Build/Intermediates.noindex/ExplicitPrecompiledModules/SmartdigimktSDK-1TQBBP2GR0XNFV9SO0FOA3ZMD.pcm
warning: /Users/developertopon/Code/TopOn_SDK_Release/iOS/topon_sdk_ios_newcore/topon_ios_sdk_newcore/AnyThink/AnyThinkAdapter/AnyThinkSmartdigimktAdapter/DerivedData/Build/Intermediates.noindex/ExplicitPrecompiledModules/UIKit-1FHMLFJKIZDELET5UC43AA1H2.pcm: No such file or directory
note: while processing /Users/developertopon/Code/TopOn_SDK_Release/iOS/topon_sdk_ios_newcore/topon_ios_sdk_newcore/AnyThink/AnyThinkAdapter/AnyThinkSmartdigimktAdapter/DerivedData/Build/Intermediates.noindex/ExplicitPrecompiledModules/UIKit-1FHMLFJKIZDELET5UC43AA1H2.pcm
warning: /Users/developertopon/Code/TopOn_SDK_Release/iOS/topon_sdk_ios_newcore/topon_ios_sdk_newcore/AnyThink/AnyThinkAdapter/AnyThinkSmartdigimktAdapter/DerivedData/Build/Intermediates.noindex/ExplicitPrecompiledModules/_DarwinFoundation2-9XQALOGAU5ALR05201D3B2TD5.pcm: No such file or directory
note: while processing /Users/developertopon/Code/TopOn_SDK_Release/iOS/topon_sdk_ios_newcore/topon_ios_sdk_newcore/AnyThink/AnyThinkAdapter/AnyThinkSmartdigimktAdapter/DerivedData/Build/Intermediates.noindex/ExplicitPrecompiledModules/_DarwinFoundation2-9XQALOGAU5ALR05201D3B2TD5.pcm
warning: /Users/developertopon/Code/TopOn_SDK_Release/iOS/topon_sdk_ios_newcore/topon_ios_sdk_newcore/AnyThink/AnyThinkAdapter/AnyThinkSmartdigimktAdapter/DerivedData/Build/Intermediates.noindex/ExplicitPrecompiledModules/CoreFoundation-1D4ZMXJP8CW8CE4G17PR3WSC.pcm: No such file or directory
note: while processing /Users/developertopon/Code/TopOn_SDK_Release/iOS/topon_sdk_ios_newcore/topon_ios_sdk_newcore/AnyThink/AnyThinkAdapter/AnyThinkSmartdigimktAdapter/DerivedData/Build/Intermediates.noindex/ExplicitPrecompiledModules/CoreFoundation-1D4ZMXJP8CW8CE4G17PR3WSC.pcm
warning: /Users/developertopon/Code/TopOn_SDK_Release/iOS/topon_sdk_ios_newcore/topon_ios_sdk_newcore/AnyThink/AnyThinkAdapter/AnyThinkSmartdigimktAdapter/DerivedData/Build/Intermediates.noindex/ExplicitPrecompiledModules/CoreGraphics-EPGL1KTFQDK7CS42WZH6BAK1Q.pcm: No such file or directory
note: while processing /Users/developertopon/Code/TopOn_SDK_Release/iOS/topon_sdk_ios_newcore/topon_ios_sdk_newcore/AnyThink/AnyThinkAdapter/AnyThinkSmartdigimktAdapter/DerivedData/Build/Intermediates.noindex/ExplicitPrecompiledModules/CoreGraphics-EPGL1KTFQDK7CS42WZH6BAK1Q.pcm
warning: /var/folders/18/xp4sj8qs3g54z0ylgxj8cq4m0000gx/T/cocoapods-packager20251212-62640-6fphik/_build_derived_data/ModuleCache.noindex/2DP3H2BIJPVOA/UIKit-12TH62ZZ52C3J.pcm: No such file or directory
note: while processing /var/folders/18/xp4sj8qs3g54z0ylgxj8cq4m0000gx/T/cocoapods-packager20251212-62640-6fphik/_build_derived_data/ModuleCache.noindex/2DP3H2BIJPVOA/UIKit-12TH62ZZ52C3J.pcm
warning: /var/folders/18/xp4sj8qs3g54z0ylgxj8cq4m0000gx/T/cocoapods-packager20251212-62640-6fphik/_build_derived_data/ModuleCache.noindex/2DP3H2BIJPVOA/Foundation-35GH4ZCUPU2OM.pcm: No such file or directory
note: while processing /var/folders/18/xp4sj8qs3g54z0ylgxj8cq4m0000gx/T/cocoapods-packager20251212-62640-6fphik/_build_derived_data/ModuleCache.noindex/2DP3H2BIJPVOA/Foundation-35GH4ZCUPU2OM.pcm
warning: /var/folders/18/xp4sj8qs3g54z0ylgxj8cq4m0000gx/T/cocoapods-packager20251212-62640-6fphik/_build_derived_data/ModuleCache.noindex/2DP3H2BIJPVOA/ObjectiveC-WH2POD2MCYY9.pcm: No such file or directory
note: while processing /var/folders/18/xp4sj8qs3g54z0ylgxj8cq4m0000gx/T/cocoapods-packager20251212-62640-6fphik/_build_derived_data/ModuleCache.noindex/2DP3H2BIJPVOA/ObjectiveC-WH2POD2MCYY9.pcm
warning: /var/folders/18/xp4sj8qs3g54z0ylgxj8cq4m0000gx/T/cocoapods-packager20251212-62640-6fphik/_build_derived_data/ModuleCache.noindex/2DP3H2BIJPVOA/Darwin-1MDL0ZGUVU7GX.pcm: No such file or directory
note: while processing /var/folders/18/xp4sj8qs3g54z0ylgxj8cq4m0000gx/T/cocoapods-packager20251212-62640-6fphik/_build_derived_data/ModuleCache.noindex/2DP3H2BIJPVOA/Darwin-1MDL0ZGUVU7GX.pcm
warning: /var/folders/18/xp4sj8qs3g54z0ylgxj8cq4m0000gx/T/cocoapods-packager20251212-62640-6fphik/_build_derived_data/ModuleCache.noindex/2DP3H2BIJPVOA/Dispatch-2GLRL57E7KZ7Z.pcm: No such file or directory
note: while processing /var/folders/18/xp4sj8qs3g54z0ylgxj8cq4m0000gx/T/cocoapods-packager20251212-62640-6fphik/_build_derived_data/ModuleCache.noindex/2DP3H2BIJPVOA/Dispatch-2GLRL57E7KZ7Z.pcm
warning: /var/folders/18/xp4sj8qs3g54z0ylgxj8cq4m0000gx/T/cocoapods-packager20251212-62640-6fphik/_build_derived_data/ModuleCache.noindex/2DP3H2BIJPVOA/MachO-3V8YJ9313JKA6.pcm: No such file or directory
note: while processing /var/folders/18/xp4sj8qs3g54z0ylgxj8cq4m0000gx/T/cocoapods-packager20251212-62640-6fphik/_build_derived_data/ModuleCache.noindex/2DP3H2BIJPVOA/MachO-3V8YJ9313JKA6.pcm
warning: /var/folders/18/xp4sj8qs3g54z0ylgxj8cq4m0000gx/T/cocoapods-packager20251212-62640-6fphik/_build_derived_data/ModuleCache.noindex/2DP3H2BIJPVOA/AdSupport-TSWNOYVGJCLJ.pcm: No such file or directory
note: while processing /var/folders/18/xp4sj8qs3g54z0ylgxj8cq4m0000gx/T/cocoapods-packager20251212-62640-6fphik/_build_derived_data/ModuleCache.noindex/2DP3H2BIJPVOA/AdSupport-TSWNOYVGJCLJ.pcm
warning: /var/folders/18/xp4sj8qs3g54z0ylgxj8cq4m0000gx/T/cocoapods-packager20251212-62640-6fphik/_build_derived_data/ModuleCache.noindex/2DP3H2BIJPVOA/AppTrackingTransparency-2IMWL9DQ4HT7S.pcm: No such file or directory
note: while processing /var/folders/18/xp4sj8qs3g54z0ylgxj8cq4m0000gx/T/cocoapods-packager20251212-62640-6fphik/_build_derived_data/ModuleCache.noindex/2DP3H2BIJPVOA/AppTrackingTransparency-2IMWL9DQ4HT7S.pcm
warning: /var/folders/18/xp4sj8qs3g54z0ylgxj8cq4m0000gx/T/cocoapods-packager20251212-62640-6fphik/_build_derived_data/ModuleCache.noindex/2DP3H2BIJPVOA/WebKit-2RV8NZ4Z2SGCQ.pcm: No such file or directory
note: while processing /var/folders/18/xp4sj8qs3g54z0ylgxj8cq4m0000gx/T/cocoapods-packager20251212-62640-6fphik/_build_derived_data/ModuleCache.noindex/2DP3H2BIJPVOA/WebKit-2RV8NZ4Z2SGCQ.pcm
warning: /var/folders/18/xp4sj8qs3g54z0ylgxj8cq4m0000gx/T/cocoapods-packager20251212-62640-6fphik/_build_derived_data/ModuleCache.noindex/2DP3H2BIJPVOA/CoreFoundation-2BG8LO2HYA0VZ.pcm: No such file or directory
note: while processing /var/folders/18/xp4sj8qs3g54z0ylgxj8cq4m0000gx/T/cocoapods-packager20251212-62640-6fphik/_build_derived_data/ModuleCache.noindex/2DP3H2BIJPVOA/CoreFoundation-2BG8LO2HYA0VZ.pcm
warning: /var/folders/18/xp4sj8qs3g54z0ylgxj8cq4m0000gx/T/cocoapods-packager20251212-62640-6fphik/_build_derived_data/ModuleCache.noindex/2DP3H2BIJPVOA/zlib-1MDL0ZGUVU7GX.pcm: No such file or directory
note: while processing /var/folders/18/xp4sj8qs3g54z0ylgxj8cq4m0000gx/T/cocoapods-packager20251212-62640-6fphik/_build_derived_data/ModuleCache.noindex/2DP3H2BIJPVOA/zlib-1MDL0ZGUVU7GX.pcm
warning: /var/folders/18/xp4sj8qs3g54z0ylgxj8cq4m0000gx/T/cocoapods-packager20251212-62640-6fphik/_build_derived_data/ModuleCache.noindex/2DP3H2BIJPVOA/CommonCrypto-3KKSK75CJQ4O5.pcm: No such file or directory
note: while processing /var/folders/18/xp4sj8qs3g54z0ylgxj8cq4m0000gx/T/cocoapods-packager20251212-62640-6fphik/_build_derived_data/ModuleCache.noindex/2DP3H2BIJPVOA/CommonCrypto-3KKSK75CJQ4O5.pcm
warning: /var/folders/18/xp4sj8qs3g54z0ylgxj8cq4m0000gx/T/cocoapods-packager20251212-62640-6fphik/_build_derived_data/ModuleCache.noindex/2DP3H2BIJPVOA/SQLite3-1MDL0ZGUVU7GX.pcm: No such file or directory
note: while processing /var/folders/18/xp4sj8qs3g54z0ylgxj8cq4m0000gx/T/cocoapods-packager20251212-62640-6fphik/_build_derived_data/ModuleCache.noindex/2DP3H2BIJPVOA/SQLite3-1MDL0ZGUVU7GX.pcm
warning: /var/folders/18/xp4sj8qs3g54z0ylgxj8cq4m0000gx/T/cocoapods-packager20251212-62640-6fphik/_build_derived_data/ModuleCache.noindex/2DP3H2BIJPVOA/CoreGraphics-DXVCAJVT5QEM.pcm: No such file or directory
note: while processing /var/folders/18/xp4sj8qs3g54z0ylgxj8cq4m0000gx/T/cocoapods-packager20251212-62640-6fphik/_build_derived_data/ModuleCache.noindex/2DP3H2BIJPVOA/CoreGraphics-DXVCAJVT5QEM.pcm
warning: /var/folders/18/xp4sj8qs3g54z0ylgxj8cq4m0000gx/T/cocoapods-packager20251212-62640-6fphik/_build_derived_data/ModuleCache.noindex/2DP3H2BIJPVOA/AVFoundation-3QAB4QOW7NAJ.pcm: No such file or directory
note: while processing /var/folders/18/xp4sj8qs3g54z0ylgxj8cq4m0000gx/T/cocoapods-packager20251212-62640-6fphik/_build_derived_data/ModuleCache.noindex/2DP3H2BIJPVOA/AVFoundation-3QAB4QOW7NAJ.pcm
warning: /var/folders/18/xp4sj8qs3g54z0ylgxj8cq4m0000gx/T/cocoapods-packager20251212-62640-6fphik/_build_derived_data/ModuleCache.noindex/2DP3H2BIJPVOA/StoreKit-3ECBR2W3MFXJK.pcm: No such file or directory
note: while processing /var/folders/18/xp4sj8qs3g54z0ylgxj8cq4m0000gx/T/cocoapods-packager20251212-62640-6fphik/_build_derived_data/ModuleCache.noindex/2DP3H2BIJPVOA/StoreKit-3ECBR2W3MFXJK.pcm

PhaseScriptExecution [CP]\ Copy\ Pods\ Resources /Users/runner/Library/Developer/Xcode/DerivedData/Document_Scan-gpyzovawczbcogekrckiypzonffc/Build/Intermediates.noindex/ArchiveIntermediates/Document_Scan/IntermediateBuildFilesPath/Document_Scan.build/Release-iphoneos/Document_Scan.build/Script-A3751E4E8EF740E00F39BA3A.sh (in target 'Document_Scan' from project 'Document_Scan')
    cd /Users/runner/work/Document_Scan/Document_Scan
    /bin/sh -c /Users/runner/Library/Developer/Xcode/DerivedData/Document_Scan-gpyzovawczbcogekrckiypzonffc/Build/Intermediates.noindex/ArchiveIntermediates/Document_Scan/IntermediateBuildFilesPath/Document_Scan.build/Release-iphoneos/Document_Scan.build/Script-A3751E4E8EF740E00F39BA3A.sh
/Users/runner/work/Document_Scan/Document_Scan/Pods/Ads-Global/SDK/PAGAdSDK.bundle
/Users/runner/Library/Developer/Xcode/DerivedData/Document_Scan-gpyzovawczbcogekrckiypzonffc/Build/Intermediates.noindex/ArchiveIntermediates/Document_Scan/BuildProductsPath/Release-iphoneos/Ads-Global/AdsGlobalSDK.bundle
/Users/runner/Library/Developer/Xcode/DerivedData/Document_Scan-gpyzovawczbcogekrckiypzonffc/Build/Intermediates.noindex/ArchiveIntermediates/Document_Scan/BuildProductsPath/Release-iphoneos/Ads-Global/TikTokBusinessSDK.bundle
/Users/runner/Library/Developer/Xcode/DerivedData/Document_Scan-gpyzovawczbcogekrckiypzonffc/Build/Intermediates.noindex/ArchiveIntermediates/Document_Scan/BuildProductsPath/Release-iphoneos/FBAudienceNetwork/FBAudienceNetwork.bundle
/Users/runner/Library/Developer/Xcode/DerivedData/Document_Scan-gpyzovawczbcogekrckiypzonffc/Build/Intermediates.noindex/ArchiveIntermediates/Document_Scan/BuildProductsPath/Release-iphoneos/MintegralAdSDK/MTGSDK.bundle
/Users/runner/work/Document_Scan/Document_Scan/Pods/SmartdigimktSDK/SmartDigimktSDK/SmartdigimktSDK.bundle
/Users/runner/work/Document_Scan/Document_Scan/Pods/TPNiOS/core/AnyThinkSDK.bundle
Transfer starting: 183 files
AdsGlobalSDK.bundle/
AdsGlobalSDK.bundle/Info.plist
AdsGlobalSDK.bundle/PrivacyInfo.xcprivacy
AnyThinkSDK.bundle/
AnyThinkSDK.bundle/RedPacket.png
AnyThinkSDK.bundle/arrow_one.png
AnyThinkSDK.bundle/arrow_three.png
AnyThinkSDK.bundle/arrow_two.png
AnyThinkSDK.bundle/at_arrow_direction@3x.png
AnyThinkSDK.bundle/at_bg_rectangle@3x.png
AnyThinkSDK.bundle/at_bwh_spread@3x.png
AnyThinkSDK.bundle/at_chop_close@3x.png
AnyThinkSDK.bundle/at_chop_sword_cn@3x.png
AnyThinkSDK.bundle/at_chop_sword_us@3x.png
AnyThinkSDK.bundle/at_ctaMask.png
AnyThinkSDK.bundle/at_hand_new@3x.png
AnyThinkSDK.bundle/at_loading_ctr@3x.png
AnyThinkSDK.bundle/at_luckybag_arrow@3x.png
AnyThinkSDK.bundle/at_luckybag_outline@3x.png
AnyThinkSDK.bundle/at_luckybag_spread@3x.png
AnyThinkSDK.bundle/at_mintegral_logo@3x.png
AnyThinkSDK.bundle/at_mt_logo@3x.png
AnyThinkSDK.bundle/at_native_banner_ad_logo.png
AnyThinkSDK.bundle/at_offer_adChosices_arrow@3x.png
AnyThinkSDK.bundle/at_offer_com_pop_cancel@3x.png
AnyThinkSDK.bundle/at_offer_com_vector@3x.png
AnyThinkSDK.bundle/at_offer_logo_cn@3x.png
AnyThinkSDK.bundle/at_offer_logo_us@3x.png
AnyThinkSDK.bundle/at_pangle_ad.png
AnyThinkSDK.bundle/at_subtract.png
AnyThinkSDK.bundle/at_topon_ad_cn.png
AnyThinkSDK.bundle/at_topon_ad_en.png
AnyThinkSDK.bundle/at_topon_retry@3x.png
AnyThinkSDK.bundle/at_topon_sdk_logo.png
AnyThinkSDK.bundle/bottom_black_gradient@2x.png
AnyThinkSDK.bundle/bottom_semicircle.png
AnyThinkSDK.bundle/endcard_skip_icon.png
AnyThinkSDK.bundle/endcard_withdraw_bg.png
AnyThinkSDK.bundle/endcard_withdraw_icon.png
AnyThinkSDK.bundle/feedback_close@2x.png
AnyThinkSDK.bundle/feedback_image@2x.png
AnyThinkSDK.bundle/guide_icon_SwipeIcon@3x.png
AnyThinkSDK.bundle/guide_icon_Swipefinger@3x.png
AnyThinkSDK.bundle/guide_icon_finger@3x.png
AnyThinkSDK.bundle/guide_icon_slider@3x.png
AnyThinkSDK.bundle/icon_close.png
AnyThinkSDK.bundle/icon_loading.png
AnyThinkSDK.bundle/icon_refresh.png
AnyThinkSDK.bundle/icon_webview_close@3x.png
AnyThinkSDK.bundle/icon_webview_close_normal@3x.png
AnyThinkSDK.bundle/icon_webview_goback@3x.png
AnyThinkSDK.bundle/icon_webview_goback_normal@3x.png
AnyThinkSDK.bundle/invalid_close_icon@3x.png
AnyThinkSDK.bundle/native_banner_close@3x.png
AnyThinkSDK.bundle/native_splash_semi_star@3x .png
AnyThinkSDK.bundle/native_splash_share_tips@3x.png
AnyThinkSDK.bundle/native_splash_share_tips_arrows@3x.png
AnyThinkSDK.bundle/native_splash_star_off@3x.png
AnyThinkSDK.bundle/native_splash_star_on@3x.png
AnyThinkSDK.bundle/offer_redPacket_bottom_bg.png
AnyThinkSDK.bundle/offer_redPacket_cn_open.png
AnyThinkSDK.bundle/offer_redPacket_detail_bg.png
AnyThinkSDK.bundle/offer_redPacket_detail_next.png
AnyThinkSDK.bundle/offer_redPacket_en_open.png
AnyThinkSDK.bundle/offer_redPacket_img1.png
AnyThinkSDK.bundle/offer_redPacket_img2.png
AnyThinkSDK.bundle/offer_redPacket_img3.png
AnyThinkSDK.bundle/offer_redPacket_img4.png
AnyThinkSDK.bundle/offer_redPacket_img5.png
AnyThinkSDK.bundle/offer_redPacket_img6.png
AnyThinkSDK.bundle/offer_reward_icon.png
AnyThinkSDK.bundle/offer_rock_image.png
AnyThinkSDK.bundle/offer_rv_reward_gift@3x.png
AnyThinkSDK.bundle/offer_rv_rewarded@3x.png
AnyThinkSDK.bundle/offer_video_close.png
AnyThinkSDK.bundle/offer_video_pause@3x.png
AnyThinkSDK.bundle/offer_video_playfail@3x.png
AnyThinkSDK.bundle/offer_video_replay@3x.png
AnyThinkSDK.bundle/offer_voice_muted.png
AnyThinkSDK.bundle/offer_voice_unmuted.png
AnyThinkSDK.bundle/rv_webview_arrows@3x.png
AnyThinkSDK.bundle/splash_cta_btn_bg.png
AnyThinkSDK.bundle/zh-Hans.lproj/
AnyThinkSDK.bundle/zh-Hans.lproj/ATOfferFeedBackView.strings
FBAudienceNetwork.bundle/
FBAudienceNetwork.bundle/Info.plist
FBAudienceNetwork.bundle/PrivacyInfo.xcprivacy
MTGSDK.bundle/
MTGSDK.bundle/Info.plist
MTGSDK.bundle/PrivacyInfo.xcprivacy
PAGAdSDK.bundle/
PAGAdSDK.bundle/400001562.json
PAGAdSDK.bundle/400001924.json
PAGAdSDK.bundle/400001965.json
PAGAdSDK.bundle/400002028.json
PAGAdSDK.bundle/400002029.json
PAGAdSDK.bundle/400007896.json
PAGAdSDK.bundle/400007913.json
PAGAdSDK.bundle/400007914.json
PAGAdSDK.bundle/400007918.json
PAGAdSDK.bundle/400007923.json
PAGAdSDK.bundle/400007941.json
PAGAdSDK.bundle/400007999.json
PAGAdSDK.bundle/Assets.car
PAGAdSDK.bundle/Info.plist
PAGAdSDK.bundle/PrivacyInfo.xcprivacy
PAGAdSDK.bundle/omsdk-v1.js
PAGAdSDK.bundle/version.txt
SmartdigimktSDK.bundle/
SmartdigimktSDK.bundle/RedPacket.png
SmartdigimktSDK.bundle/arrow_one.png
SmartdigimktSDK.bundle/arrow_three.png
SmartdigimktSDK.bundle/arrow_two.png
SmartdigimktSDK.bundle/bottom_black_gradient@2x.png
SmartdigimktSDK.bundle/bottom_semicircle.png
SmartdigimktSDK.bundle/endcard_skip_icon.png
SmartdigimktSDK.bundle/endcard_withdraw_bg.png
SmartdigimktSDK.bundle/endcard_withdraw_icon.png
SmartdigimktSDK.bundle/guide_icon_SwipeIcon@3x.png
SmartdigimktSDK.bundle/guide_icon_Swipefinger@3x.png
SmartdigimktSDK.bundle/guide_icon_finger@3x.png
SmartdigimktSDK.bundle/guide_icon_slider@3x.png
SmartdigimktSDK.bundle/icon_close.png
SmartdigimktSDK.bundle/icon_loading.png
SmartdigimktSDK.bundle/icon_refresh.png
SmartdigimktSDK.bundle/icon_webview_close@3x.png
SmartdigimktSDK.bundle/icon_webview_close_normal@3x.png
SmartdigimktSDK.bundle/icon_webview_goback@3x.png
SmartdigimktSDK.bundle/icon_webview_goback_normal@3x.png
SmartdigimktSDK.bundle/invalid_close_icon@3x.png
SmartdigimktSDK.bundle/native_splash_semi_star@3x .png
SmartdigimktSDK.bundle/native_splash_share_tips@3x.png
SmartdigimktSDK.bundle/native_splash_share_tips_arrows@3x.png
SmartdigimktSDK.bundle/native_splash_star_off@3x.png
SmartdigimktSDK.bundle/native_splash_star_on@3x.png
SmartdigimktSDK.bundle/offer_redPacket_bottom_bg.png
SmartdigimktSDK.bundle/offer_redPacket_cn_open.png
SmartdigimktSDK.bundle/offer_redPacket_detail_bg.png
SmartdigimktSDK.bundle/offer_redPacket_detail_next.png
SmartdigimktSDK.bundle/offer_redPacket_en_open.png
SmartdigimktSDK.bundle/offer_redPacket_img1.png
SmartdigimktSDK.bundle/offer_redPacket_img2.png
SmartdigimktSDK.bundle/offer_redPacket_img3.png
SmartdigimktSDK.bundle/offer_redPacket_img5.png
SmartdigimktSDK.bundle/offer_redPacket_img6.png
SmartdigimktSDK.bundle/offer_reward_icon.png
SmartdigimktSDK.bundle/offer_rock_image.png
SmartdigimktSDK.bundle/offer_rv_reward_gift@3x.png
SmartdigimktSDK.bundle/offer_rv_rewarded@3x.png
SmartdigimktSDK.bundle/offer_video_close.png
SmartdigimktSDK.bundle/offer_video_pause@3x.png
SmartdigimktSDK.bundle/offer_video_playfail@3x.png
SmartdigimktSDK.bundle/offer_video_replay@3x.png
SmartdigimktSDK.bundle/offer_voice_muted.png
SmartdigimktSDK.bundle/offer_voice_unmuted.png
SmartdigimktSDK.bundle/rv_webview_arrows@3x.png
SmartdigimktSDK.bundle/sdm_arrow_direction@3x.png
SmartdigimktSDK.bundle/sdm_bg_rectangle@3x.png
SmartdigimktSDK.bundle/sdm_bwh_spread@3x.png
SmartdigimktSDK.bundle/sdm_chop_close@3x.png
SmartdigimktSDK.bundle/sdm_chop_sword_cn@3x.png
SmartdigimktSDK.bundle/sdm_chop_sword_us@3x.png
SmartdigimktSDK.bundle/sdm_ctaMask.png
SmartdigimktSDK.bundle/sdm_hand_new@3x.png
SmartdigimktSDK.bundle/sdm_loading_ctr@3x.png
SmartdigimktSDK.bundle/sdm_luckybag_arrow@3x.png
SmartdigimktSDK.bundle/sdm_luckybag_outline@3x.png
SmartdigimktSDK.bundle/sdm_luckybag_spread@3x.png
SmartdigimktSDK.bundle/sdm_mt_logo@3x.png
SmartdigimktSDK.bundle/sdm_offer_adChosices_arrow@3x.png
SmartdigimktSDK.bundle/sdm_offer_com_pop_cancel@3x.png
SmartdigimktSDK.bundle/sdm_offer_com_vector@3x.png
SmartdigimktSDK.bundle/sdm_offer_logo_cn@3x.png
SmartdigimktSDK.bundle/sdm_offer_logo_us@3x.png
SmartdigimktSDK.bundle/sdm_smartdigimkt_retry@3x.png
SmartdigimktSDK.bundle/sdm_smartdigimkt_sdk_logo.png
SmartdigimktSDK.bundle/sdm_subtract.png
SmartdigimktSDK.bundle/splash_cta_btn_bg.png
SmartdigimktSDK.bundle/zh-Hans.lproj/
SmartdigimktSDK.bundle/zh-Hans.lproj/SDMOfferFeedBackView.strings
TikTokBusinessSDK.bundle/
TikTokBusinessSDK.bundle/Info.plist
TikTokBusinessSDK.bundle/PrivacyInfo.xcprivacy

sent 580037 bytes  received 3902 bytes  12666789 bytes/sec
total size is 559663  speedup is 0.96
Transfer starting: 183 files

sent 12308 bytes  received 20 bytes  1521975 bytes/sec
total size is 559663  speedup is 45.40

ExtractAppIntentsMetadata (in target 'Document_Scan' from project 'Document_Scan')
    cd /Users/runner/work/Document_Scan/Document_Scan
    /Applications/Xcode_16.4.app/Contents/Developer/Toolchains/XcodeDefault.xctoolchain/usr/bin/appintentsmetadataprocessor --toolchain-dir /Applications/Xcode_16.4.app/Contents/Developer/Toolchains/XcodeDefault.xctoolchain --module-name Document_Scan --sdk-root /Applications/Xcode_16.4.app/Contents/Developer/Platforms/iPhoneOS.platform/Developer/SDKs/iPhoneOS18.5.sdk --xcode-version 16F6 --platform-family iOS --deployment-target 16.0 --bundle-identifier com.document.abraid.abram --output /Users/runner/Library/Developer/Xcode/DerivedData/Document_Scan-gpyzovawczbcogekrckiypzonffc/Build/Intermediates.noindex/ArchiveIntermediates/Document_Scan/InstallationBuildProductsLocation/Applications/Document_Scan.app --target-triple arm64-apple-ios16.0 --binary-file /Users/runner/Library/Developer/Xcode/DerivedData/Document_Scan-gpyzovawczbcogekrckiypzonffc/Build/Intermediates.noindex/ArchiveIntermediates/Document_Scan/InstallationBuildProductsLocation/Applications/Document_Scan.app/Document_Scan --dependency-file /Users/runner/Library/Developer/Xcode/DerivedData/Document_Scan-gpyzovawczbcogekrckiypzonffc/Build/Intermediates.noindex/ArchiveIntermediates/Document_Scan/IntermediateBuildFilesPath/Document_Scan.build/Release-iphoneos/Document_Scan.build/Objects-normal/arm64/Document_Scan_dependency_info.dat --stringsdata-file /Users/runner/Library/Developer/Xcode/DerivedData/Document_Scan-gpyzovawczbcogekrckiypzonffc/Build/Intermediates.noindex/ArchiveIntermediates/Document_Scan/IntermediateBuildFilesPath/Document_Scan.build/Release-iphoneos/Document_Scan.build/Objects-normal/arm64/ExtractedAppShortcutsMetadata.stringsdata --source-file-list /Users/runner/Library/Developer/Xcode/DerivedData/Document_Scan-gpyzovawczbcogekrckiypzonffc/Build/Intermediates.noindex/ArchiveIntermediates/Document_Scan/IntermediateBuildFilesPath/Document_Scan.build/Release-iphoneos/Document_Scan.build/Objects-normal/arm64/Document_Scan.SwiftFileList --metadata-file-list /Users/runner/Library/Developer/Xcode/DerivedData/Document_Scan-gpyzovawczbcogekrckiypzonffc/Build/Intermediates.noindex/ArchiveIntermediates/Document_Scan/IntermediateBuildFilesPath/Document_Scan.build/Release-iphoneos/Document_Scan.build/Document_Scan.DependencyMetadataFileList --static-metadata-file-list /Users/runner/Library/Developer/Xcode/DerivedData/Document_Scan-gpyzovawczbcogekrckiypzonffc/Build/Intermediates.noindex/ArchiveIntermediates/Document_Scan/IntermediateBuildFilesPath/Document_Scan.build/Release-iphoneos/Document_Scan.build/Document_Scan.DependencyStaticMetadataFileList --swift-const-vals-list /Users/runner/Library/Developer/Xcode/DerivedData/Document_Scan-gpyzovawczbcogekrckiypzonffc/Build/Intermediates.noindex/ArchiveIntermediates/Document_Scan/IntermediateBuildFilesPath/Document_Scan.build/Release-iphoneos/Document_Scan.build/Objects-normal/arm64/Document_Scan.SwiftConstValuesFileList --compile-time-extraction --deployment-aware-processing --validate-assistant-intents --no-app-shortcuts-localization
2026-03-13 07:06:24.949 appintentsmetadataprocessor[23777:71096] Starting appintentsmetadataprocessor export
2026-03-13 07:06:24.954 appintentsmetadataprocessor[23777:71096] warning: Metadata extraction skipped. No AppIntents.framework dependency found.

CopySwiftLibs /Users/runner/Library/Developer/Xcode/DerivedData/Document_Scan-gpyzovawczbcogekrckiypzonffc/Build/Intermediates.noindex/ArchiveIntermediates/Document_Scan/InstallationBuildProductsLocation/Applications/Document_Scan.app (in target 'Document_Scan' from project 'Document_Scan')
    cd /Users/runner/work/Document_Scan/Document_Scan
    builtin-swiftStdLibTool --copy --verbose --sign 279E2C6F35C6EAB1BB4671E44EBB3DB03A961426 --scan-executable /Users/runner/Library/Developer/Xcode/DerivedData/Document_Scan-gpyzovawczbcogekrckiypzonffc/Build/Intermediates.noindex/ArchiveIntermediates/Document_Scan/InstallationBuildProductsLocation/Applications/Document_Scan.app/Document_Scan --scan-folder /Users/runner/Library/Developer/Xcode/DerivedData/Document_Scan-gpyzovawczbcogekrckiypzonffc/Build/Intermediates.noindex/ArchiveIntermediates/Document_Scan/InstallationBuildProductsLocation/Applications/Document_Scan.app/Frameworks --scan-folder /Users/runner/Library/Developer/Xcode/DerivedData/Document_Scan-gpyzovawczbcogekrckiypzonffc/Build/Intermediates.noindex/ArchiveIntermediates/Document_Scan/InstallationBuildProductsLocation/Applications/Document_Scan.app/PlugIns --scan-folder /Users/runner/Library/Developer/Xcode/DerivedData/Document_Scan-gpyzovawczbcogekrckiypzonffc/Build/Intermediates.noindex/ArchiveIntermediates/Document_Scan/InstallationBuildProductsLocation/Applications/Document_Scan.app/SystemExtensions --scan-folder /Users/runner/Library/Developer/Xcode/DerivedData/Document_Scan-gpyzovawczbcogekrckiypzonffc/Build/Intermediates.noindex/ArchiveIntermediates/Document_Scan/InstallationBuildProductsLocation/Applications/Document_Scan.app/Extensions --scan-folder /Applications/Xcode_16.4.app/Contents/Developer/Platforms/iPhoneOS.platform/Developer/SDKs/iPhoneOS18.5.sdk/System/Library/Frameworks/Vision.framework --scan-folder /Applications/Xcode_16.4.app/Contents/Developer/Platforms/iPhoneOS.platform/Developer/SDKs/iPhoneOS18.5.sdk/System/Library/Frameworks/VisionKit.framework --scan-folder /Applications/Xcode_16.4.app/Contents/Developer/Platforms/iPhoneOS.platform/Developer/SDKs/iPhoneOS18.5.sdk/System/Library/Frameworks/LocalAuthentication.framework --scan-folder /Applications/Xcode_16.4.app/Contents/Developer/Platforms/iPhoneOS.platform/Developer/SDKs/iPhoneOS18.5.sdk/System/Library/Frameworks/PDFKit.framework --scan-folder /Applications/Xcode_16.4.app/Contents/Developer/Platforms/iPhoneOS.platform/Developer/SDKs/iPhoneOS18.5.sdk/System/Library/Frameworks/CoreData.framework --scan-folder /Applications/Xcode_16.4.app/Contents/Developer/Platforms/iPhoneOS.platform/Developer/SDKs/iPhoneOS18.5.sdk/System/Library/Frameworks/AVFoundation.framework --scan-folder /Users/runner/Library/Developer/Xcode/DerivedData/Document_Scan-gpyzovawczbcogekrckiypzonffc/Build/Intermediates.noindex/ArchiveIntermediates/Document_Scan/BuildProductsPath/Release-iphoneos/Pods_Document_Scan.framework --platform iphoneos --toolchain /Applications/Xcode_16.4.app/Contents/Developer/Toolchains/XcodeDefault.xctoolchain --destination /Users/runner/Library/Developer/Xcode/DerivedData/Document_Scan-gpyzovawczbcogekrckiypzonffc/Build/Intermediates.noindex/ArchiveIntermediates/Document_Scan/InstallationBuildProductsLocation/Applications/Document_Scan.app/Frameworks --unsigned-destination /Users/runner/Library/Developer/Xcode/DerivedData/Document_Scan-gpyzovawczbcogekrckiypzonffc/Build/Intermediates.noindex/ArchiveIntermediates/Document_Scan/BuildProductsPath/SwiftSupport --strip-bitcode --strip-bitcode-tool /Applications/Xcode_16.4.app/Contents/Developer/Toolchains/XcodeDefault.xctoolchain/usr/bin/bitcode_strip --emit-dependency-info /Users/runner/Library/Developer/Xcode/DerivedData/Document_Scan-gpyzovawczbcogekrckiypzonffc/Build/Intermediates.noindex/ArchiveIntermediates/Document_Scan/IntermediateBuildFilesPath/Document_Scan.build/Release-iphoneos/Document_Scan.build/SwiftStdLibToolInputDependencies.dep --filter-for-swift-os

AppIntentsSSUTraining (in target 'Document_Scan' from project 'Document_Scan')
    cd /Users/runner/work/Document_Scan/Document_Scan
    /Applications/Xcode_16.4.app/Contents/Developer/Toolchains/XcodeDefault.xctoolchain/usr/bin/appintentsnltrainingprocessor --infoplist-path /Users/runner/Library/Developer/Xcode/DerivedData/Document_Scan-gpyzovawczbcogekrckiypzonffc/Build/Intermediates.noindex/ArchiveIntermediates/Document_Scan/InstallationBuildProductsLocation/Applications/Document_Scan.app/Info.plist --temp-dir-path /Users/runner/Library/Developer/Xcode/DerivedData/Document_Scan-gpyzovawczbcogekrckiypzonffc/Build/Intermediates.noindex/ArchiveIntermediates/Document_Scan/IntermediateBuildFilesPath/Document_Scan.build/Release-iphoneos/Document_Scan.build/ssu --bundle-id com.document.abraid.abram --product-path /Users/runner/Library/Developer/Xcode/DerivedData/Document_Scan-gpyzovawczbcogekrckiypzonffc/Build/Intermediates.noindex/ArchiveIntermediates/Document_Scan/InstallationBuildProductsLocation/Applications/Document_Scan.app --extracted-metadata-path /Users/runner/Library/Developer/Xcode/DerivedData/Document_Scan-gpyzovawczbcogekrckiypzonffc/Build/Intermediates.noindex/ArchiveIntermediates/Document_Scan/InstallationBuildProductsLocation/Applications/Document_Scan.app/Metadata.appintents --deployment-postprocessing --metadata-file-list /Users/runner/Library/Developer/Xcode/DerivedData/Document_Scan-gpyzovawczbcogekrckiypzonffc/Build/Intermediates.noindex/ArchiveIntermediates/Document_Scan/IntermediateBuildFilesPath/Document_Scan.build/Release-iphoneos/Document_Scan.build/Document_Scan.DependencyMetadataFileList --archive-ssu-assets
2026-03-13 07:06:24.980 appintentsnltrainingprocessor[23778:71097] Parsing options for appintentsnltrainingprocessor
2026-03-13 07:06:24.981 appintentsnltrainingprocessor[23778:71097] No AppShortcuts found - Skipping.

Strip /Users/runner/Library/Developer/Xcode/DerivedData/Document_Scan-gpyzovawczbcogekrckiypzonffc/Build/Intermediates.noindex/ArchiveIntermediates/Document_Scan/InstallationBuildProductsLocation/Applications/Document_Scan.app/Document_Scan (in target 'Document_Scan' from project 'Document_Scan')
    cd /Users/runner/work/Document_Scan/Document_Scan
    /Applications/Xcode_16.4.app/Contents/Developer/Toolchains/XcodeDefault.xctoolchain/usr/bin/strip -D /Users/runner/Library/Developer/Xcode/DerivedData/Document_Scan-gpyzovawczbcogekrckiypzonffc/Build/Intermediates.noindex/ArchiveIntermediates/Document_Scan/InstallationBuildProductsLocation/Applications/Document_Scan.app/Document_Scan

SetOwnerAndGroup runner:staff /Users/runner/Library/Developer/Xcode/DerivedData/Document_Scan-gpyzovawczbcogekrckiypzonffc/Build/Intermediates.noindex/ArchiveIntermediates/Document_Scan/InstallationBuildProductsLocation/Applications/Document_Scan.app (in target 'Document_Scan' from project 'Document_Scan')
    cd /Users/runner/work/Document_Scan/Document_Scan
    /usr/sbin/chown -RH runner:staff /Users/runner/Library/Developer/Xcode/DerivedData/Document_Scan-gpyzovawczbcogekrckiypzonffc/Build/Intermediates.noindex/ArchiveIntermediates/Document_Scan/InstallationBuildProductsLocation/Applications/Document_Scan.app

SetMode u+w,go-w,a+rX /Users/runner/Library/Developer/Xcode/DerivedData/Document_Scan-gpyzovawczbcogekrckiypzonffc/Build/Intermediates.noindex/ArchiveIntermediates/Document_Scan/InstallationBuildProductsLocation/Applications/Document_Scan.app (in target 'Document_Scan' from project 'Document_Scan')
    cd /Users/runner/work/Document_Scan/Document_Scan
    /bin/chmod -RH u+w,go-w,a+rX /Users/runner/Library/Developer/Xcode/DerivedData/Document_Scan-gpyzovawczbcogekrckiypzonffc/Build/Intermediates.noindex/ArchiveIntermediates/Document_Scan/InstallationBuildProductsLocation/Applications/Document_Scan.app

CodeSign /Users/runner/Library/Developer/Xcode/DerivedData/Document_Scan-gpyzovawczbcogekrckiypzonffc/Build/Intermediates.noindex/ArchiveIntermediates/Document_Scan/InstallationBuildProductsLocation/Applications/Document_Scan.app (in target 'Document_Scan' from project 'Document_Scan')
    cd /Users/runner/work/Document_Scan/Document_Scan
    
    Signing Identity:     "Apple Distribution: yingying wang (LLNYYVQJ8C)"
    Provisioning Profile: "appstore-6758375479-20260313070429074"
                          (d0d24fc5-b7d8-472b-8b98-4ea1693585c2)
    
    /usr/bin/codesign --force --sign 279E2C6F35C6EAB1BB4671E44EBB3DB03A961426 --entitlements /Users/runner/Library/Developer/Xcode/DerivedData/Document_Scan-gpyzovawczbcogekrckiypzonffc/Build/Intermediates.noindex/ArchiveIntermediates/Document_Scan/IntermediateBuildFilesPath/Document_Scan.build/Release-iphoneos/Document_Scan.build/Document_Scan.app.xcent --generate-entitlement-der /Users/runner/Library/Developer/Xcode/DerivedData/Document_Scan-gpyzovawczbcogekrckiypzonffc/Build/Intermediates.noindex/ArchiveIntermediates/Document_Scan/InstallationBuildProductsLocation/Applications/Document_Scan.app

RegisterExecutionPolicyException /Users/runner/Library/Developer/Xcode/DerivedData/Document_Scan-gpyzovawczbcogekrckiypzonffc/Build/Intermediates.noindex/ArchiveIntermediates/Document_Scan/InstallationBuildProductsLocation/Applications/Document_Scan.app (in target 'Document_Scan' from project 'Document_Scan')
    cd /Users/runner/work/Document_Scan/Document_Scan
    builtin-RegisterExecutionPolicyException /Users/runner/Library/Developer/Xcode/DerivedData/Document_Scan-gpyzovawczbcogekrckiypzonffc/Build/Intermediates.noindex/ArchiveIntermediates/Document_Scan/InstallationBuildProductsLocation/Applications/Document_Scan.app

Validate /Users/runner/Library/Developer/Xcode/DerivedData/Document_Scan-gpyzovawczbcogekrckiypzonffc/Build/Intermediates.noindex/ArchiveIntermediates/Document_Scan/InstallationBuildProductsLocation/Applications/Document_Scan.app (in target 'Document_Scan' from project 'Document_Scan')
    cd /Users/runner/work/Document_Scan/Document_Scan
    builtin-validationUtility /Users/runner/Library/Developer/Xcode/DerivedData/Document_Scan-gpyzovawczbcogekrckiypzonffc/Build/Intermediates.noindex/ArchiveIntermediates/Document_Scan/InstallationBuildProductsLocation/Applications/Document_Scan.app -infoplist-subpath Info.plist

Touch /Users/runner/Library/Developer/Xcode/DerivedData/Document_Scan-gpyzovawczbcogekrckiypzonffc/Build/Intermediates.noindex/ArchiveIntermediates/Document_Scan/InstallationBuildProductsLocation/Applications/Document_Scan.app (in target 'Document_Scan' from project 'Document_Scan')
    cd /Users/runner/work/Document_Scan/Document_Scan
    /usr/bin/touch -c /Users/runner/Library/Developer/Xcode/DerivedData/Document_Scan-gpyzovawczbcogekrckiypzonffc/Build/Intermediates.noindex/ArchiveIntermediates/Document_Scan/InstallationBuildProductsLocation/Applications/Document_Scan.app

note: Disabling previews because SWIFT_VERSION is set and SWIFT_OPTIMIZATION_LEVEL=-O, expected -Onone (in target 'UMDevice' from project 'Pods')
note: Disabling previews because SWIFT_VERSION is set and SWIFT_OPTIMIZATION_LEVEL=-O, expected -Onone (in target 'UMCommon' from project 'Pods')
note: Disabling previews because SWIFT_VERSION is set and SWIFT_OPTIMIZATION_LEVEL=-O, expected -Onone (in target 'UMAPM' from project 'Pods')
note: Disabling previews because SWIFT_VERSION is set and SWIFT_OPTIMIZATION_LEVEL=-O, expected -Onone (in target 'TPNiOS' from project 'Pods')
note: Disabling previews because SWIFT_VERSION is set and SWIFT_OPTIMIZATION_LEVEL=-O, expected -Onone (in target 'TPNMediationPangleAdapter' from project 'Pods')
note: Disabling previews because SWIFT_VERSION is set and SWIFT_OPTIMIZATION_LEVEL=-O, expected -Onone (in target 'TPNMediationMintegralAdapter' from project 'Pods')
note: Disabling previews because SWIFT_VERSION is set and SWIFT_OPTIMIZATION_LEVEL=-O, expected -Onone (in target 'TPNMediationInmobiAdapter' from project 'Pods')
note: Disabling previews because SWIFT_VERSION is set and SWIFT_OPTIMIZATION_LEVEL=-O, expected -Onone (in target 'TPNMediationFacebookAdapter' from project 'Pods')
note: Disabling previews because SWIFT_VERSION is set and SWIFT_OPTIMIZATION_LEVEL=-O, expected -Onone (in target 'TPNMediationAdxSmartdigimktAdapter' from project 'Pods')
note: Disabling previews because SWIFT_VERSION is set and SWIFT_OPTIMIZATION_LEVEL=-O, expected -Onone (in target 'SmartdigimktSDK' from project 'Pods')
note: Disabling previews because SWIFT_VERSION is set and SWIFT_OPTIMIZATION_LEVEL=-O, expected -Onone (in target 'MintegralAdSDK' from project 'Pods')
note: Disabling previews because SWIFT_VERSION is set and SWIFT_OPTIMIZATION_LEVEL=-O, expected -Onone (in target 'InMobiSDK' from project 'Pods')
note: Disabling previews because SWIFT_VERSION is set and SWIFT_OPTIMIZATION_LEVEL=-O, expected -Onone (in target 'FBAudienceNetwork' from project 'Pods')
note: Disabling previews because SWIFT_VERSION is set and SWIFT_OPTIMIZATION_LEVEL=-O, expected -Onone (in target 'Ads-Global' from project 'Pods')
note: Disabling previews because SWIFT_VERSION is set and SWIFT_OPTIMIZATION_LEVEL=-O, expected -Onone (in target 'Pods-Document_Scan' from project 'Pods')
note: Disabling previews because SWIFT_VERSION is set and SWIFT_OPTIMIZATION_LEVEL=-O, expected -Onone (in target 'Document_Scan' from project 'Document_Scan')
note: Disabling previews because SWIFT_VERSION is set and SWIFT_OPTIMIZATION_LEVEL=-O, expected -Onone (in target 'WYYKit' from project 'Pods')
note: Disabling previews because SWIFT_VERSION is set and SWIFT_OPTIMIZATION_LEVEL=-O, expected -Onone (in target 'MintegralAdSDK-MTGSDK' from project 'Pods')
note: Disabling previews because SWIFT_VERSION is set and SWIFT_OPTIMIZATION_LEVEL=-O, expected -Onone (in target 'FBAudienceNetwork-FBAudienceNetwork' from project 'Pods')
note: Disabling previews because SWIFT_VERSION is set and SWIFT_OPTIMIZATION_LEVEL=-O, expected -Onone (in target 'Ads-Global-TikTokBusinessSDK' from project 'Pods')
note: Disabling previews because SWIFT_VERSION is set and SWIFT_OPTIMIZATION_LEVEL=-O, expected -Onone (in target 'Ads-Global-AdsGlobalSDK' from project 'Pods')
** ARCHIVE SUCCEEDED **

