Command line invocation:
    /Applications/Xcode_16.4.app/Contents/Developer/usr/bin/xcodebuild archive -workspace ./AlbumManager.xcworkspace -scheme AlbumManager -configuration Release -destination generic/platform=iOS -archivePath /Users/runner/work/Album_Manager/Album_Manager/build.xcarchive

ComputePackagePrebuildTargetDependencyGraph

Prepare packages

CreateBuildRequest

SendProjectDescription

CreateBuildOperation

ComputeTargetDependencyGraph
note: Building targets in dependency order
note: Target dependency graph (6 targets)
    Target 'AlbumManager' in project 'AlbumManager'
        ➜ Implicit dependency on target 'Pods-AlbumManager' in project 'Pods' via file 'Pods_AlbumManager.framework' in build phase 'Link Binary'
        ➜ Implicit dependency on target 'WYYKit' in project 'Pods' via options '-framework WYYKit' in build setting 'OTHER_LDFLAGS'
    Target 'Pods-AlbumManager' in project 'Pods'
        ➜ Explicit dependency on target 'UMAPM' in project 'Pods'
        ➜ Explicit dependency on target 'UMCommon' in project 'Pods'
        ➜ Explicit dependency on target 'UMDevice' in project 'Pods'
        ➜ Explicit dependency on target 'WYYKit' in project 'Pods'
    Target 'WYYKit' in project 'Pods'
        ➜ Explicit dependency on target 'UMAPM' in project 'Pods'
        ➜ Explicit dependency on target 'UMCommon' in project 'Pods'
        ➜ Explicit dependency on target 'UMDevice' in project 'Pods'
    Target 'UMAPM' in project 'Pods'
        ➜ Explicit dependency on target 'UMCommon' in project 'Pods'
    Target 'UMCommon' in project 'Pods'
        ➜ Explicit dependency on target 'UMDevice' in project 'Pods'
    Target 'UMDevice' in project 'Pods' (no dependencies)

GatherProvisioningInputs

CreateBuildDescription

ExecuteExternalTool /Applications/Xcode_16.4.app/Contents/Developer/Toolchains/XcodeDefault.xctoolchain/usr/bin/clang -v -E -dM -arch arm64 -isysroot /Applications/Xcode_16.4.app/Contents/Developer/Platforms/iPhoneOS.platform/Developer/SDKs/iPhoneOS18.5.sdk -x c -c /dev/null

ExecuteExternalTool /Applications/Xcode_16.4.app/Contents/Developer/Toolchains/XcodeDefault.xctoolchain/usr/bin/clang -v -E -dM -isysroot /Applications/Xcode_16.4.app/Contents/Developer/Platforms/iPhoneOS.platform/Developer/SDKs/iPhoneOS18.5.sdk -x c -c /dev/null

ExecuteExternalTool /Applications/Xcode_16.4.app/Contents/Developer/Toolchains/XcodeDefault.xctoolchain/usr/bin/clang -v -E -dM -arch arm64 -isysroot /Applications/Xcode_16.4.app/Contents/Developer/Platforms/iPhoneOS.platform/Developer/SDKs/iPhoneOS18.5.sdk -x objective-c -c /dev/null

ExecuteExternalTool /Applications/Xcode_16.4.app/Contents/Developer/usr/bin/actool --print-asset-tag-combinations --output-format xml1 /Users/runner/work/Album_Manager/Album_Manager/AlbumManager/Resources/Assets.xcassets

ExecuteExternalTool /Applications/Xcode_16.4.app/Contents/Developer/Toolchains/XcodeDefault.xctoolchain/usr/bin/swiftc --version

ExecuteExternalTool /Applications/Xcode_16.4.app/Contents/Developer/Toolchains/XcodeDefault.xctoolchain/usr/bin/libtool -V

ExecuteExternalTool /Applications/Xcode_16.4.app/Contents/Developer/usr/bin/actool --version --output-format xml1

ExecuteExternalTool /Applications/Xcode_16.4.app/Contents/Developer/Toolchains/XcodeDefault.xctoolchain/usr/bin/ld -version_details

Build description signature: 3440e09fe6680d7fe6f1e1adb24f0468
Build description path: /Users/runner/Library/Developer/Xcode/DerivedData/AlbumManager-dmxhwzoxvsfmtkahqmfxhtjpefxd/Build/Intermediates.noindex/ArchiveIntermediates/AlbumManager/IntermediateBuildFilesPath/XCBuildData/3440e09fe6680d7fe6f1e1adb24f0468.xcbuilddata
CreateBuildDirectory /Users/runner/Library/Developer/Xcode/DerivedData/AlbumManager-dmxhwzoxvsfmtkahqmfxhtjpefxd/Build/Intermediates.noindex/ArchiveIntermediates/AlbumManager/IntermediateBuildFilesPath
    cd /Users/runner/work/Album_Manager/Album_Manager
    builtin-create-build-directory /Users/runner/Library/Developer/Xcode/DerivedData/AlbumManager-dmxhwzoxvsfmtkahqmfxhtjpefxd/Build/Intermediates.noindex/ArchiveIntermediates/AlbumManager/IntermediateBuildFilesPath

CreateBuildDirectory /Users/runner/Library/Developer/Xcode/DerivedData/AlbumManager-dmxhwzoxvsfmtkahqmfxhtjpefxd/Build/Intermediates.noindex/ArchiveIntermediates/AlbumManager/InstallationBuildProductsLocation
    cd /Users/runner/work/Album_Manager/Album_Manager
    builtin-create-build-directory /Users/runner/Library/Developer/Xcode/DerivedData/AlbumManager-dmxhwzoxvsfmtkahqmfxhtjpefxd/Build/Intermediates.noindex/ArchiveIntermediates/AlbumManager/InstallationBuildProductsLocation

CreateBuildDirectory /Users/runner/Library/Developer/Xcode/DerivedData/AlbumManager-dmxhwzoxvsfmtkahqmfxhtjpefxd/Build/Intermediates.noindex/ArchiveIntermediates/AlbumManager/BuildProductsPath
    cd /Users/runner/work/Album_Manager/Album_Manager
    builtin-create-build-directory /Users/runner/Library/Developer/Xcode/DerivedData/AlbumManager-dmxhwzoxvsfmtkahqmfxhtjpefxd/Build/Intermediates.noindex/ArchiveIntermediates/AlbumManager/BuildProductsPath

ClangStatCache /Applications/Xcode_16.4.app/Contents/Developer/Toolchains/XcodeDefault.xctoolchain/usr/bin/clang-stat-cache /Applications/Xcode_16.4.app/Contents/Developer/Platforms/iPhoneOS.platform/Developer/SDKs/iPhoneOS18.5.sdk /Users/runner/Library/Developer/Xcode/DerivedData/SDKStatCaches.noindex/iphoneos18.5-22F76-a529daf784b3616c7c04a36aeb7f5c05.sdkstatcache
    cd /Users/runner/work/Album_Manager/Album_Manager
    /Applications/Xcode_16.4.app/Contents/Developer/Toolchains/XcodeDefault.xctoolchain/usr/bin/clang-stat-cache /Applications/Xcode_16.4.app/Contents/Developer/Platforms/iPhoneOS.platform/Developer/SDKs/iPhoneOS18.5.sdk -o /Users/runner/Library/Developer/Xcode/DerivedData/SDKStatCaches.noindex/iphoneos18.5-22F76-a529daf784b3616c7c04a36aeb7f5c05.sdkstatcache

WriteAuxiliaryFile /Users/runner/Library/Developer/Xcode/DerivedData/AlbumManager-dmxhwzoxvsfmtkahqmfxhtjpefxd/Build/Intermediates.noindex/ArchiveIntermediates/AlbumManager/IntermediateBuildFilesPath/Pods.build/Release-iphoneos/Pods-8699adb1dd336b26511df848a716bd42-VFS-iphoneos/all-product-headers.yaml
    cd /Users/runner/work/Album_Manager/Album_Manager
    write-file /Users/runner/Library/Developer/Xcode/DerivedData/AlbumManager-dmxhwzoxvsfmtkahqmfxhtjpefxd/Build/Intermediates.noindex/ArchiveIntermediates/AlbumManager/IntermediateBuildFilesPath/Pods.build/Release-iphoneos/Pods-8699adb1dd336b26511df848a716bd42-VFS-iphoneos/all-product-headers.yaml

WriteAuxiliaryFile /Users/runner/Library/Developer/Xcode/DerivedData/AlbumManager-dmxhwzoxvsfmtkahqmfxhtjpefxd/Build/Intermediates.noindex/ArchiveIntermediates/AlbumManager/IntermediateBuildFilesPath/AlbumManager.build/Release-iphoneos/AlbumManager-b2d579eab24b94c6a6162a10566c28bb-VFS-iphoneos/all-product-headers.yaml
    cd /Users/runner/work/Album_Manager/Album_Manager
    write-file /Users/runner/Library/Developer/Xcode/DerivedData/AlbumManager-dmxhwzoxvsfmtkahqmfxhtjpefxd/Build/Intermediates.noindex/ArchiveIntermediates/AlbumManager/IntermediateBuildFilesPath/AlbumManager.build/Release-iphoneos/AlbumManager-b2d579eab24b94c6a6162a10566c28bb-VFS-iphoneos/all-product-headers.yaml

CreateBuildDirectory /Users/runner/Library/Developer/Xcode/DerivedData/AlbumManager-dmxhwzoxvsfmtkahqmfxhtjpefxd/Build/Intermediates.noindex/ArchiveIntermediates/AlbumManager/IntermediateBuildFilesPath/EagerLinkingTBDs/Release-iphoneos
    cd /Users/runner/work/Album_Manager/Album_Manager
    builtin-create-build-directory /Users/runner/Library/Developer/Xcode/DerivedData/AlbumManager-dmxhwzoxvsfmtkahqmfxhtjpefxd/Build/Intermediates.noindex/ArchiveIntermediates/AlbumManager/IntermediateBuildFilesPath/EagerLinkingTBDs/Release-iphoneos

WriteAuxiliaryFile /Users/runner/Library/Developer/Xcode/DerivedData/AlbumManager-dmxhwzoxvsfmtkahqmfxhtjpefxd/Build/Intermediates.noindex/ArchiveIntermediates/AlbumManager/IntermediateBuildFilesPath/Pods.build/Release-iphoneos/UMDevice.build/Script-9C4C4F611FD136BD6EFC83F438126139.sh (in target 'UMDevice' from project 'Pods')
    cd /Users/runner/work/Album_Manager/Album_Manager/Pods
    write-file /Users/runner/Library/Developer/Xcode/DerivedData/AlbumManager-dmxhwzoxvsfmtkahqmfxhtjpefxd/Build/Intermediates.noindex/ArchiveIntermediates/AlbumManager/IntermediateBuildFilesPath/Pods.build/Release-iphoneos/UMDevice.build/Script-9C4C4F611FD136BD6EFC83F438126139.sh

WriteAuxiliaryFile /Users/runner/Library/Developer/Xcode/DerivedData/AlbumManager-dmxhwzoxvsfmtkahqmfxhtjpefxd/Build/Intermediates.noindex/ArchiveIntermediates/AlbumManager/IntermediateBuildFilesPath/Pods.build/Release-iphoneos/UMDevice.build/OutputFileList-9C4C4F611FD136BD6EFC83F438126139-UMDevice-xcframeworks-output-files-af93918c31c2099b22c633cc0e821f0b-resolved.xcfilelist (in target 'UMDevice' from project 'Pods')
    cd /Users/runner/work/Album_Manager/Album_Manager/Pods
    write-file /Users/runner/Library/Developer/Xcode/DerivedData/AlbumManager-dmxhwzoxvsfmtkahqmfxhtjpefxd/Build/Intermediates.noindex/ArchiveIntermediates/AlbumManager/IntermediateBuildFilesPath/Pods.build/Release-iphoneos/UMDevice.build/OutputFileList-9C4C4F611FD136BD6EFC83F438126139-UMDevice-xcframeworks-output-files-af93918c31c2099b22c633cc0e821f0b-resolved.xcfilelist

WriteAuxiliaryFile /Users/runner/Library/Developer/Xcode/DerivedData/AlbumManager-dmxhwzoxvsfmtkahqmfxhtjpefxd/Build/Intermediates.noindex/ArchiveIntermediates/AlbumManager/IntermediateBuildFilesPath/Pods.build/Release-iphoneos/UMDevice.build/InputFileList-9C4C4F611FD136BD6EFC83F438126139-UMDevice-xcframeworks-input-files-92f4a4a986998be09a8ebce98d5e1deb-resolved.xcfilelist (in target 'UMDevice' from project 'Pods')
    cd /Users/runner/work/Album_Manager/Album_Manager/Pods
    write-file /Users/runner/Library/Developer/Xcode/DerivedData/AlbumManager-dmxhwzoxvsfmtkahqmfxhtjpefxd/Build/Intermediates.noindex/ArchiveIntermediates/AlbumManager/IntermediateBuildFilesPath/Pods.build/Release-iphoneos/UMDevice.build/InputFileList-9C4C4F611FD136BD6EFC83F438126139-UMDevice-xcframeworks-input-files-92f4a4a986998be09a8ebce98d5e1deb-resolved.xcfilelist

WriteAuxiliaryFile /Users/runner/Library/Developer/Xcode/DerivedData/AlbumManager-dmxhwzoxvsfmtkahqmfxhtjpefxd/Build/Intermediates.noindex/ArchiveIntermediates/AlbumManager/IntermediateBuildFilesPath/Pods.build/Release-iphoneos/UMCommon.build/Script-4641941A97856C92F32A298AE918D389.sh (in target 'UMCommon' from project 'Pods')
    cd /Users/runner/work/Album_Manager/Album_Manager/Pods
    write-file /Users/runner/Library/Developer/Xcode/DerivedData/AlbumManager-dmxhwzoxvsfmtkahqmfxhtjpefxd/Build/Intermediates.noindex/ArchiveIntermediates/AlbumManager/IntermediateBuildFilesPath/Pods.build/Release-iphoneos/UMCommon.build/Script-4641941A97856C92F32A298AE918D389.sh

WriteAuxiliaryFile /Users/runner/Library/Developer/Xcode/DerivedData/AlbumManager-dmxhwzoxvsfmtkahqmfxhtjpefxd/Build/Intermediates.noindex/ArchiveIntermediates/AlbumManager/IntermediateBuildFilesPath/Pods.build/Release-iphoneos/UMCommon.build/OutputFileList-4641941A97856C92F32A298AE918D389-UMCommon-xcframeworks-output-files-79721a9d678b2e501c4e41d14a049989-resolved.xcfilelist (in target 'UMCommon' from project 'Pods')
    cd /Users/runner/work/Album_Manager/Album_Manager/Pods
    write-file /Users/runner/Library/Developer/Xcode/DerivedData/AlbumManager-dmxhwzoxvsfmtkahqmfxhtjpefxd/Build/Intermediates.noindex/ArchiveIntermediates/AlbumManager/IntermediateBuildFilesPath/Pods.build/Release-iphoneos/UMCommon.build/OutputFileList-4641941A97856C92F32A298AE918D389-UMCommon-xcframeworks-output-files-79721a9d678b2e501c4e41d14a049989-resolved.xcfilelist

WriteAuxiliaryFile /Users/runner/Library/Developer/Xcode/DerivedData/AlbumManager-dmxhwzoxvsfmtkahqmfxhtjpefxd/Build/Intermediates.noindex/ArchiveIntermediates/AlbumManager/IntermediateBuildFilesPath/Pods.build/Release-iphoneos/UMCommon.build/InputFileList-4641941A97856C92F32A298AE918D389-UMCommon-xcframeworks-input-files-c48ecfe97c8c7bea1d4f56ab2a2426a8-resolved.xcfilelist (in target 'UMCommon' from project 'Pods')
    cd /Users/runner/work/Album_Manager/Album_Manager/Pods
    write-file /Users/runner/Library/Developer/Xcode/DerivedData/AlbumManager-dmxhwzoxvsfmtkahqmfxhtjpefxd/Build/Intermediates.noindex/ArchiveIntermediates/AlbumManager/IntermediateBuildFilesPath/Pods.build/Release-iphoneos/UMCommon.build/InputFileList-4641941A97856C92F32A298AE918D389-UMCommon-xcframeworks-input-files-c48ecfe97c8c7bea1d4f56ab2a2426a8-resolved.xcfilelist

WriteAuxiliaryFile /Users/runner/Library/Developer/Xcode/DerivedData/AlbumManager-dmxhwzoxvsfmtkahqmfxhtjpefxd/Build/Intermediates.noindex/ArchiveIntermediates/AlbumManager/IntermediateBuildFilesPath/Pods.build/Release-iphoneos/UMAPM.build/Script-47CF44479ABE0A5C18DEDA0F07935DF1.sh (in target 'UMAPM' from project 'Pods')
    cd /Users/runner/work/Album_Manager/Album_Manager/Pods
    write-file /Users/runner/Library/Developer/Xcode/DerivedData/AlbumManager-dmxhwzoxvsfmtkahqmfxhtjpefxd/Build/Intermediates.noindex/ArchiveIntermediates/AlbumManager/IntermediateBuildFilesPath/Pods.build/Release-iphoneos/UMAPM.build/Script-47CF44479ABE0A5C18DEDA0F07935DF1.sh

WriteAuxiliaryFile /Users/runner/Library/Developer/Xcode/DerivedData/AlbumManager-dmxhwzoxvsfmtkahqmfxhtjpefxd/Build/Intermediates.noindex/ArchiveIntermediates/AlbumManager/IntermediateBuildFilesPath/Pods.build/Release-iphoneos/UMAPM.build/OutputFileList-47CF44479ABE0A5C18DEDA0F07935DF1-UMAPM-xcframeworks-output-files-74905444b8d5fd04e6d428386411e7e5-resolved.xcfilelist (in target 'UMAPM' from project 'Pods')
    cd /Users/runner/work/Album_Manager/Album_Manager/Pods
    write-file /Users/runner/Library/Developer/Xcode/DerivedData/AlbumManager-dmxhwzoxvsfmtkahqmfxhtjpefxd/Build/Intermediates.noindex/ArchiveIntermediates/AlbumManager/IntermediateBuildFilesPath/Pods.build/Release-iphoneos/UMAPM.build/OutputFileList-47CF44479ABE0A5C18DEDA0F07935DF1-UMAPM-xcframeworks-output-files-74905444b8d5fd04e6d428386411e7e5-resolved.xcfilelist

WriteAuxiliaryFile /Users/runner/Library/Developer/Xcode/DerivedData/AlbumManager-dmxhwzoxvsfmtkahqmfxhtjpefxd/Build/Intermediates.noindex/ArchiveIntermediates/AlbumManager/IntermediateBuildFilesPath/Pods.build/Release-iphoneos/UMAPM.build/InputFileList-47CF44479ABE0A5C18DEDA0F07935DF1-UMAPM-xcframeworks-input-files-b91266be9586dfeae12fbf38a9aba01c-resolved.xcfilelist (in target 'UMAPM' from project 'Pods')
    cd /Users/runner/work/Album_Manager/Album_Manager/Pods
    write-file /Users/runner/Library/Developer/Xcode/DerivedData/AlbumManager-dmxhwzoxvsfmtkahqmfxhtjpefxd/Build/Intermediates.noindex/ArchiveIntermediates/AlbumManager/IntermediateBuildFilesPath/Pods.build/Release-iphoneos/UMAPM.build/InputFileList-47CF44479ABE0A5C18DEDA0F07935DF1-UMAPM-xcframeworks-input-files-b91266be9586dfeae12fbf38a9aba01c-resolved.xcfilelist

CreateBuildDirectory /Users/runner/Library/Developer/Xcode/DerivedData/AlbumManager-dmxhwzoxvsfmtkahqmfxhtjpefxd/Build/Intermediates.noindex/ArchiveIntermediates/AlbumManager/BuildProductsPath/Release-iphoneos
    cd /Users/runner/work/Album_Manager/Album_Manager
    builtin-create-build-directory /Users/runner/Library/Developer/Xcode/DerivedData/AlbumManager-dmxhwzoxvsfmtkahqmfxhtjpefxd/Build/Intermediates.noindex/ArchiveIntermediates/AlbumManager/BuildProductsPath/Release-iphoneos

PhaseScriptExecution [CP]\ Copy\ XCFrameworks /Users/runner/Library/Developer/Xcode/DerivedData/AlbumManager-dmxhwzoxvsfmtkahqmfxhtjpefxd/Build/Intermediates.noindex/ArchiveIntermediates/AlbumManager/IntermediateBuildFilesPath/Pods.build/Release-iphoneos/UMDevice.build/Script-9C4C4F611FD136BD6EFC83F438126139.sh (in target 'UMDevice' from project 'Pods')
    cd /Users/runner/work/Album_Manager/Album_Manager/Pods
    /bin/sh -c /Users/runner/Library/Developer/Xcode/DerivedData/AlbumManager-dmxhwzoxvsfmtkahqmfxhtjpefxd/Build/Intermediates.noindex/ArchiveIntermediates/AlbumManager/IntermediateBuildFilesPath/Pods.build/Release-iphoneos/UMDevice.build/Script-9C4C4F611FD136BD6EFC83F438126139.sh
Selected xcframework slice ios-arm64
rsync --delete -av --filter P .*.?????? --links --filter "- CVS/" --filter "- .svn/" --filter "- .git/" --filter "- .hg/" "/Users/runner/work/Album_Manager/Album_Manager/Pods/UMDevice/UMDevice_3.5.0/UMDevice.xcframework/ios-arm64/*" "/Users/runner/Library/Developer/Xcode/DerivedData/AlbumManager-dmxhwzoxvsfmtkahqmfxhtjpefxd/Build/Intermediates.noindex/ArchiveIntermediates/AlbumManager/BuildProductsPath/Release-iphoneos/XCFrameworkIntermediates/UMDevice"
Transfer starting: 14 files
UMDevice.framework/
UMDevice.framework/Info.plist
UMDevice.framework/PrivacyInfo.xcprivacy
UMDevice.framework/UMDevice
UMDevice.framework/Headers/
UMDevice.framework/Headers/UMZid.h
UMDevice.framework/Modules/
UMDevice.framework/Modules/module.modulemap
UMDevice.framework/_CodeSignature/
UMDevice.framework/_CodeSignature/CodeDirectory
UMDevice.framework/_CodeSignature/CodeRequirements
UMDevice.framework/_CodeSignature/CodeRequirements-1
UMDevice.framework/_CodeSignature/CodeResources
UMDevice.framework/_CodeSignature/CodeSignature

sent 459792 bytes  received 264 bytes  21803601 bytes/sec
total size is 458276  speedup is 1.00
Copied /Users/runner/work/Album_Manager/Album_Manager/Pods/UMDevice/UMDevice_3.5.0/UMDevice.xcframework/ios-arm64 to /Users/runner/Library/Developer/Xcode/DerivedData/AlbumManager-dmxhwzoxvsfmtkahqmfxhtjpefxd/Build/Intermediates.noindex/ArchiveIntermediates/AlbumManager/BuildProductsPath/Release-iphoneos/XCFrameworkIntermediates/UMDevice

CreateBuildDirectory /Users/runner/Library/Developer/Xcode/DerivedData/AlbumManager-dmxhwzoxvsfmtkahqmfxhtjpefxd/Build/Intermediates.noindex/ArchiveIntermediates/AlbumManager/BuildProductsPath/Release-iphoneos/WYYKit
    cd /Users/runner/work/Album_Manager/Album_Manager
    builtin-create-build-directory /Users/runner/Library/Developer/Xcode/DerivedData/AlbumManager-dmxhwzoxvsfmtkahqmfxhtjpefxd/Build/Intermediates.noindex/ArchiveIntermediates/AlbumManager/BuildProductsPath/Release-iphoneos/WYYKit

WriteAuxiliaryFile /Users/runner/Library/Developer/Xcode/DerivedData/AlbumManager-dmxhwzoxvsfmtkahqmfxhtjpefxd/Build/Intermediates.noindex/ArchiveIntermediates/AlbumManager/IntermediateBuildFilesPath/Pods.build/Release-iphoneos/Pods-AlbumManager.build/Pods_AlbumManager.hmap (in target 'Pods-AlbumManager' from project 'Pods')
    cd /Users/runner/work/Album_Manager/Album_Manager/Pods
    write-file /Users/runner/Library/Developer/Xcode/DerivedData/AlbumManager-dmxhwzoxvsfmtkahqmfxhtjpefxd/Build/Intermediates.noindex/ArchiveIntermediates/AlbumManager/IntermediateBuildFilesPath/Pods.build/Release-iphoneos/Pods-AlbumManager.build/Pods_AlbumManager.hmap

WriteAuxiliaryFile /Users/runner/Library/Developer/Xcode/DerivedData/AlbumManager-dmxhwzoxvsfmtkahqmfxhtjpefxd/Build/Intermediates.noindex/ArchiveIntermediates/AlbumManager/IntermediateBuildFilesPath/Pods.build/Release-iphoneos/Pods-AlbumManager.build/Pods_AlbumManager.DependencyStaticMetadataFileList (in target 'Pods-AlbumManager' from project 'Pods')
    cd /Users/runner/work/Album_Manager/Album_Manager/Pods
    write-file /Users/runner/Library/Developer/Xcode/DerivedData/AlbumManager-dmxhwzoxvsfmtkahqmfxhtjpefxd/Build/Intermediates.noindex/ArchiveIntermediates/AlbumManager/IntermediateBuildFilesPath/Pods.build/Release-iphoneos/Pods-AlbumManager.build/Pods_AlbumManager.DependencyStaticMetadataFileList

WriteAuxiliaryFile /Users/runner/Library/Developer/Xcode/DerivedData/AlbumManager-dmxhwzoxvsfmtkahqmfxhtjpefxd/Build/Intermediates.noindex/ArchiveIntermediates/AlbumManager/IntermediateBuildFilesPath/Pods.build/Release-iphoneos/Pods-AlbumManager.build/Pods_AlbumManager.DependencyMetadataFileList (in target 'Pods-AlbumManager' from project 'Pods')
    cd /Users/runner/work/Album_Manager/Album_Manager/Pods
    write-file /Users/runner/Library/Developer/Xcode/DerivedData/AlbumManager-dmxhwzoxvsfmtkahqmfxhtjpefxd/Build/Intermediates.noindex/ArchiveIntermediates/AlbumManager/IntermediateBuildFilesPath/Pods.build/Release-iphoneos/Pods-AlbumManager.build/Pods_AlbumManager.DependencyMetadataFileList

WriteAuxiliaryFile /Users/runner/Library/Developer/Xcode/DerivedData/AlbumManager-dmxhwzoxvsfmtkahqmfxhtjpefxd/Build/Intermediates.noindex/ArchiveIntermediates/AlbumManager/IntermediateBuildFilesPath/Pods.build/Release-iphoneos/Pods-AlbumManager.build/Pods_AlbumManager-project-headers.hmap (in target 'Pods-AlbumManager' from project 'Pods')
    cd /Users/runner/work/Album_Manager/Album_Manager/Pods
    write-file /Users/runner/Library/Developer/Xcode/DerivedData/AlbumManager-dmxhwzoxvsfmtkahqmfxhtjpefxd/Build/Intermediates.noindex/ArchiveIntermediates/AlbumManager/IntermediateBuildFilesPath/Pods.build/Release-iphoneos/Pods-AlbumManager.build/Pods_AlbumManager-project-headers.hmap

WriteAuxiliaryFile /Users/runner/Library/Developer/Xcode/DerivedData/AlbumManager-dmxhwzoxvsfmtkahqmfxhtjpefxd/Build/Intermediates.noindex/ArchiveIntermediates/AlbumManager/IntermediateBuildFilesPath/Pods.build/Release-iphoneos/Pods-AlbumManager.build/Pods_AlbumManager-own-target-headers.hmap (in target 'Pods-AlbumManager' from project 'Pods')
    cd /Users/runner/work/Album_Manager/Album_Manager/Pods
    write-file /Users/runner/Library/Developer/Xcode/DerivedData/AlbumManager-dmxhwzoxvsfmtkahqmfxhtjpefxd/Build/Intermediates.noindex/ArchiveIntermediates/AlbumManager/IntermediateBuildFilesPath/Pods.build/Release-iphoneos/Pods-AlbumManager.build/Pods_AlbumManager-own-target-headers.hmap

WriteAuxiliaryFile /Users/runner/Library/Developer/Xcode/DerivedData/AlbumManager-dmxhwzoxvsfmtkahqmfxhtjpefxd/Build/Intermediates.noindex/ArchiveIntermediates/AlbumManager/IntermediateBuildFilesPath/Pods.build/Release-iphoneos/Pods-AlbumManager.build/Pods_AlbumManager-generated-files.hmap (in target 'Pods-AlbumManager' from project 'Pods')
    cd /Users/runner/work/Album_Manager/Album_Manager/Pods
    write-file /Users/runner/Library/Developer/Xcode/DerivedData/AlbumManager-dmxhwzoxvsfmtkahqmfxhtjpefxd/Build/Intermediates.noindex/ArchiveIntermediates/AlbumManager/IntermediateBuildFilesPath/Pods.build/Release-iphoneos/Pods-AlbumManager.build/Pods_AlbumManager-generated-files.hmap

WriteAuxiliaryFile /Users/runner/Library/Developer/Xcode/DerivedData/AlbumManager-dmxhwzoxvsfmtkahqmfxhtjpefxd/Build/Intermediates.noindex/ArchiveIntermediates/AlbumManager/IntermediateBuildFilesPath/Pods.build/Release-iphoneos/Pods-AlbumManager.build/Pods_AlbumManager-all-target-headers.hmap (in target 'Pods-AlbumManager' from project 'Pods')
    cd /Users/runner/work/Album_Manager/Album_Manager/Pods
    write-file /Users/runner/Library/Developer/Xcode/DerivedData/AlbumManager-dmxhwzoxvsfmtkahqmfxhtjpefxd/Build/Intermediates.noindex/ArchiveIntermediates/AlbumManager/IntermediateBuildFilesPath/Pods.build/Release-iphoneos/Pods-AlbumManager.build/Pods_AlbumManager-all-target-headers.hmap

WriteAuxiliaryFile /Users/runner/Library/Developer/Xcode/DerivedData/AlbumManager-dmxhwzoxvsfmtkahqmfxhtjpefxd/Build/Intermediates.noindex/ArchiveIntermediates/AlbumManager/IntermediateBuildFilesPath/Pods.build/Release-iphoneos/Pods-AlbumManager.build/Pods_AlbumManager-all-non-framework-target-headers.hmap (in target 'Pods-AlbumManager' from project 'Pods')
    cd /Users/runner/work/Album_Manager/Album_Manager/Pods
    write-file /Users/runner/Library/Developer/Xcode/DerivedData/AlbumManager-dmxhwzoxvsfmtkahqmfxhtjpefxd/Build/Intermediates.noindex/ArchiveIntermediates/AlbumManager/IntermediateBuildFilesPath/Pods.build/Release-iphoneos/Pods-AlbumManager.build/Pods_AlbumManager-all-non-framework-target-headers.hmap

WriteAuxiliaryFile /Users/runner/Library/Developer/Xcode/DerivedData/AlbumManager-dmxhwzoxvsfmtkahqmfxhtjpefxd/Build/Intermediates.noindex/ArchiveIntermediates/AlbumManager/IntermediateBuildFilesPath/Pods.build/Release-iphoneos/Pods-AlbumManager.build/Objects-normal/arm64/e6072d4f65d7061329687fe24e3d63a7-common-args.resp (in target 'Pods-AlbumManager' from project 'Pods')
    cd /Users/runner/work/Album_Manager/Album_Manager/Pods
    write-file /Users/runner/Library/Developer/Xcode/DerivedData/AlbumManager-dmxhwzoxvsfmtkahqmfxhtjpefxd/Build/Intermediates.noindex/ArchiveIntermediates/AlbumManager/IntermediateBuildFilesPath/Pods.build/Release-iphoneos/Pods-AlbumManager.build/Objects-normal/arm64/e6072d4f65d7061329687fe24e3d63a7-common-args.resp
-target arm64-apple-ios16.0 '-std=gnu11' -fobjc-arc -fmodules -gmodules '-fmodules-cache-path=/Users/runner/Library/Developer/Xcode/DerivedData/ModuleCache.noindex' '-fmodule-name=Pods_AlbumManager' -fpascal-strings -Os -fno-common '-DPOD_CONFIGURATION_RELEASE=1' '-DCOCOAPODS=1' '-DNS_BLOCK_ASSERTIONS=1' '-DOBJC_OLD_DISPATCH_PROTOTYPES=0' -isysroot /Applications/Xcode_16.4.app/Contents/Developer/Platforms/iPhoneOS.platform/Developer/SDKs/iPhoneOS18.5.sdk -g -iquote /Users/runner/Library/Developer/Xcode/DerivedData/AlbumManager-dmxhwzoxvsfmtkahqmfxhtjpefxd/Build/Intermediates.noindex/ArchiveIntermediates/AlbumManager/IntermediateBuildFilesPath/Pods.build/Release-iphoneos/Pods-AlbumManager.build/Pods_AlbumManager-generated-files.hmap -I/Users/runner/Library/Developer/Xcode/DerivedData/AlbumManager-dmxhwzoxvsfmtkahqmfxhtjpefxd/Build/Intermediates.noindex/ArchiveIntermediates/AlbumManager/IntermediateBuildFilesPath/Pods.build/Release-iphoneos/Pods-AlbumManager.build/Pods_AlbumManager-own-target-headers.hmap -I/Users/runner/Library/Developer/Xcode/DerivedData/AlbumManager-dmxhwzoxvsfmtkahqmfxhtjpefxd/Build/Intermediates.noindex/ArchiveIntermediates/AlbumManager/IntermediateBuildFilesPath/Pods.build/Release-iphoneos/Pods-AlbumManager.build/Pods_AlbumManager-all-non-framework-target-headers.hmap -ivfsoverlay /Users/runner/Library/Developer/Xcode/DerivedData/AlbumManager-dmxhwzoxvsfmtkahqmfxhtjpefxd/Build/Intermediates.noindex/ArchiveIntermediates/AlbumManager/IntermediateBuildFilesPath/Pods.build/Release-iphoneos/Pods-8699adb1dd336b26511df848a716bd42-VFS-iphoneos/all-product-headers.yaml -iquote /Users/runner/Library/Developer/Xcode/DerivedData/AlbumManager-dmxhwzoxvsfmtkahqmfxhtjpefxd/Build/Intermediates.noindex/ArchiveIntermediates/AlbumManager/IntermediateBuildFilesPath/Pods.build/Release-iphoneos/Pods-AlbumManager.build/Pods_AlbumManager-project-headers.hmap -I/Users/runner/Library/Developer/Xcode/DerivedData/AlbumManager-dmxhwzoxvsfmtkahqmfxhtjpefxd/Build/Intermediates.noindex/ArchiveIntermediates/AlbumManager/BuildProductsPath/Release-iphoneos/include -I/Users/runner/Library/Developer/Xcode/DerivedData/AlbumManager-dmxhwzoxvsfmtkahqmfxhtjpefxd/Build/Intermediates.noindex/ArchiveIntermediates/AlbumManager/BuildProductsPath/Release-iphoneos/WYYKit/WYYKit.framework/Headers -I/Users/runner/Library/Developer/Xcode/DerivedData/AlbumManager-dmxhwzoxvsfmtkahqmfxhtjpefxd/Build/Intermediates.noindex/ArchiveIntermediates/AlbumManager/IntermediateBuildFilesPath/Pods.build/Release-iphoneos/Pods-AlbumManager.build/DerivedSources-normal/arm64 -I/Users/runner/Library/Developer/Xcode/DerivedData/AlbumManager-dmxhwzoxvsfmtkahqmfxhtjpefxd/Build/Intermediates.noindex/ArchiveIntermediates/AlbumManager/IntermediateBuildFilesPath/Pods.build/Release-iphoneos/Pods-AlbumManager.build/DerivedSources/arm64 -I/Users/runner/Library/Developer/Xcode/DerivedData/AlbumManager-dmxhwzoxvsfmtkahqmfxhtjpefxd/Build/Intermediates.noindex/ArchiveIntermediates/AlbumManager/IntermediateBuildFilesPath/Pods.build/Release-iphoneos/Pods-AlbumManager.build/DerivedSources -F/Users/runner/Library/Developer/Xcode/DerivedData/AlbumManager-dmxhwzoxvsfmtkahqmfxhtjpefxd/Build/Intermediates.noindex/ArchiveIntermediates/AlbumManager/BuildProductsPath/Release-iphoneos -F/Users/runner/Library/Developer/Xcode/DerivedData/AlbumManager-dmxhwzoxvsfmtkahqmfxhtjpefxd/Build/Intermediates.noindex/ArchiveIntermediates/AlbumManager/BuildProductsPath/Release-iphoneos/WYYKit -F/Users/runner/work/Album_Manager/Album_Manager/Pods/UMAPM/UMAPM_2.0.7 -F/Users/runner/work/Album_Manager/Album_Manager/Pods/UMCommon/UMCommon_7.5.8 -F/Users/runner/work/Album_Manager/Album_Manager/Pods/UMDevice/UMDevice_3.5.0 -F/Users/runner/Library/Developer/Xcode/DerivedData/AlbumManager-dmxhwzoxvsfmtkahqmfxhtjpefxd/Build/Intermediates.noindex/ArchiveIntermediates/AlbumManager/BuildProductsPath/Release-iphoneos/XCFrameworkIntermediates/UMAPM -F/Users/runner/Library/Developer/Xcode/DerivedData/AlbumManager-dmxhwzoxvsfmtkahqmfxhtjpefxd/Build/Intermediates.noindex/ArchiveIntermediates/AlbumManager/BuildProductsPath/Release-iphoneos/XCFrameworkIntermediates/UMCommon -F/Users/runner/Library/Developer/Xcode/DerivedData/AlbumManager-dmxhwzoxvsfmtkahqmfxhtjpefxd/Build/Intermediates.noindex/ArchiveIntermediates/AlbumManager/BuildProductsPath/Release-iphoneos/XCFrameworkIntermediates/UMDevice

WriteAuxiliaryFile /Users/runner/Library/Developer/Xcode/DerivedData/AlbumManager-dmxhwzoxvsfmtkahqmfxhtjpefxd/Build/Intermediates.noindex/ArchiveIntermediates/AlbumManager/IntermediateBuildFilesPath/Pods.build/Release-iphoneos/Pods-AlbumManager.build/Objects-normal/arm64/Pods_AlbumManager.LinkFileList (in target 'Pods-AlbumManager' from project 'Pods')
    cd /Users/runner/work/Album_Manager/Album_Manager/Pods
    write-file /Users/runner/Library/Developer/Xcode/DerivedData/AlbumManager-dmxhwzoxvsfmtkahqmfxhtjpefxd/Build/Intermediates.noindex/ArchiveIntermediates/AlbumManager/IntermediateBuildFilesPath/Pods.build/Release-iphoneos/Pods-AlbumManager.build/Objects-normal/arm64/Pods_AlbumManager.LinkFileList

WriteAuxiliaryFile /Users/runner/Library/Developer/Xcode/DerivedData/AlbumManager-dmxhwzoxvsfmtkahqmfxhtjpefxd/Build/Intermediates.noindex/ArchiveIntermediates/AlbumManager/IntermediateBuildFilesPath/Pods.build/Release-iphoneos/Pods-AlbumManager.build/Objects-normal/arm64/7187679823f38a2a940e0043cdf9d637-common-args.resp (in target 'Pods-AlbumManager' from project 'Pods')
    cd /Users/runner/work/Album_Manager/Album_Manager/Pods
    write-file /Users/runner/Library/Developer/Xcode/DerivedData/AlbumManager-dmxhwzoxvsfmtkahqmfxhtjpefxd/Build/Intermediates.noindex/ArchiveIntermediates/AlbumManager/IntermediateBuildFilesPath/Pods.build/Release-iphoneos/Pods-AlbumManager.build/Objects-normal/arm64/7187679823f38a2a940e0043cdf9d637-common-args.resp
-target arm64-apple-ios16.0 '-std=gnu11' -fmodules -gmodules '-fmodules-cache-path=/Users/runner/Library/Developer/Xcode/DerivedData/ModuleCache.noindex' '-fmodule-name=Pods_AlbumManager' -fpascal-strings -Os -fno-common '-DPOD_CONFIGURATION_RELEASE=1' '-DCOCOAPODS=1' -isysroot /Applications/Xcode_16.4.app/Contents/Developer/Platforms/iPhoneOS.platform/Developer/SDKs/iPhoneOS18.5.sdk -g -iquote /Users/runner/Library/Developer/Xcode/DerivedData/AlbumManager-dmxhwzoxvsfmtkahqmfxhtjpefxd/Build/Intermediates.noindex/ArchiveIntermediates/AlbumManager/IntermediateBuildFilesPath/Pods.build/Release-iphoneos/Pods-AlbumManager.build/Pods_AlbumManager-generated-files.hmap -I/Users/runner/Library/Developer/Xcode/DerivedData/AlbumManager-dmxhwzoxvsfmtkahqmfxhtjpefxd/Build/Intermediates.noindex/ArchiveIntermediates/AlbumManager/IntermediateBuildFilesPath/Pods.build/Release-iphoneos/Pods-AlbumManager.build/Pods_AlbumManager-own-target-headers.hmap -I/Users/runner/Library/Developer/Xcode/DerivedData/AlbumManager-dmxhwzoxvsfmtkahqmfxhtjpefxd/Build/Intermediates.noindex/ArchiveIntermediates/AlbumManager/IntermediateBuildFilesPath/Pods.build/Release-iphoneos/Pods-AlbumManager.build/Pods_AlbumManager-all-non-framework-target-headers.hmap -ivfsoverlay /Users/runner/Library/Developer/Xcode/DerivedData/AlbumManager-dmxhwzoxvsfmtkahqmfxhtjpefxd/Build/Intermediates.noindex/ArchiveIntermediates/AlbumManager/IntermediateBuildFilesPath/Pods.build/Release-iphoneos/Pods-8699adb1dd336b26511df848a716bd42-VFS-iphoneos/all-product-headers.yaml -iquote /Users/runner/Library/Developer/Xcode/DerivedData/AlbumManager-dmxhwzoxvsfmtkahqmfxhtjpefxd/Build/Intermediates.noindex/ArchiveIntermediates/AlbumManager/IntermediateBuildFilesPath/Pods.build/Release-iphoneos/Pods-AlbumManager.build/Pods_AlbumManager-project-headers.hmap -I/Users/runner/Library/Developer/Xcode/DerivedData/AlbumManager-dmxhwzoxvsfmtkahqmfxhtjpefxd/Build/Intermediates.noindex/ArchiveIntermediates/AlbumManager/BuildProductsPath/Release-iphoneos/include -I/Users/runner/Library/Developer/Xcode/DerivedData/AlbumManager-dmxhwzoxvsfmtkahqmfxhtjpefxd/Build/Intermediates.noindex/ArchiveIntermediates/AlbumManager/BuildProductsPath/Release-iphoneos/WYYKit/WYYKit.framework/Headers -I/Users/runner/Library/Developer/Xcode/DerivedData/AlbumManager-dmxhwzoxvsfmtkahqmfxhtjpefxd/Build/Intermediates.noindex/ArchiveIntermediates/AlbumManager/IntermediateBuildFilesPath/Pods.build/Release-iphoneos/Pods-AlbumManager.build/DerivedSources-normal/arm64 -I/Users/runner/Library/Developer/Xcode/DerivedData/AlbumManager-dmxhwzoxvsfmtkahqmfxhtjpefxd/Build/Intermediates.noindex/ArchiveIntermediates/AlbumManager/IntermediateBuildFilesPath/Pods.build/Release-iphoneos/Pods-AlbumManager.build/DerivedSources/arm64 -I/Users/runner/Library/Developer/Xcode/DerivedData/AlbumManager-dmxhwzoxvsfmtkahqmfxhtjpefxd/Build/Intermediates.noindex/ArchiveIntermediates/AlbumManager/IntermediateBuildFilesPath/Pods.build/Release-iphoneos/Pods-AlbumManager.build/DerivedSources -F/Users/runner/Library/Developer/Xcode/DerivedData/AlbumManager-dmxhwzoxvsfmtkahqmfxhtjpefxd/Build/Intermediates.noindex/ArchiveIntermediates/AlbumManager/BuildProductsPath/Release-iphoneos -F/Users/runner/Library/Developer/Xcode/DerivedData/AlbumManager-dmxhwzoxvsfmtkahqmfxhtjpefxd/Build/Intermediates.noindex/ArchiveIntermediates/AlbumManager/BuildProductsPath/Release-iphoneos/WYYKit -F/Users/runner/work/Album_Manager/Album_Manager/Pods/UMAPM/UMAPM_2.0.7 -F/Users/runner/work/Album_Manager/Album_Manager/Pods/UMCommon/UMCommon_7.5.8 -F/Users/runner/work/Album_Manager/Album_Manager/Pods/UMDevice/UMDevice_3.5.0 -F/Users/runner/Library/Developer/Xcode/DerivedData/AlbumManager-dmxhwzoxvsfmtkahqmfxhtjpefxd/Build/Intermediates.noindex/ArchiveIntermediates/AlbumManager/BuildProductsPath/Release-iphoneos/XCFrameworkIntermediates/UMAPM -F/Users/runner/Library/Developer/Xcode/DerivedData/AlbumManager-dmxhwzoxvsfmtkahqmfxhtjpefxd/Build/Intermediates.noindex/ArchiveIntermediates/AlbumManager/BuildProductsPath/Release-iphoneos/XCFrameworkIntermediates/UMCommon -F/Users/runner/Library/Developer/Xcode/DerivedData/AlbumManager-dmxhwzoxvsfmtkahqmfxhtjpefxd/Build/Intermediates.noindex/ArchiveIntermediates/AlbumManager/BuildProductsPath/Release-iphoneos/XCFrameworkIntermediates/UMDevice

WriteAuxiliaryFile /Users/runner/Library/Developer/Xcode/DerivedData/AlbumManager-dmxhwzoxvsfmtkahqmfxhtjpefxd/Build/Intermediates.noindex/ArchiveIntermediates/AlbumManager/IntermediateBuildFilesPath/Pods.build/Release-iphoneos/Pods-AlbumManager.build/DerivedSources/Pods_AlbumManager_vers.c (in target 'Pods-AlbumManager' from project 'Pods')
    cd /Users/runner/work/Album_Manager/Album_Manager/Pods
    write-file /Users/runner/Library/Developer/Xcode/DerivedData/AlbumManager-dmxhwzoxvsfmtkahqmfxhtjpefxd/Build/Intermediates.noindex/ArchiveIntermediates/AlbumManager/IntermediateBuildFilesPath/Pods.build/Release-iphoneos/Pods-AlbumManager.build/DerivedSources/Pods_AlbumManager_vers.c

CpHeader /Users/runner/Library/Developer/Xcode/DerivedData/AlbumManager-dmxhwzoxvsfmtkahqmfxhtjpefxd/Build/Intermediates.noindex/ArchiveIntermediates/AlbumManager/IntermediateBuildFilesPath/UninstalledProducts/iphoneos/Pods_AlbumManager.framework/Headers/Pods-AlbumManager-umbrella.h /Users/runner/work/Album_Manager/Album_Manager/Pods/Target\ Support\ Files/Pods-AlbumManager/Pods-AlbumManager-umbrella.h (in target 'Pods-AlbumManager' from project 'Pods')
    cd /Users/runner/work/Album_Manager/Album_Manager/Pods
    builtin-copy -exclude .DS_Store -exclude CVS -exclude .svn -exclude .git -exclude .hg -resolve-src-symlinks /Users/runner/work/Album_Manager/Album_Manager/Pods/Target\ Support\ Files/Pods-AlbumManager/Pods-AlbumManager-umbrella.h /Users/runner/Library/Developer/Xcode/DerivedData/AlbumManager-dmxhwzoxvsfmtkahqmfxhtjpefxd/Build/Intermediates.noindex/ArchiveIntermediates/AlbumManager/IntermediateBuildFilesPath/UninstalledProducts/iphoneos/Pods_AlbumManager.framework/Headers

Copy /Users/runner/Library/Developer/Xcode/DerivedData/AlbumManager-dmxhwzoxvsfmtkahqmfxhtjpefxd/Build/Intermediates.noindex/ArchiveIntermediates/AlbumManager/IntermediateBuildFilesPath/Pods.build/Release-iphoneos/Pods-AlbumManager.build/module.modulemap /Users/runner/work/Album_Manager/Album_Manager/Pods/Target\ Support\ Files/Pods-AlbumManager/Pods-AlbumManager.modulemap (in target 'Pods-AlbumManager' from project 'Pods')
    cd /Users/runner/work/Album_Manager/Album_Manager/Pods
    builtin-copy -exclude .DS_Store -exclude CVS -exclude .svn -exclude .git -exclude .hg -resolve-src-symlinks -rename /Users/runner/work/Album_Manager/Album_Manager/Pods/Target\ Support\ Files/Pods-AlbumManager/Pods-AlbumManager.modulemap /Users/runner/Library/Developer/Xcode/DerivedData/AlbumManager-dmxhwzoxvsfmtkahqmfxhtjpefxd/Build/Intermediates.noindex/ArchiveIntermediates/AlbumManager/IntermediateBuildFilesPath/Pods.build/Release-iphoneos/Pods-AlbumManager.build/module.modulemap

WriteAuxiliaryFile /Users/runner/Library/Developer/Xcode/DerivedData/AlbumManager-dmxhwzoxvsfmtkahqmfxhtjpefxd/Build/Intermediates.noindex/ArchiveIntermediates/AlbumManager/IntermediateBuildFilesPath/AlbumManager.build/Release-iphoneos/AlbumManager.build/Script-47E049FE06BE82BE49404C8C.sh (in target 'AlbumManager' from project 'AlbumManager')
    cd /Users/runner/work/Album_Manager/Album_Manager
    write-file /Users/runner/Library/Developer/Xcode/DerivedData/AlbumManager-dmxhwzoxvsfmtkahqmfxhtjpefxd/Build/Intermediates.noindex/ArchiveIntermediates/AlbumManager/IntermediateBuildFilesPath/AlbumManager.build/Release-iphoneos/AlbumManager.build/Script-47E049FE06BE82BE49404C8C.sh

Copy /Users/runner/Library/Developer/Xcode/DerivedData/AlbumManager-dmxhwzoxvsfmtkahqmfxhtjpefxd/Build/Intermediates.noindex/ArchiveIntermediates/AlbumManager/IntermediateBuildFilesPath/UninstalledProducts/iphoneos/Pods_AlbumManager.framework/Modules/module.modulemap /Users/runner/Library/Developer/Xcode/DerivedData/AlbumManager-dmxhwzoxvsfmtkahqmfxhtjpefxd/Build/Intermediates.noindex/ArchiveIntermediates/AlbumManager/IntermediateBuildFilesPath/Pods.build/Release-iphoneos/Pods-AlbumManager.build/module.modulemap (in target 'Pods-AlbumManager' from project 'Pods')
    cd /Users/runner/work/Album_Manager/Album_Manager/Pods
    builtin-copy -exclude .DS_Store -exclude CVS -exclude .svn -exclude .git -exclude .hg -resolve-src-symlinks /Users/runner/Library/Developer/Xcode/DerivedData/AlbumManager-dmxhwzoxvsfmtkahqmfxhtjpefxd/Build/Intermediates.noindex/ArchiveIntermediates/AlbumManager/IntermediateBuildFilesPath/Pods.build/Release-iphoneos/Pods-AlbumManager.build/module.modulemap /Users/runner/Library/Developer/Xcode/DerivedData/AlbumManager-dmxhwzoxvsfmtkahqmfxhtjpefxd/Build/Intermediates.noindex/ArchiveIntermediates/AlbumManager/IntermediateBuildFilesPath/UninstalledProducts/iphoneos/Pods_AlbumManager.framework/Modules

WriteAuxiliaryFile /Users/runner/Library/Developer/Xcode/DerivedData/AlbumManager-dmxhwzoxvsfmtkahqmfxhtjpefxd/Build/Intermediates.noindex/ArchiveIntermediates/AlbumManager/IntermediateBuildFilesPath/AlbumManager.build/Release-iphoneos/AlbumManager.build/Objects-normal/arm64/AlbumManager_const_extract_protocols.json (in target 'AlbumManager' from project 'AlbumManager')
    cd /Users/runner/work/Album_Manager/Album_Manager
    write-file /Users/runner/Library/Developer/Xcode/DerivedData/AlbumManager-dmxhwzoxvsfmtkahqmfxhtjpefxd/Build/Intermediates.noindex/ArchiveIntermediates/AlbumManager/IntermediateBuildFilesPath/AlbumManager.build/Release-iphoneos/AlbumManager.build/Objects-normal/arm64/AlbumManager_const_extract_protocols.json

WriteAuxiliaryFile /Users/runner/Library/Developer/Xcode/DerivedData/AlbumManager-dmxhwzoxvsfmtkahqmfxhtjpefxd/Build/Intermediates.noindex/ArchiveIntermediates/AlbumManager/IntermediateBuildFilesPath/AlbumManager.build/Release-iphoneos/AlbumManager.build/Objects-normal/arm64/AlbumManager.SwiftFileList (in target 'AlbumManager' from project 'AlbumManager')
    cd /Users/runner/work/Album_Manager/Album_Manager
    write-file /Users/runner/Library/Developer/Xcode/DerivedData/AlbumManager-dmxhwzoxvsfmtkahqmfxhtjpefxd/Build/Intermediates.noindex/ArchiveIntermediates/AlbumManager/IntermediateBuildFilesPath/AlbumManager.build/Release-iphoneos/AlbumManager.build/Objects-normal/arm64/AlbumManager.SwiftFileList

WriteAuxiliaryFile /Users/runner/Library/Developer/Xcode/DerivedData/AlbumManager-dmxhwzoxvsfmtkahqmfxhtjpefxd/Build/Intermediates.noindex/ArchiveIntermediates/AlbumManager/IntermediateBuildFilesPath/AlbumManager.build/Release-iphoneos/AlbumManager.build/Objects-normal/arm64/AlbumManager.SwiftConstValuesFileList (in target 'AlbumManager' from project 'AlbumManager')
    cd /Users/runner/work/Album_Manager/Album_Manager
    write-file /Users/runner/Library/Developer/Xcode/DerivedData/AlbumManager-dmxhwzoxvsfmtkahqmfxhtjpefxd/Build/Intermediates.noindex/ArchiveIntermediates/AlbumManager/IntermediateBuildFilesPath/AlbumManager.build/Release-iphoneos/AlbumManager.build/Objects-normal/arm64/AlbumManager.SwiftConstValuesFileList

WriteAuxiliaryFile /Users/runner/Library/Developer/Xcode/DerivedData/AlbumManager-dmxhwzoxvsfmtkahqmfxhtjpefxd/Build/Intermediates.noindex/ArchiveIntermediates/AlbumManager/IntermediateBuildFilesPath/AlbumManager.build/Release-iphoneos/AlbumManager.build/Objects-normal/arm64/AlbumManager.LinkFileList (in target 'AlbumManager' from project 'AlbumManager')
    cd /Users/runner/work/Album_Manager/Album_Manager
    write-file /Users/runner/Library/Developer/Xcode/DerivedData/AlbumManager-dmxhwzoxvsfmtkahqmfxhtjpefxd/Build/Intermediates.noindex/ArchiveIntermediates/AlbumManager/IntermediateBuildFilesPath/AlbumManager.build/Release-iphoneos/AlbumManager.build/Objects-normal/arm64/AlbumManager.LinkFileList

WriteAuxiliaryFile /Users/runner/Library/Developer/Xcode/DerivedData/AlbumManager-dmxhwzoxvsfmtkahqmfxhtjpefxd/Build/Intermediates.noindex/ArchiveIntermediates/AlbumManager/IntermediateBuildFilesPath/AlbumManager.build/Release-iphoneos/AlbumManager.build/Objects-normal/arm64/AlbumManager-OutputFileMap.json (in target 'AlbumManager' from project 'AlbumManager')
    cd /Users/runner/work/Album_Manager/Album_Manager
    write-file /Users/runner/Library/Developer/Xcode/DerivedData/AlbumManager-dmxhwzoxvsfmtkahqmfxhtjpefxd/Build/Intermediates.noindex/ArchiveIntermediates/AlbumManager/IntermediateBuildFilesPath/AlbumManager.build/Release-iphoneos/AlbumManager.build/Objects-normal/arm64/AlbumManager-OutputFileMap.json

WriteAuxiliaryFile /Users/runner/Library/Developer/Xcode/DerivedData/AlbumManager-dmxhwzoxvsfmtkahqmfxhtjpefxd/Build/Intermediates.noindex/ArchiveIntermediates/AlbumManager/IntermediateBuildFilesPath/AlbumManager.build/Release-iphoneos/AlbumManager.build/Objects-normal/arm64/7187679823f38a2a940e0043cdf9d637-common-args.resp (in target 'AlbumManager' from project 'AlbumManager')
    cd /Users/runner/work/Album_Manager/Album_Manager
    write-file /Users/runner/Library/Developer/Xcode/DerivedData/AlbumManager-dmxhwzoxvsfmtkahqmfxhtjpefxd/Build/Intermediates.noindex/ArchiveIntermediates/AlbumManager/IntermediateBuildFilesPath/AlbumManager.build/Release-iphoneos/AlbumManager.build/Objects-normal/arm64/7187679823f38a2a940e0043cdf9d637-common-args.resp
-target arm64-apple-ios16.0 '-std=gnu11' -fmodules -gmodules '-fmodules-cache-path=/Users/runner/Library/Developer/Xcode/DerivedData/ModuleCache.noindex' -fpascal-strings -Os -fno-common '-DCOCOAPODS=1' -isysroot /Applications/Xcode_16.4.app/Contents/Developer/Platforms/iPhoneOS.platform/Developer/SDKs/iPhoneOS18.5.sdk -g '-fvisibility=hidden' -iquote /Users/runner/Library/Developer/Xcode/DerivedData/AlbumManager-dmxhwzoxvsfmtkahqmfxhtjpefxd/Build/Intermediates.noindex/ArchiveIntermediates/AlbumManager/IntermediateBuildFilesPath/AlbumManager.build/Release-iphoneos/AlbumManager.build/AlbumManager-generated-files.hmap -I/Users/runner/Library/Developer/Xcode/DerivedData/AlbumManager-dmxhwzoxvsfmtkahqmfxhtjpefxd/Build/Intermediates.noindex/ArchiveIntermediates/AlbumManager/IntermediateBuildFilesPath/AlbumManager.build/Release-iphoneos/AlbumManager.build/AlbumManager-own-target-headers.hmap -I/Users/runner/Library/Developer/Xcode/DerivedData/AlbumManager-dmxhwzoxvsfmtkahqmfxhtjpefxd/Build/Intermediates.noindex/ArchiveIntermediates/AlbumManager/IntermediateBuildFilesPath/AlbumManager.build/Release-iphoneos/AlbumManager.build/AlbumManager-all-non-framework-target-headers.hmap -ivfsoverlay /Users/runner/Library/Developer/Xcode/DerivedData/AlbumManager-dmxhwzoxvsfmtkahqmfxhtjpefxd/Build/Intermediates.noindex/ArchiveIntermediates/AlbumManager/IntermediateBuildFilesPath/AlbumManager.build/Release-iphoneos/AlbumManager-b2d579eab24b94c6a6162a10566c28bb-VFS-iphoneos/all-product-headers.yaml -iquote /Users/runner/Library/Developer/Xcode/DerivedData/AlbumManager-dmxhwzoxvsfmtkahqmfxhtjpefxd/Build/Intermediates.noindex/ArchiveIntermediates/AlbumManager/IntermediateBuildFilesPath/AlbumManager.build/Release-iphoneos/AlbumManager.build/AlbumManager-project-headers.hmap -I/Users/runner/Library/Developer/Xcode/DerivedData/AlbumManager-dmxhwzoxvsfmtkahqmfxhtjpefxd/Build/Intermediates.noindex/ArchiveIntermediates/AlbumManager/BuildProductsPath/Release-iphoneos/include -I/Users/runner/Library/Developer/Xcode/DerivedData/AlbumManager-dmxhwzoxvsfmtkahqmfxhtjpefxd/Build/Intermediates.noindex/ArchiveIntermediates/AlbumManager/BuildProductsPath/Release-iphoneos/WYYKit/WYYKit.framework/Headers -I/Users/runner/Library/Developer/Xcode/DerivedData/AlbumManager-dmxhwzoxvsfmtkahqmfxhtjpefxd/Build/Intermediates.noindex/ArchiveIntermediates/AlbumManager/IntermediateBuildFilesPath/AlbumManager.build/Release-iphoneos/AlbumManager.build/DerivedSources-normal/arm64 -I/Users/runner/Library/Developer/Xcode/DerivedData/AlbumManager-dmxhwzoxvsfmtkahqmfxhtjpefxd/Build/Intermediates.noindex/ArchiveIntermediates/AlbumManager/IntermediateBuildFilesPath/AlbumManager.build/Release-iphoneos/AlbumManager.build/DerivedSources/arm64 -I/Users/runner/Library/Developer/Xcode/DerivedData/AlbumManager-dmxhwzoxvsfmtkahqmfxhtjpefxd/Build/Intermediates.noindex/ArchiveIntermediates/AlbumManager/IntermediateBuildFilesPath/AlbumManager.build/Release-iphoneos/AlbumManager.build/DerivedSources -F/Users/runner/Library/Developer/Xcode/DerivedData/AlbumManager-dmxhwzoxvsfmtkahqmfxhtjpefxd/Build/Intermediates.noindex/ArchiveIntermediates/AlbumManager/BuildProductsPath/Release-iphoneos -F/Users/runner/Library/Developer/Xcode/DerivedData/AlbumManager-dmxhwzoxvsfmtkahqmfxhtjpefxd/Build/Intermediates.noindex/ArchiveIntermediates/AlbumManager/BuildProductsPath/Release-iphoneos/WYYKit -F/Users/runner/work/Album_Manager/Album_Manager/Pods/UMAPM/UMAPM_2.0.7 -F/Users/runner/work/Album_Manager/Album_Manager/Pods/UMCommon/UMCommon_7.5.8 -F/Users/runner/work/Album_Manager/Album_Manager/Pods/UMDevice/UMDevice_3.5.0 -F/Users/runner/Library/Developer/Xcode/DerivedData/AlbumManager-dmxhwzoxvsfmtkahqmfxhtjpefxd/Build/Intermediates.noindex/ArchiveIntermediates/AlbumManager/BuildProductsPath/Release-iphoneos/XCFrameworkIntermediates/UMAPM -F/Users/runner/Library/Developer/Xcode/DerivedData/AlbumManager-dmxhwzoxvsfmtkahqmfxhtjpefxd/Build/Intermediates.noindex/ArchiveIntermediates/AlbumManager/BuildProductsPath/Release-iphoneos/XCFrameworkIntermediates/UMCommon -F/Users/runner/Library/Developer/Xcode/DerivedData/AlbumManager-dmxhwzoxvsfmtkahqmfxhtjpefxd/Build/Intermediates.noindex/ArchiveIntermediates/AlbumManager/BuildProductsPath/Release-iphoneos/XCFrameworkIntermediates/UMDevice

WriteAuxiliaryFile /Users/runner/Library/Developer/Xcode/DerivedData/AlbumManager-dmxhwzoxvsfmtkahqmfxhtjpefxd/Build/Intermediates.noindex/ArchiveIntermediates/AlbumManager/IntermediateBuildFilesPath/AlbumManager.build/Release-iphoneos/AlbumManager.build/DerivedSources/Entitlements.plist (in target 'AlbumManager' from project 'AlbumManager')
    cd /Users/runner/work/Album_Manager/Album_Manager
    write-file /Users/runner/Library/Developer/Xcode/DerivedData/AlbumManager-dmxhwzoxvsfmtkahqmfxhtjpefxd/Build/Intermediates.noindex/ArchiveIntermediates/AlbumManager/IntermediateBuildFilesPath/AlbumManager.build/Release-iphoneos/AlbumManager.build/DerivedSources/Entitlements.plist

WriteAuxiliaryFile /Users/runner/Library/Developer/Xcode/DerivedData/AlbumManager-dmxhwzoxvsfmtkahqmfxhtjpefxd/Build/Intermediates.noindex/ArchiveIntermediates/AlbumManager/IntermediateBuildFilesPath/AlbumManager.build/Release-iphoneos/AlbumManager.build/DerivedSources/AlbumManager_vers.c (in target 'AlbumManager' from project 'AlbumManager')
    cd /Users/runner/work/Album_Manager/Album_Manager
    write-file /Users/runner/Library/Developer/Xcode/DerivedData/AlbumManager-dmxhwzoxvsfmtkahqmfxhtjpefxd/Build/Intermediates.noindex/ArchiveIntermediates/AlbumManager/IntermediateBuildFilesPath/AlbumManager.build/Release-iphoneos/AlbumManager.build/DerivedSources/AlbumManager_vers.c

WriteAuxiliaryFile /Users/runner/Library/Developer/Xcode/DerivedData/AlbumManager-dmxhwzoxvsfmtkahqmfxhtjpefxd/Build/Intermediates.noindex/ArchiveIntermediates/AlbumManager/IntermediateBuildFilesPath/AlbumManager.build/Release-iphoneos/AlbumManager.build/AlbumManager.hmap (in target 'AlbumManager' from project 'AlbumManager')
    cd /Users/runner/work/Album_Manager/Album_Manager
    write-file /Users/runner/Library/Developer/Xcode/DerivedData/AlbumManager-dmxhwzoxvsfmtkahqmfxhtjpefxd/Build/Intermediates.noindex/ArchiveIntermediates/AlbumManager/IntermediateBuildFilesPath/AlbumManager.build/Release-iphoneos/AlbumManager.build/AlbumManager.hmap

WriteAuxiliaryFile /Users/runner/Library/Developer/Xcode/DerivedData/AlbumManager-dmxhwzoxvsfmtkahqmfxhtjpefxd/Build/Intermediates.noindex/ArchiveIntermediates/AlbumManager/IntermediateBuildFilesPath/AlbumManager.build/Release-iphoneos/AlbumManager.build/AlbumManager.DependencyStaticMetadataFileList (in target 'AlbumManager' from project 'AlbumManager')
    cd /Users/runner/work/Album_Manager/Album_Manager
    write-file /Users/runner/Library/Developer/Xcode/DerivedData/AlbumManager-dmxhwzoxvsfmtkahqmfxhtjpefxd/Build/Intermediates.noindex/ArchiveIntermediates/AlbumManager/IntermediateBuildFilesPath/AlbumManager.build/Release-iphoneos/AlbumManager.build/AlbumManager.DependencyStaticMetadataFileList

WriteAuxiliaryFile /Users/runner/Library/Developer/Xcode/DerivedData/AlbumManager-dmxhwzoxvsfmtkahqmfxhtjpefxd/Build/Intermediates.noindex/ArchiveIntermediates/AlbumManager/IntermediateBuildFilesPath/AlbumManager.build/Release-iphoneos/AlbumManager.build/AlbumManager.DependencyMetadataFileList (in target 'AlbumManager' from project 'AlbumManager')
    cd /Users/runner/work/Album_Manager/Album_Manager
    write-file /Users/runner/Library/Developer/Xcode/DerivedData/AlbumManager-dmxhwzoxvsfmtkahqmfxhtjpefxd/Build/Intermediates.noindex/ArchiveIntermediates/AlbumManager/IntermediateBuildFilesPath/AlbumManager.build/Release-iphoneos/AlbumManager.build/AlbumManager.DependencyMetadataFileList

WriteAuxiliaryFile /Users/runner/Library/Developer/Xcode/DerivedData/AlbumManager-dmxhwzoxvsfmtkahqmfxhtjpefxd/Build/Intermediates.noindex/ArchiveIntermediates/AlbumManager/IntermediateBuildFilesPath/AlbumManager.build/Release-iphoneos/AlbumManager.build/AlbumManager-project-headers.hmap (in target 'AlbumManager' from project 'AlbumManager')
    cd /Users/runner/work/Album_Manager/Album_Manager
    write-file /Users/runner/Library/Developer/Xcode/DerivedData/AlbumManager-dmxhwzoxvsfmtkahqmfxhtjpefxd/Build/Intermediates.noindex/ArchiveIntermediates/AlbumManager/IntermediateBuildFilesPath/AlbumManager.build/Release-iphoneos/AlbumManager.build/AlbumManager-project-headers.hmap

WriteAuxiliaryFile /Users/runner/Library/Developer/Xcode/DerivedData/AlbumManager-dmxhwzoxvsfmtkahqmfxhtjpefxd/Build/Intermediates.noindex/ArchiveIntermediates/AlbumManager/IntermediateBuildFilesPath/AlbumManager.build/Release-iphoneos/AlbumManager.build/AlbumManager-own-target-headers.hmap (in target 'AlbumManager' from project 'AlbumManager')
    cd /Users/runner/work/Album_Manager/Album_Manager
    write-file /Users/runner/Library/Developer/Xcode/DerivedData/AlbumManager-dmxhwzoxvsfmtkahqmfxhtjpefxd/Build/Intermediates.noindex/ArchiveIntermediates/AlbumManager/IntermediateBuildFilesPath/AlbumManager.build/Release-iphoneos/AlbumManager.build/AlbumManager-own-target-headers.hmap

WriteAuxiliaryFile /Users/runner/Library/Developer/Xcode/DerivedData/AlbumManager-dmxhwzoxvsfmtkahqmfxhtjpefxd/Build/Intermediates.noindex/ArchiveIntermediates/AlbumManager/IntermediateBuildFilesPath/AlbumManager.build/Release-iphoneos/AlbumManager.build/AlbumManager-generated-files.hmap (in target 'AlbumManager' from project 'AlbumManager')
    cd /Users/runner/work/Album_Manager/Album_Manager
    write-file /Users/runner/Library/Developer/Xcode/DerivedData/AlbumManager-dmxhwzoxvsfmtkahqmfxhtjpefxd/Build/Intermediates.noindex/ArchiveIntermediates/AlbumManager/IntermediateBuildFilesPath/AlbumManager.build/Release-iphoneos/AlbumManager.build/AlbumManager-generated-files.hmap

WriteAuxiliaryFile /Users/runner/Library/Developer/Xcode/DerivedData/AlbumManager-dmxhwzoxvsfmtkahqmfxhtjpefxd/Build/Intermediates.noindex/ArchiveIntermediates/AlbumManager/IntermediateBuildFilesPath/AlbumManager.build/Release-iphoneos/AlbumManager.build/AlbumManager-all-target-headers.hmap (in target 'AlbumManager' from project 'AlbumManager')
    cd /Users/runner/work/Album_Manager/Album_Manager
    write-file /Users/runner/Library/Developer/Xcode/DerivedData/AlbumManager-dmxhwzoxvsfmtkahqmfxhtjpefxd/Build/Intermediates.noindex/ArchiveIntermediates/AlbumManager/IntermediateBuildFilesPath/AlbumManager.build/Release-iphoneos/AlbumManager.build/AlbumManager-all-target-headers.hmap

WriteAuxiliaryFile /Users/runner/Library/Developer/Xcode/DerivedData/AlbumManager-dmxhwzoxvsfmtkahqmfxhtjpefxd/Build/Intermediates.noindex/ArchiveIntermediates/AlbumManager/IntermediateBuildFilesPath/AlbumManager.build/Release-iphoneos/AlbumManager.build/AlbumManager-all-non-framework-target-headers.hmap (in target 'AlbumManager' from project 'AlbumManager')
    cd /Users/runner/work/Album_Manager/Album_Manager
    write-file /Users/runner/Library/Developer/Xcode/DerivedData/AlbumManager-dmxhwzoxvsfmtkahqmfxhtjpefxd/Build/Intermediates.noindex/ArchiveIntermediates/AlbumManager/IntermediateBuildFilesPath/AlbumManager.build/Release-iphoneos/AlbumManager.build/AlbumManager-all-non-framework-target-headers.hmap

SymLink /Users/runner/Library/Developer/Xcode/DerivedData/AlbumManager-dmxhwzoxvsfmtkahqmfxhtjpefxd/Build/Intermediates.noindex/ArchiveIntermediates/AlbumManager/BuildProductsPath/Release-iphoneos/Pods_AlbumManager.framework ../../IntermediateBuildFilesPath/UninstalledProducts/iphoneos/Pods_AlbumManager.framework (in target 'Pods-AlbumManager' from project 'Pods')
    cd /Users/runner/work/Album_Manager/Album_Manager/Pods
    /bin/ln -sfh ../../IntermediateBuildFilesPath/UninstalledProducts/iphoneos/Pods_AlbumManager.framework /Users/runner/Library/Developer/Xcode/DerivedData/AlbumManager-dmxhwzoxvsfmtkahqmfxhtjpefxd/Build/Intermediates.noindex/ArchiveIntermediates/AlbumManager/BuildProductsPath/Release-iphoneos/Pods_AlbumManager.framework

MkDir /Users/runner/Library/Developer/Xcode/DerivedData/AlbumManager-dmxhwzoxvsfmtkahqmfxhtjpefxd/Build/Intermediates.noindex/ArchiveIntermediates/AlbumManager/IntermediateBuildFilesPath/UninstalledProducts/iphoneos/Pods_AlbumManager.framework/Headers (in target 'Pods-AlbumManager' from project 'Pods')
    cd /Users/runner/work/Album_Manager/Album_Manager/Pods
    /bin/mkdir -p /Users/runner/Library/Developer/Xcode/DerivedData/AlbumManager-dmxhwzoxvsfmtkahqmfxhtjpefxd/Build/Intermediates.noindex/ArchiveIntermediates/AlbumManager/IntermediateBuildFilesPath/UninstalledProducts/iphoneos/Pods_AlbumManager.framework/Headers

MkDir /Users/runner/Library/Developer/Xcode/DerivedData/AlbumManager-dmxhwzoxvsfmtkahqmfxhtjpefxd/Build/Intermediates.noindex/ArchiveIntermediates/AlbumManager/IntermediateBuildFilesPath/UninstalledProducts/iphoneos/Pods_AlbumManager.framework (in target 'Pods-AlbumManager' from project 'Pods')
    cd /Users/runner/work/Album_Manager/Album_Manager/Pods
    /bin/mkdir -p /Users/runner/Library/Developer/Xcode/DerivedData/AlbumManager-dmxhwzoxvsfmtkahqmfxhtjpefxd/Build/Intermediates.noindex/ArchiveIntermediates/AlbumManager/IntermediateBuildFilesPath/UninstalledProducts/iphoneos/Pods_AlbumManager.framework

SymLink /Users/runner/Library/Developer/Xcode/DerivedData/AlbumManager-dmxhwzoxvsfmtkahqmfxhtjpefxd/Build/Intermediates.noindex/ArchiveIntermediates/AlbumManager/BuildProductsPath/Release-iphoneos/AlbumManager.app ../../InstallationBuildProductsLocation/Applications/AlbumManager.app (in target 'AlbumManager' from project 'AlbumManager')
    cd /Users/runner/work/Album_Manager/Album_Manager
    /bin/ln -sfh ../../InstallationBuildProductsLocation/Applications/AlbumManager.app /Users/runner/Library/Developer/Xcode/DerivedData/AlbumManager-dmxhwzoxvsfmtkahqmfxhtjpefxd/Build/Intermediates.noindex/ArchiveIntermediates/AlbumManager/BuildProductsPath/Release-iphoneos/AlbumManager.app

MkDir /Users/runner/Library/Developer/Xcode/DerivedData/AlbumManager-dmxhwzoxvsfmtkahqmfxhtjpefxd/Build/Intermediates.noindex/ArchiveIntermediates/AlbumManager/InstallationBuildProductsLocation/Applications/AlbumManager.app (in target 'AlbumManager' from project 'AlbumManager')
    cd /Users/runner/work/Album_Manager/Album_Manager
    /bin/mkdir -p /Users/runner/Library/Developer/Xcode/DerivedData/AlbumManager-dmxhwzoxvsfmtkahqmfxhtjpefxd/Build/Intermediates.noindex/ArchiveIntermediates/AlbumManager/InstallationBuildProductsLocation/Applications/AlbumManager.app

CreateBuildDirectory /Users/runner/Library/Developer/Xcode/DerivedData/AlbumManager-dmxhwzoxvsfmtkahqmfxhtjpefxd/Build/Intermediates.noindex/ArchiveIntermediates/AlbumManager/BuildProductsPath/Release-iphoneos/UMDevice
    cd /Users/runner/work/Album_Manager/Album_Manager
    builtin-create-build-directory /Users/runner/Library/Developer/Xcode/DerivedData/AlbumManager-dmxhwzoxvsfmtkahqmfxhtjpefxd/Build/Intermediates.noindex/ArchiveIntermediates/AlbumManager/BuildProductsPath/Release-iphoneos/UMDevice

WriteAuxiliaryFile /Users/runner/Library/Developer/Xcode/DerivedData/AlbumManager-dmxhwzoxvsfmtkahqmfxhtjpefxd/Build/Intermediates.noindex/ArchiveIntermediates/AlbumManager/IntermediateBuildFilesPath/Pods.build/Release-iphoneos/WYYKit.build/unextended-module-swiftunextension.modulemap (in target 'WYYKit' from project 'Pods')
    cd /Users/runner/work/Album_Manager/Album_Manager/Pods
    write-file /Users/runner/Library/Developer/Xcode/DerivedData/AlbumManager-dmxhwzoxvsfmtkahqmfxhtjpefxd/Build/Intermediates.noindex/ArchiveIntermediates/AlbumManager/IntermediateBuildFilesPath/Pods.build/Release-iphoneos/WYYKit.build/unextended-module-swiftunextension.modulemap

WriteAuxiliaryFile /Users/runner/Library/Developer/Xcode/DerivedData/AlbumManager-dmxhwzoxvsfmtkahqmfxhtjpefxd/Build/Intermediates.noindex/ArchiveIntermediates/AlbumManager/IntermediateBuildFilesPath/Pods.build/Release-iphoneos/WYYKit.build/unextended-module-overlay.yaml (in target 'WYYKit' from project 'Pods')
    cd /Users/runner/work/Album_Manager/Album_Manager/Pods
    write-file /Users/runner/Library/Developer/Xcode/DerivedData/AlbumManager-dmxhwzoxvsfmtkahqmfxhtjpefxd/Build/Intermediates.noindex/ArchiveIntermediates/AlbumManager/IntermediateBuildFilesPath/Pods.build/Release-iphoneos/WYYKit.build/unextended-module-overlay.yaml

WriteAuxiliaryFile /Users/runner/Library/Developer/Xcode/DerivedData/AlbumManager-dmxhwzoxvsfmtkahqmfxhtjpefxd/Build/Intermediates.noindex/ArchiveIntermediates/AlbumManager/IntermediateBuildFilesPath/Pods.build/Release-iphoneos/WYYKit.build/module-swiftextension.modulemap (in target 'WYYKit' from project 'Pods')
    cd /Users/runner/work/Album_Manager/Album_Manager/Pods
    write-file /Users/runner/Library/Developer/Xcode/DerivedData/AlbumManager-dmxhwzoxvsfmtkahqmfxhtjpefxd/Build/Intermediates.noindex/ArchiveIntermediates/AlbumManager/IntermediateBuildFilesPath/Pods.build/Release-iphoneos/WYYKit.build/module-swiftextension.modulemap

WriteAuxiliaryFile /Users/runner/Library/Developer/Xcode/DerivedData/AlbumManager-dmxhwzoxvsfmtkahqmfxhtjpefxd/Build/Intermediates.noindex/ArchiveIntermediates/AlbumManager/IntermediateBuildFilesPath/Pods.build/Release-iphoneos/WYYKit.build/WYYKit.hmap (in target 'WYYKit' from project 'Pods')
    cd /Users/runner/work/Album_Manager/Album_Manager/Pods
    write-file /Users/runner/Library/Developer/Xcode/DerivedData/AlbumManager-dmxhwzoxvsfmtkahqmfxhtjpefxd/Build/Intermediates.noindex/ArchiveIntermediates/AlbumManager/IntermediateBuildFilesPath/Pods.build/Release-iphoneos/WYYKit.build/WYYKit.hmap

WriteAuxiliaryFile /Users/runner/Library/Developer/Xcode/DerivedData/AlbumManager-dmxhwzoxvsfmtkahqmfxhtjpefxd/Build/Intermediates.noindex/ArchiveIntermediates/AlbumManager/IntermediateBuildFilesPath/Pods.build/Release-iphoneos/WYYKit.build/WYYKit.DependencyStaticMetadataFileList (in target 'WYYKit' from project 'Pods')
    cd /Users/runner/work/Album_Manager/Album_Manager/Pods
    write-file /Users/runner/Library/Developer/Xcode/DerivedData/AlbumManager-dmxhwzoxvsfmtkahqmfxhtjpefxd/Build/Intermediates.noindex/ArchiveIntermediates/AlbumManager/IntermediateBuildFilesPath/Pods.build/Release-iphoneos/WYYKit.build/WYYKit.DependencyStaticMetadataFileList

WriteAuxiliaryFile /Users/runner/Library/Developer/Xcode/DerivedData/AlbumManager-dmxhwzoxvsfmtkahqmfxhtjpefxd/Build/Intermediates.noindex/ArchiveIntermediates/AlbumManager/IntermediateBuildFilesPath/Pods.build/Release-iphoneos/WYYKit.build/WYYKit.DependencyMetadataFileList (in target 'WYYKit' from project 'Pods')
    cd /Users/runner/work/Album_Manager/Album_Manager/Pods
    write-file /Users/runner/Library/Developer/Xcode/DerivedData/AlbumManager-dmxhwzoxvsfmtkahqmfxhtjpefxd/Build/Intermediates.noindex/ArchiveIntermediates/AlbumManager/IntermediateBuildFilesPath/Pods.build/Release-iphoneos/WYYKit.build/WYYKit.DependencyMetadataFileList

WriteAuxiliaryFile /Users/runner/Library/Developer/Xcode/DerivedData/AlbumManager-dmxhwzoxvsfmtkahqmfxhtjpefxd/Build/Intermediates.noindex/ArchiveIntermediates/AlbumManager/IntermediateBuildFilesPath/Pods.build/Release-iphoneos/WYYKit.build/WYYKit-project-headers.hmap (in target 'WYYKit' from project 'Pods')
    cd /Users/runner/work/Album_Manager/Album_Manager/Pods
    write-file /Users/runner/Library/Developer/Xcode/DerivedData/AlbumManager-dmxhwzoxvsfmtkahqmfxhtjpefxd/Build/Intermediates.noindex/ArchiveIntermediates/AlbumManager/IntermediateBuildFilesPath/Pods.build/Release-iphoneos/WYYKit.build/WYYKit-project-headers.hmap

WriteAuxiliaryFile /Users/runner/Library/Developer/Xcode/DerivedData/AlbumManager-dmxhwzoxvsfmtkahqmfxhtjpefxd/Build/Intermediates.noindex/ArchiveIntermediates/AlbumManager/IntermediateBuildFilesPath/Pods.build/Release-iphoneos/WYYKit.build/WYYKit-own-target-headers.hmap (in target 'WYYKit' from project 'Pods')
    cd /Users/runner/work/Album_Manager/Album_Manager/Pods
    write-file /Users/runner/Library/Developer/Xcode/DerivedData/AlbumManager-dmxhwzoxvsfmtkahqmfxhtjpefxd/Build/Intermediates.noindex/ArchiveIntermediates/AlbumManager/IntermediateBuildFilesPath/Pods.build/Release-iphoneos/WYYKit.build/WYYKit-own-target-headers.hmap

WriteAuxiliaryFile /Users/runner/Library/Developer/Xcode/DerivedData/AlbumManager-dmxhwzoxvsfmtkahqmfxhtjpefxd/Build/Intermediates.noindex/ArchiveIntermediates/AlbumManager/IntermediateBuildFilesPath/Pods.build/Release-iphoneos/WYYKit.build/WYYKit-generated-files.hmap (in target 'WYYKit' from project 'Pods')
    cd /Users/runner/work/Album_Manager/Album_Manager/Pods
    write-file /Users/runner/Library/Developer/Xcode/DerivedData/AlbumManager-dmxhwzoxvsfmtkahqmfxhtjpefxd/Build/Intermediates.noindex/ArchiveIntermediates/AlbumManager/IntermediateBuildFilesPath/Pods.build/Release-iphoneos/WYYKit.build/WYYKit-generated-files.hmap

WriteAuxiliaryFile /Users/runner/Library/Developer/Xcode/DerivedData/AlbumManager-dmxhwzoxvsfmtkahqmfxhtjpefxd/Build/Intermediates.noindex/ArchiveIntermediates/AlbumManager/IntermediateBuildFilesPath/Pods.build/Release-iphoneos/WYYKit.build/WYYKit-all-target-headers.hmap (in target 'WYYKit' from project 'Pods')
    cd /Users/runner/work/Album_Manager/Album_Manager/Pods
    write-file /Users/runner/Library/Developer/Xcode/DerivedData/AlbumManager-dmxhwzoxvsfmtkahqmfxhtjpefxd/Build/Intermediates.noindex/ArchiveIntermediates/AlbumManager/IntermediateBuildFilesPath/Pods.build/Release-iphoneos/WYYKit.build/WYYKit-all-target-headers.hmap

WriteAuxiliaryFile /Users/runner/Library/Developer/Xcode/DerivedData/AlbumManager-dmxhwzoxvsfmtkahqmfxhtjpefxd/Build/Intermediates.noindex/ArchiveIntermediates/AlbumManager/IntermediateBuildFilesPath/Pods.build/Release-iphoneos/WYYKit.build/WYYKit-all-non-framework-target-headers.hmap (in target 'WYYKit' from project 'Pods')
    cd /Users/runner/work/Album_Manager/Album_Manager/Pods
    write-file /Users/runner/Library/Developer/Xcode/DerivedData/AlbumManager-dmxhwzoxvsfmtkahqmfxhtjpefxd/Build/Intermediates.noindex/ArchiveIntermediates/AlbumManager/IntermediateBuildFilesPath/Pods.build/Release-iphoneos/WYYKit.build/WYYKit-all-non-framework-target-headers.hmap

WriteAuxiliaryFile /Users/runner/Library/Developer/Xcode/DerivedData/AlbumManager-dmxhwzoxvsfmtkahqmfxhtjpefxd/Build/Intermediates.noindex/ArchiveIntermediates/AlbumManager/IntermediateBuildFilesPath/Pods.build/Release-iphoneos/WYYKit.build/Objects-normal/arm64/e6072d4f65d7061329687fe24e3d63a7-common-args.resp (in target 'WYYKit' from project 'Pods')
    cd /Users/runner/work/Album_Manager/Album_Manager/Pods
    write-file /Users/runner/Library/Developer/Xcode/DerivedData/AlbumManager-dmxhwzoxvsfmtkahqmfxhtjpefxd/Build/Intermediates.noindex/ArchiveIntermediates/AlbumManager/IntermediateBuildFilesPath/Pods.build/Release-iphoneos/WYYKit.build/Objects-normal/arm64/e6072d4f65d7061329687fe24e3d63a7-common-args.resp
-target arm64-apple-ios15.0 '-std=gnu11' -fobjc-arc -fmodules -gmodules '-fmodules-cache-path=/Users/runner/Library/Developer/Xcode/DerivedData/ModuleCache.noindex' '-fmodule-name=WYYKit' -fpascal-strings -Os -fno-common '-DPOD_CONFIGURATION_RELEASE=1' '-DCOCOAPODS=1' '-DNS_BLOCK_ASSERTIONS=1' '-DOBJC_OLD_DISPATCH_PROTOTYPES=0' -isysroot /Applications/Xcode_16.4.app/Contents/Developer/Platforms/iPhoneOS.platform/Developer/SDKs/iPhoneOS18.5.sdk -g -iquote /Users/runner/Library/Developer/Xcode/DerivedData/AlbumManager-dmxhwzoxvsfmtkahqmfxhtjpefxd/Build/Intermediates.noindex/ArchiveIntermediates/AlbumManager/IntermediateBuildFilesPath/Pods.build/Release-iphoneos/WYYKit.build/WYYKit-generated-files.hmap -I/Users/runner/Library/Developer/Xcode/DerivedData/AlbumManager-dmxhwzoxvsfmtkahqmfxhtjpefxd/Build/Intermediates.noindex/ArchiveIntermediates/AlbumManager/IntermediateBuildFilesPath/Pods.build/Release-iphoneos/WYYKit.build/WYYKit-own-target-headers.hmap -I/Users/runner/Library/Developer/Xcode/DerivedData/AlbumManager-dmxhwzoxvsfmtkahqmfxhtjpefxd/Build/Intermediates.noindex/ArchiveIntermediates/AlbumManager/IntermediateBuildFilesPath/Pods.build/Release-iphoneos/WYYKit.build/WYYKit-all-non-framework-target-headers.hmap -ivfsoverlay /Users/runner/Library/Developer/Xcode/DerivedData/AlbumManager-dmxhwzoxvsfmtkahqmfxhtjpefxd/Build/Intermediates.noindex/ArchiveIntermediates/AlbumManager/IntermediateBuildFilesPath/Pods.build/Release-iphoneos/Pods-8699adb1dd336b26511df848a716bd42-VFS-iphoneos/all-product-headers.yaml -iquote /Users/runner/Library/Developer/Xcode/DerivedData/AlbumManager-dmxhwzoxvsfmtkahqmfxhtjpefxd/Build/Intermediates.noindex/ArchiveIntermediates/AlbumManager/IntermediateBuildFilesPath/Pods.build/Release-iphoneos/WYYKit.build/WYYKit-project-headers.hmap -I/Users/runner/Library/Developer/Xcode/DerivedData/AlbumManager-dmxhwzoxvsfmtkahqmfxhtjpefxd/Build/Intermediates.noindex/ArchiveIntermediates/AlbumManager/BuildProductsPath/Release-iphoneos/WYYKit/include -I/Users/runner/Library/Developer/Xcode/DerivedData/AlbumManager-dmxhwzoxvsfmtkahqmfxhtjpefxd/Build/Intermediates.noindex/ArchiveIntermediates/AlbumManager/IntermediateBuildFilesPath/Pods.build/Release-iphoneos/WYYKit.build/DerivedSources-normal/arm64 -I/Users/runner/Library/Developer/Xcode/DerivedData/AlbumManager-dmxhwzoxvsfmtkahqmfxhtjpefxd/Build/Intermediates.noindex/ArchiveIntermediates/AlbumManager/IntermediateBuildFilesPath/Pods.build/Release-iphoneos/WYYKit.build/DerivedSources/arm64 -I/Users/runner/Library/Developer/Xcode/DerivedData/AlbumManager-dmxhwzoxvsfmtkahqmfxhtjpefxd/Build/Intermediates.noindex/ArchiveIntermediates/AlbumManager/IntermediateBuildFilesPath/Pods.build/Release-iphoneos/WYYKit.build/DerivedSources -F/Users/runner/Library/Developer/Xcode/DerivedData/AlbumManager-dmxhwzoxvsfmtkahqmfxhtjpefxd/Build/Intermediates.noindex/ArchiveIntermediates/AlbumManager/BuildProductsPath/Release-iphoneos/WYYKit -F/Users/runner/work/Album_Manager/Album_Manager/Pods/UMAPM/UMAPM_2.0.7 -F/Users/runner/work/Album_Manager/Album_Manager/Pods/UMCommon/UMCommon_7.5.8 -F/Users/runner/work/Album_Manager/Album_Manager/Pods/UMDevice/UMDevice_3.5.0 -F/Users/runner/Library/Developer/Xcode/DerivedData/AlbumManager-dmxhwzoxvsfmtkahqmfxhtjpefxd/Build/Intermediates.noindex/ArchiveIntermediates/AlbumManager/BuildProductsPath/Release-iphoneos/XCFrameworkIntermediates/UMAPM -F/Users/runner/Library/Developer/Xcode/DerivedData/AlbumManager-dmxhwzoxvsfmtkahqmfxhtjpefxd/Build/Intermediates.noindex/ArchiveIntermediates/AlbumManager/BuildProductsPath/Release-iphoneos/XCFrameworkIntermediates/UMCommon -F/Users/runner/Library/Developer/Xcode/DerivedData/AlbumManager-dmxhwzoxvsfmtkahqmfxhtjpefxd/Build/Intermediates.noindex/ArchiveIntermediates/AlbumManager/BuildProductsPath/Release-iphoneos/XCFrameworkIntermediates/UMDevice

WriteAuxiliaryFile /Users/runner/Library/Developer/Xcode/DerivedData/AlbumManager-dmxhwzoxvsfmtkahqmfxhtjpefxd/Build/Intermediates.noindex/ArchiveIntermediates/AlbumManager/IntermediateBuildFilesPath/Pods.build/Release-iphoneos/WYYKit.build/Objects-normal/arm64/WYYKit_const_extract_protocols.json (in target 'WYYKit' from project 'Pods')
    cd /Users/runner/work/Album_Manager/Album_Manager/Pods
    write-file /Users/runner/Library/Developer/Xcode/DerivedData/AlbumManager-dmxhwzoxvsfmtkahqmfxhtjpefxd/Build/Intermediates.noindex/ArchiveIntermediates/AlbumManager/IntermediateBuildFilesPath/Pods.build/Release-iphoneos/WYYKit.build/Objects-normal/arm64/WYYKit_const_extract_protocols.json

WriteAuxiliaryFile /Users/runner/Library/Developer/Xcode/DerivedData/AlbumManager-dmxhwzoxvsfmtkahqmfxhtjpefxd/Build/Intermediates.noindex/ArchiveIntermediates/AlbumManager/IntermediateBuildFilesPath/Pods.build/Release-iphoneos/WYYKit.build/Objects-normal/arm64/WYYKit.SwiftFileList (in target 'WYYKit' from project 'Pods')
    cd /Users/runner/work/Album_Manager/Album_Manager/Pods
    write-file /Users/runner/Library/Developer/Xcode/DerivedData/AlbumManager-dmxhwzoxvsfmtkahqmfxhtjpefxd/Build/Intermediates.noindex/ArchiveIntermediates/AlbumManager/IntermediateBuildFilesPath/Pods.build/Release-iphoneos/WYYKit.build/Objects-normal/arm64/WYYKit.SwiftFileList

WriteAuxiliaryFile /Users/runner/Library/Developer/Xcode/DerivedData/AlbumManager-dmxhwzoxvsfmtkahqmfxhtjpefxd/Build/Intermediates.noindex/ArchiveIntermediates/AlbumManager/IntermediateBuildFilesPath/Pods.build/Release-iphoneos/WYYKit.build/Objects-normal/arm64/WYYKit.SwiftConstValuesFileList (in target 'WYYKit' from project 'Pods')
    cd /Users/runner/work/Album_Manager/Album_Manager/Pods
    write-file /Users/runner/Library/Developer/Xcode/DerivedData/AlbumManager-dmxhwzoxvsfmtkahqmfxhtjpefxd/Build/Intermediates.noindex/ArchiveIntermediates/AlbumManager/IntermediateBuildFilesPath/Pods.build/Release-iphoneos/WYYKit.build/Objects-normal/arm64/WYYKit.SwiftConstValuesFileList

WriteAuxiliaryFile /Users/runner/Library/Developer/Xcode/DerivedData/AlbumManager-dmxhwzoxvsfmtkahqmfxhtjpefxd/Build/Intermediates.noindex/ArchiveIntermediates/AlbumManager/IntermediateBuildFilesPath/Pods.build/Release-iphoneos/WYYKit.build/Objects-normal/arm64/WYYKit.LinkFileList (in target 'WYYKit' from project 'Pods')
    cd /Users/runner/work/Album_Manager/Album_Manager/Pods
    write-file /Users/runner/Library/Developer/Xcode/DerivedData/AlbumManager-dmxhwzoxvsfmtkahqmfxhtjpefxd/Build/Intermediates.noindex/ArchiveIntermediates/AlbumManager/IntermediateBuildFilesPath/Pods.build/Release-iphoneos/WYYKit.build/Objects-normal/arm64/WYYKit.LinkFileList

WriteAuxiliaryFile /Users/runner/Library/Developer/Xcode/DerivedData/AlbumManager-dmxhwzoxvsfmtkahqmfxhtjpefxd/Build/Intermediates.noindex/ArchiveIntermediates/AlbumManager/IntermediateBuildFilesPath/Pods.build/Release-iphoneos/WYYKit.build/Objects-normal/arm64/WYYKit-OutputFileMap.json (in target 'WYYKit' from project 'Pods')
    cd /Users/runner/work/Album_Manager/Album_Manager/Pods
    write-file /Users/runner/Library/Developer/Xcode/DerivedData/AlbumManager-dmxhwzoxvsfmtkahqmfxhtjpefxd/Build/Intermediates.noindex/ArchiveIntermediates/AlbumManager/IntermediateBuildFilesPath/Pods.build/Release-iphoneos/WYYKit.build/Objects-normal/arm64/WYYKit-OutputFileMap.json

WriteAuxiliaryFile /Users/runner/Library/Developer/Xcode/DerivedData/AlbumManager-dmxhwzoxvsfmtkahqmfxhtjpefxd/Build/Intermediates.noindex/ArchiveIntermediates/AlbumManager/IntermediateBuildFilesPath/Pods.build/Release-iphoneos/WYYKit.build/Objects-normal/arm64/7187679823f38a2a940e0043cdf9d637-common-args.resp (in target 'WYYKit' from project 'Pods')
    cd /Users/runner/work/Album_Manager/Album_Manager/Pods
    write-file /Users/runner/Library/Developer/Xcode/DerivedData/AlbumManager-dmxhwzoxvsfmtkahqmfxhtjpefxd/Build/Intermediates.noindex/ArchiveIntermediates/AlbumManager/IntermediateBuildFilesPath/Pods.build/Release-iphoneos/WYYKit.build/Objects-normal/arm64/7187679823f38a2a940e0043cdf9d637-common-args.resp
-target arm64-apple-ios15.0 '-std=gnu11' -fmodules -gmodules '-fmodules-cache-path=/Users/runner/Library/Developer/Xcode/DerivedData/ModuleCache.noindex' '-fmodule-name=WYYKit' -fpascal-strings -Os -fno-common '-DPOD_CONFIGURATION_RELEASE=1' '-DCOCOAPODS=1' -isysroot /Applications/Xcode_16.4.app/Contents/Developer/Platforms/iPhoneOS.platform/Developer/SDKs/iPhoneOS18.5.sdk -g -iquote /Users/runner/Library/Developer/Xcode/DerivedData/AlbumManager-dmxhwzoxvsfmtkahqmfxhtjpefxd/Build/Intermediates.noindex/ArchiveIntermediates/AlbumManager/IntermediateBuildFilesPath/Pods.build/Release-iphoneos/WYYKit.build/WYYKit-generated-files.hmap -I/Users/runner/Library/Developer/Xcode/DerivedData/AlbumManager-dmxhwzoxvsfmtkahqmfxhtjpefxd/Build/Intermediates.noindex/ArchiveIntermediates/AlbumManager/IntermediateBuildFilesPath/Pods.build/Release-iphoneos/WYYKit.build/WYYKit-own-target-headers.hmap -I/Users/runner/Library/Developer/Xcode/DerivedData/AlbumManager-dmxhwzoxvsfmtkahqmfxhtjpefxd/Build/Intermediates.noindex/ArchiveIntermediates/AlbumManager/IntermediateBuildFilesPath/Pods.build/Release-iphoneos/WYYKit.build/WYYKit-all-non-framework-target-headers.hmap -ivfsoverlay /Users/runner/Library/Developer/Xcode/DerivedData/AlbumManager-dmxhwzoxvsfmtkahqmfxhtjpefxd/Build/Intermediates.noindex/ArchiveIntermediates/AlbumManager/IntermediateBuildFilesPath/Pods.build/Release-iphoneos/Pods-8699adb1dd336b26511df848a716bd42-VFS-iphoneos/all-product-headers.yaml -iquote /Users/runner/Library/Developer/Xcode/DerivedData/AlbumManager-dmxhwzoxvsfmtkahqmfxhtjpefxd/Build/Intermediates.noindex/ArchiveIntermediates/AlbumManager/IntermediateBuildFilesPath/Pods.build/Release-iphoneos/WYYKit.build/WYYKit-project-headers.hmap -I/Users/runner/Library/Developer/Xcode/DerivedData/AlbumManager-dmxhwzoxvsfmtkahqmfxhtjpefxd/Build/Intermediates.noindex/ArchiveIntermediates/AlbumManager/BuildProductsPath/Release-iphoneos/WYYKit/include -I/Users/runner/Library/Developer/Xcode/DerivedData/AlbumManager-dmxhwzoxvsfmtkahqmfxhtjpefxd/Build/Intermediates.noindex/ArchiveIntermediates/AlbumManager/IntermediateBuildFilesPath/Pods.build/Release-iphoneos/WYYKit.build/DerivedSources-normal/arm64 -I/Users/runner/Library/Developer/Xcode/DerivedData/AlbumManager-dmxhwzoxvsfmtkahqmfxhtjpefxd/Build/Intermediates.noindex/ArchiveIntermediates/AlbumManager/IntermediateBuildFilesPath/Pods.build/Release-iphoneos/WYYKit.build/DerivedSources/arm64 -I/Users/runner/Library/Developer/Xcode/DerivedData/AlbumManager-dmxhwzoxvsfmtkahqmfxhtjpefxd/Build/Intermediates.noindex/ArchiveIntermediates/AlbumManager/IntermediateBuildFilesPath/Pods.build/Release-iphoneos/WYYKit.build/DerivedSources -F/Users/runner/Library/Developer/Xcode/DerivedData/AlbumManager-dmxhwzoxvsfmtkahqmfxhtjpefxd/Build/Intermediates.noindex/ArchiveIntermediates/AlbumManager/BuildProductsPath/Release-iphoneos/WYYKit -F/Users/runner/work/Album_Manager/Album_Manager/Pods/UMAPM/UMAPM_2.0.7 -F/Users/runner/work/Album_Manager/Album_Manager/Pods/UMCommon/UMCommon_7.5.8 -F/Users/runner/work/Album_Manager/Album_Manager/Pods/UMDevice/UMDevice_3.5.0 -F/Users/runner/Library/Developer/Xcode/DerivedData/AlbumManager-dmxhwzoxvsfmtkahqmfxhtjpefxd/Build/Intermediates.noindex/ArchiveIntermediates/AlbumManager/BuildProductsPath/Release-iphoneos/XCFrameworkIntermediates/UMAPM -F/Users/runner/Library/Developer/Xcode/DerivedData/AlbumManager-dmxhwzoxvsfmtkahqmfxhtjpefxd/Build/Intermediates.noindex/ArchiveIntermediates/AlbumManager/BuildProductsPath/Release-iphoneos/XCFrameworkIntermediates/UMCommon -F/Users/runner/Library/Developer/Xcode/DerivedData/AlbumManager-dmxhwzoxvsfmtkahqmfxhtjpefxd/Build/Intermediates.noindex/ArchiveIntermediates/AlbumManager/BuildProductsPath/Release-iphoneos/XCFrameworkIntermediates/UMDevice

WriteAuxiliaryFile /Users/runner/Library/Developer/Xcode/DerivedData/AlbumManager-dmxhwzoxvsfmtkahqmfxhtjpefxd/Build/Intermediates.noindex/ArchiveIntermediates/AlbumManager/IntermediateBuildFilesPath/Pods.build/Release-iphoneos/WYYKit.build/DerivedSources/WYYKit_vers.c (in target 'WYYKit' from project 'Pods')
    cd /Users/runner/work/Album_Manager/Album_Manager/Pods
    write-file /Users/runner/Library/Developer/Xcode/DerivedData/AlbumManager-dmxhwzoxvsfmtkahqmfxhtjpefxd/Build/Intermediates.noindex/ArchiveIntermediates/AlbumManager/IntermediateBuildFilesPath/Pods.build/Release-iphoneos/WYYKit.build/DerivedSources/WYYKit_vers.c

CpHeader /Users/runner/Library/Developer/Xcode/DerivedData/AlbumManager-dmxhwzoxvsfmtkahqmfxhtjpefxd/Build/Intermediates.noindex/ArchiveIntermediates/AlbumManager/IntermediateBuildFilesPath/UninstalledProducts/iphoneos/WYYKit.framework/Headers/WYYKit-umbrella.h /Users/runner/work/Album_Manager/Album_Manager/Pods/Target\ Support\ Files/WYYKit/WYYKit-umbrella.h (in target 'WYYKit' from project 'Pods')
    cd /Users/runner/work/Album_Manager/Album_Manager/Pods
    builtin-copy -exclude .DS_Store -exclude CVS -exclude .svn -exclude .git -exclude .hg -resolve-src-symlinks /Users/runner/work/Album_Manager/Album_Manager/Pods/Target\ Support\ Files/WYYKit/WYYKit-umbrella.h /Users/runner/Library/Developer/Xcode/DerivedData/AlbumManager-dmxhwzoxvsfmtkahqmfxhtjpefxd/Build/Intermediates.noindex/ArchiveIntermediates/AlbumManager/IntermediateBuildFilesPath/UninstalledProducts/iphoneos/WYYKit.framework/Headers

Concatenate /Users/runner/Library/Developer/Xcode/DerivedData/AlbumManager-dmxhwzoxvsfmtkahqmfxhtjpefxd/Build/Intermediates.noindex/ArchiveIntermediates/AlbumManager/IntermediateBuildFilesPath/Pods.build/Release-iphoneos/WYYKit.build/unextended-module.modulemap /Users/runner/work/Album_Manager/Album_Manager/Pods/Target\ Support\ Files/WYYKit/WYYKit.modulemap /Users/runner/Library/Developer/Xcode/DerivedData/AlbumManager-dmxhwzoxvsfmtkahqmfxhtjpefxd/Build/Intermediates.noindex/ArchiveIntermediates/AlbumManager/IntermediateBuildFilesPath/Pods.build/Release-iphoneos/WYYKit.build/unextended-module-swiftunextension.modulemap (in target 'WYYKit' from project 'Pods')
    cd /Users/runner/work/Album_Manager/Album_Manager/Pods
    builtin-concatenate /Users/runner/Library/Developer/Xcode/DerivedData/AlbumManager-dmxhwzoxvsfmtkahqmfxhtjpefxd/Build/Intermediates.noindex/ArchiveIntermediates/AlbumManager/IntermediateBuildFilesPath/Pods.build/Release-iphoneos/WYYKit.build/unextended-module.modulemap /Users/runner/work/Album_Manager/Album_Manager/Pods/Target\ Support\ Files/WYYKit/WYYKit.modulemap /Users/runner/Library/Developer/Xcode/DerivedData/AlbumManager-dmxhwzoxvsfmtkahqmfxhtjpefxd/Build/Intermediates.noindex/ArchiveIntermediates/AlbumManager/IntermediateBuildFilesPath/Pods.build/Release-iphoneos/WYYKit.build/unextended-module-swiftunextension.modulemap

Concatenate /Users/runner/Library/Developer/Xcode/DerivedData/AlbumManager-dmxhwzoxvsfmtkahqmfxhtjpefxd/Build/Intermediates.noindex/ArchiveIntermediates/AlbumManager/IntermediateBuildFilesPath/Pods.build/Release-iphoneos/WYYKit.build/module.modulemap /Users/runner/work/Album_Manager/Album_Manager/Pods/Target\ Support\ Files/WYYKit/WYYKit.modulemap /Users/runner/Library/Developer/Xcode/DerivedData/AlbumManager-dmxhwzoxvsfmtkahqmfxhtjpefxd/Build/Intermediates.noindex/ArchiveIntermediates/AlbumManager/IntermediateBuildFilesPath/Pods.build/Release-iphoneos/WYYKit.build/module-swiftextension.modulemap (in target 'WYYKit' from project 'Pods')
    cd /Users/runner/work/Album_Manager/Album_Manager/Pods
    builtin-concatenate /Users/runner/Library/Developer/Xcode/DerivedData/AlbumManager-dmxhwzoxvsfmtkahqmfxhtjpefxd/Build/Intermediates.noindex/ArchiveIntermediates/AlbumManager/IntermediateBuildFilesPath/Pods.build/Release-iphoneos/WYYKit.build/module.modulemap /Users/runner/work/Album_Manager/Album_Manager/Pods/Target\ Support\ Files/WYYKit/WYYKit.modulemap /Users/runner/Library/Developer/Xcode/DerivedData/AlbumManager-dmxhwzoxvsfmtkahqmfxhtjpefxd/Build/Intermediates.noindex/ArchiveIntermediates/AlbumManager/IntermediateBuildFilesPath/Pods.build/Release-iphoneos/WYYKit.build/module-swiftextension.modulemap

SymLink /Users/runner/Library/Developer/Xcode/DerivedData/AlbumManager-dmxhwzoxvsfmtkahqmfxhtjpefxd/Build/Intermediates.noindex/ArchiveIntermediates/AlbumManager/BuildProductsPath/Release-iphoneos/WYYKit/WYYKit.framework ../../../IntermediateBuildFilesPath/UninstalledProducts/iphoneos/WYYKit.framework (in target 'WYYKit' from project 'Pods')
    cd /Users/runner/work/Album_Manager/Album_Manager/Pods
    /bin/ln -sfh ../../../IntermediateBuildFilesPath/UninstalledProducts/iphoneos/WYYKit.framework /Users/runner/Library/Developer/Xcode/DerivedData/AlbumManager-dmxhwzoxvsfmtkahqmfxhtjpefxd/Build/Intermediates.noindex/ArchiveIntermediates/AlbumManager/BuildProductsPath/Release-iphoneos/WYYKit/WYYKit.framework

MkDir /Users/runner/Library/Developer/Xcode/DerivedData/AlbumManager-dmxhwzoxvsfmtkahqmfxhtjpefxd/Build/Intermediates.noindex/ArchiveIntermediates/AlbumManager/IntermediateBuildFilesPath/UninstalledProducts/iphoneos/WYYKit.framework/Headers (in target 'WYYKit' from project 'Pods')
    cd /Users/runner/work/Album_Manager/Album_Manager/Pods
    /bin/mkdir -p /Users/runner/Library/Developer/Xcode/DerivedData/AlbumManager-dmxhwzoxvsfmtkahqmfxhtjpefxd/Build/Intermediates.noindex/ArchiveIntermediates/AlbumManager/IntermediateBuildFilesPath/UninstalledProducts/iphoneos/WYYKit.framework/Headers

MkDir /Users/runner/Library/Developer/Xcode/DerivedData/AlbumManager-dmxhwzoxvsfmtkahqmfxhtjpefxd/Build/Intermediates.noindex/ArchiveIntermediates/AlbumManager/IntermediateBuildFilesPath/UninstalledProducts/iphoneos/WYYKit.framework (in target 'WYYKit' from project 'Pods')
    cd /Users/runner/work/Album_Manager/Album_Manager/Pods
    /bin/mkdir -p /Users/runner/Library/Developer/Xcode/DerivedData/AlbumManager-dmxhwzoxvsfmtkahqmfxhtjpefxd/Build/Intermediates.noindex/ArchiveIntermediates/AlbumManager/IntermediateBuildFilesPath/UninstalledProducts/iphoneos/WYYKit.framework

CreateBuildDirectory /Users/runner/Library/Developer/Xcode/DerivedData/AlbumManager-dmxhwzoxvsfmtkahqmfxhtjpefxd/Build/Intermediates.noindex/ArchiveIntermediates/AlbumManager/BuildProductsPath/Release-iphoneos/UMCommon
    cd /Users/runner/work/Album_Manager/Album_Manager
    builtin-create-build-directory /Users/runner/Library/Developer/Xcode/DerivedData/AlbumManager-dmxhwzoxvsfmtkahqmfxhtjpefxd/Build/Intermediates.noindex/ArchiveIntermediates/AlbumManager/BuildProductsPath/Release-iphoneos/UMCommon

Copy /Users/runner/Library/Developer/Xcode/DerivedData/AlbumManager-dmxhwzoxvsfmtkahqmfxhtjpefxd/Build/Intermediates.noindex/ArchiveIntermediates/AlbumManager/IntermediateBuildFilesPath/UninstalledProducts/iphoneos/WYYKit.framework/Modules/module.modulemap /Users/runner/Library/Developer/Xcode/DerivedData/AlbumManager-dmxhwzoxvsfmtkahqmfxhtjpefxd/Build/Intermediates.noindex/ArchiveIntermediates/AlbumManager/IntermediateBuildFilesPath/Pods.build/Release-iphoneos/WYYKit.build/module.modulemap (in target 'WYYKit' from project 'Pods')
    cd /Users/runner/work/Album_Manager/Album_Manager/Pods
    builtin-copy -exclude .DS_Store -exclude CVS -exclude .svn -exclude .git -exclude .hg -resolve-src-symlinks /Users/runner/Library/Developer/Xcode/DerivedData/AlbumManager-dmxhwzoxvsfmtkahqmfxhtjpefxd/Build/Intermediates.noindex/ArchiveIntermediates/AlbumManager/IntermediateBuildFilesPath/Pods.build/Release-iphoneos/WYYKit.build/module.modulemap /Users/runner/Library/Developer/Xcode/DerivedData/AlbumManager-dmxhwzoxvsfmtkahqmfxhtjpefxd/Build/Intermediates.noindex/ArchiveIntermediates/AlbumManager/IntermediateBuildFilesPath/UninstalledProducts/iphoneos/WYYKit.framework/Modules

CreateBuildDirectory /Users/runner/Library/Developer/Xcode/DerivedData/AlbumManager-dmxhwzoxvsfmtkahqmfxhtjpefxd/Build/Intermediates.noindex/ArchiveIntermediates/AlbumManager/BuildProductsPath/Release-iphoneos/UMAPM
    cd /Users/runner/work/Album_Manager/Album_Manager
    builtin-create-build-directory /Users/runner/Library/Developer/Xcode/DerivedData/AlbumManager-dmxhwzoxvsfmtkahqmfxhtjpefxd/Build/Intermediates.noindex/ArchiveIntermediates/AlbumManager/BuildProductsPath/Release-iphoneos/UMAPM

PhaseScriptExecution [CP]\ Copy\ XCFrameworks /Users/runner/Library/Developer/Xcode/DerivedData/AlbumManager-dmxhwzoxvsfmtkahqmfxhtjpefxd/Build/Intermediates.noindex/ArchiveIntermediates/AlbumManager/IntermediateBuildFilesPath/Pods.build/Release-iphoneos/UMCommon.build/Script-4641941A97856C92F32A298AE918D389.sh (in target 'UMCommon' from project 'Pods')
    cd /Users/runner/work/Album_Manager/Album_Manager/Pods
    /bin/sh -c /Users/runner/Library/Developer/Xcode/DerivedData/AlbumManager-dmxhwzoxvsfmtkahqmfxhtjpefxd/Build/Intermediates.noindex/ArchiveIntermediates/AlbumManager/IntermediateBuildFilesPath/Pods.build/Release-iphoneos/UMCommon.build/Script-4641941A97856C92F32A298AE918D389.sh
Selected xcframework slice ios-arm64
rsync --delete -av --filter P .*.?????? --links --filter "- CVS/" --filter "- .svn/" --filter "- .git/" --filter "- .hg/" "/Users/runner/work/Album_Manager/Album_Manager/Pods/UMCommon/UMCommon_7.5.8/UMCommon.xcframework/ios-arm64/*" "/Users/runner/Library/Developer/Xcode/DerivedData/AlbumManager-dmxhwzoxvsfmtkahqmfxhtjpefxd/Build/Intermediates.noindex/ArchiveIntermediates/AlbumManager/BuildProductsPath/Release-iphoneos/XCFrameworkIntermediates/UMCommon"
Transfer starting: 16 files
UMCommon.framework/
UMCommon.framework/Info.plist
UMCommon.framework/PrivacyInfo.xcprivacy
UMCommon.framework/UMCommon
UMCommon.framework/Headers/
UMCommon.framework/Headers/MobClick.h
UMCommon.framework/Headers/UMCommon.h
UMCommon.framework/Headers/UMConfigure.h
UMCommon.framework/Modules/
UMCommon.framework/Modules/module.modulemap
UMCommon.framework/_CodeSignature/
UMCommon.framework/_CodeSignature/CodeDirectory
UMCommon.framework/_CodeSignature/CodeRequirements
UMCommon.framework/_CodeSignature/CodeRequirements-1
UMCommon.framework/_CodeSignature/CodeResources
UMCommon.framework/_CodeSignature/CodeSignature

sent 1701718 bytes  received 308 bytes  60570320 bytes/sec
total size is 1699828  speedup is 1.00
Copied /Users/runner/work/Album_Manager/Album_Manager/Pods/UMCommon/UMCommon_7.5.8/UMCommon.xcframework/ios-arm64 to /Users/runner/Library/Developer/Xcode/DerivedData/AlbumManager-dmxhwzoxvsfmtkahqmfxhtjpefxd/Build/Intermediates.noindex/ArchiveIntermediates/AlbumManager/BuildProductsPath/Release-iphoneos/XCFrameworkIntermediates/UMCommon

PhaseScriptExecution [CP]\ Copy\ XCFrameworks /Users/runner/Library/Developer/Xcode/DerivedData/AlbumManager-dmxhwzoxvsfmtkahqmfxhtjpefxd/Build/Intermediates.noindex/ArchiveIntermediates/AlbumManager/IntermediateBuildFilesPath/Pods.build/Release-iphoneos/UMAPM.build/Script-47CF44479ABE0A5C18DEDA0F07935DF1.sh (in target 'UMAPM' from project 'Pods')
    cd /Users/runner/work/Album_Manager/Album_Manager/Pods
    /bin/sh -c /Users/runner/Library/Developer/Xcode/DerivedData/AlbumManager-dmxhwzoxvsfmtkahqmfxhtjpefxd/Build/Intermediates.noindex/ArchiveIntermediates/AlbumManager/IntermediateBuildFilesPath/Pods.build/Release-iphoneos/UMAPM.build/Script-47CF44479ABE0A5C18DEDA0F07935DF1.sh
Selected xcframework slice ios-arm64
rsync --delete -av --filter P .*.?????? --links --filter "- CVS/" --filter "- .svn/" --filter "- .git/" --filter "- .hg/" "/Users/runner/work/Album_Manager/Album_Manager/Pods/UMAPM/UMAPM_2.0.7/UMAPM.xcframework/ios-arm64/*" "/Users/runner/Library/Developer/Xcode/DerivedData/AlbumManager-dmxhwzoxvsfmtkahqmfxhtjpefxd/Build/Intermediates.noindex/ArchiveIntermediates/AlbumManager/BuildProductsPath/Release-iphoneos/XCFrameworkIntermediates/UMAPM"
Transfer starting: 18 files
UMAPM.framework/
UMAPM.framework/Info.plist
UMAPM.framework/PrivacyInfo.xcprivacy
UMAPM.framework/UMAPM
UMAPM.framework/Headers/
UMAPM.framework/Headers/UAPMLog.h
UMAPM.framework/Headers/UMAPMConfig.h
UMAPM.framework/Headers/UMAPMCustomData.h
UMAPM.framework/Headers/UMAPMCustomLog.h
UMAPM.framework/Headers/UMCrashConfigure.h
UMAPM.framework/Headers/UMLaunch.h
UMAPM.framework/Headers/UMPage.h
UMAPM.framework/_CodeSignature/
UMAPM.framework/_CodeSignature/CodeDirectory
UMAPM.framework/_CodeSignature/CodeRequirements
UMAPM.framework/_CodeSignature/CodeRequirements-1
UMAPM.framework/_CodeSignature/CodeResources
UMAPM.framework/_CodeSignature/CodeSignature

sent 7193593 bytes  received 368 bytes  51348758 bytes/sec
total size is 7190813  speedup is 1.00
Copied /Users/runner/work/Album_Manager/Album_Manager/Pods/UMAPM/UMAPM_2.0.7/UMAPM.xcframework/ios-arm64 to /Users/runner/Library/Developer/Xcode/DerivedData/AlbumManager-dmxhwzoxvsfmtkahqmfxhtjpefxd/Build/Intermediates.noindex/ArchiveIntermediates/AlbumManager/BuildProductsPath/Release-iphoneos/XCFrameworkIntermediates/UMAPM

ProcessInfoPlistFile /Users/runner/Library/Developer/Xcode/DerivedData/AlbumManager-dmxhwzoxvsfmtkahqmfxhtjpefxd/Build/Intermediates.noindex/ArchiveIntermediates/AlbumManager/IntermediateBuildFilesPath/UninstalledProducts/iphoneos/WYYKit.framework/Info.plist /Users/runner/work/Album_Manager/Album_Manager/Pods/Target\ Support\ Files/WYYKit/WYYKit-Info.plist (in target 'WYYKit' from project 'Pods')
    cd /Users/runner/work/Album_Manager/Album_Manager/Pods
    builtin-infoPlistUtility /Users/runner/work/Album_Manager/Album_Manager/Pods/Target\ Support\ Files/WYYKit/WYYKit-Info.plist -producttype com.apple.product-type.framework -expandbuildsettings -format binary -platform iphoneos -requiredArchitecture arm64 -o /Users/runner/Library/Developer/Xcode/DerivedData/AlbumManager-dmxhwzoxvsfmtkahqmfxhtjpefxd/Build/Intermediates.noindex/ArchiveIntermediates/AlbumManager/IntermediateBuildFilesPath/UninstalledProducts/iphoneos/WYYKit.framework/Info.plist

SwiftDriver WYYKit normal arm64 com.apple.xcode.tools.swift.compiler (in target 'WYYKit' from project 'Pods')
    cd /Users/runner/work/Album_Manager/Album_Manager/Pods
    builtin-SwiftDriver -- /Applications/Xcode_16.4.app/Contents/Developer/Toolchains/XcodeDefault.xctoolchain/usr/bin/swiftc -module-name WYYKit -O -whole-module-optimization -enforce-exclusivity\=checked @/Users/runner/Library/Developer/Xcode/DerivedData/AlbumManager-dmxhwzoxvsfmtkahqmfxhtjpefxd/Build/Intermediates.noindex/ArchiveIntermediates/AlbumManager/IntermediateBuildFilesPath/Pods.build/Release-iphoneos/WYYKit.build/Objects-normal/arm64/WYYKit.SwiftFileList -D COCOAPODS -enable-bare-slash-regex -enable-experimental-feature DebugDescriptionMacro -sdk /Applications/Xcode_16.4.app/Contents/Developer/Platforms/iPhoneOS.platform/Developer/SDKs/iPhoneOS18.5.sdk -target arm64-apple-ios15.0 -g -module-cache-path /Users/runner/Library/Developer/Xcode/DerivedData/ModuleCache.noindex -Xfrontend -serialize-debugging-options -swift-version 5 -I /Users/runner/Library/Developer/Xcode/DerivedData/AlbumManager-dmxhwzoxvsfmtkahqmfxhtjpefxd/Build/Intermediates.noindex/ArchiveIntermediates/AlbumManager/BuildProductsPath/Release-iphoneos/WYYKit -F /Users/runner/Library/Developer/Xcode/DerivedData/AlbumManager-dmxhwzoxvsfmtkahqmfxhtjpefxd/Build/Intermediates.noindex/ArchiveIntermediates/AlbumManager/BuildProductsPath/Release-iphoneos/WYYKit -F /Users/runner/work/Album_Manager/Album_Manager/Pods/UMAPM/UMAPM_2.0.7 -F /Users/runner/work/Album_Manager/Album_Manager/Pods/UMCommon/UMCommon_7.5.8 -F /Users/runner/work/Album_Manager/Album_Manager/Pods/UMDevice/UMDevice_3.5.0 -F /Users/runner/Library/Developer/Xcode/DerivedData/AlbumManager-dmxhwzoxvsfmtkahqmfxhtjpefxd/Build/Intermediates.noindex/ArchiveIntermediates/AlbumManager/BuildProductsPath/Release-iphoneos/XCFrameworkIntermediates/UMAPM -F /Users/runner/Library/Developer/Xcode/DerivedData/AlbumManager-dmxhwzoxvsfmtkahqmfxhtjpefxd/Build/Intermediates.noindex/ArchiveIntermediates/AlbumManager/BuildProductsPath/Release-iphoneos/XCFrameworkIntermediates/UMCommon -F /Users/runner/Library/Developer/Xcode/DerivedData/AlbumManager-dmxhwzoxvsfmtkahqmfxhtjpefxd/Build/Intermediates.noindex/ArchiveIntermediates/AlbumManager/BuildProductsPath/Release-iphoneos/XCFrameworkIntermediates/UMDevice -c -num-threads 3 -Xcc -ivfsstatcache -Xcc /Users/runner/Library/Developer/Xcode/DerivedData/SDKStatCaches.noindex/iphoneos18.5-22F76-a529daf784b3616c7c04a36aeb7f5c05.sdkstatcache -output-file-map /Users/runner/Library/Developer/Xcode/DerivedData/AlbumManager-dmxhwzoxvsfmtkahqmfxhtjpefxd/Build/Intermediates.noindex/ArchiveIntermediates/AlbumManager/IntermediateBuildFilesPath/Pods.build/Release-iphoneos/WYYKit.build/Objects-normal/arm64/WYYKit-OutputFileMap.json -use-frontend-parseable-output -save-temps -no-color-diagnostics -serialize-diagnostics -emit-dependencies -emit-module -emit-module-path /Users/runner/Library/Developer/Xcode/DerivedData/AlbumManager-dmxhwzoxvsfmtkahqmfxhtjpefxd/Build/Intermediates.noindex/ArchiveIntermediates/AlbumManager/IntermediateBuildFilesPath/Pods.build/Release-iphoneos/WYYKit.build/Objects-normal/arm64/WYYKit.swiftmodule -validate-clang-modules-once -clang-build-session-file /Users/runner/Library/Developer/Xcode/DerivedData/ModuleCache.noindex/Session.modulevalidation -Xcc -I/Users/runner/Library/Developer/Xcode/DerivedData/AlbumManager-dmxhwzoxvsfmtkahqmfxhtjpefxd/Build/Intermediates.noindex/ArchiveIntermediates/AlbumManager/IntermediateBuildFilesPath/Pods.build/Release-iphoneos/WYYKit.build/swift-overrides.hmap -emit-const-values -Xfrontend -const-gather-protocols-file -Xfrontend /Users/runner/Library/Developer/Xcode/DerivedData/AlbumManager-dmxhwzoxvsfmtkahqmfxhtjpefxd/Build/Intermediates.noindex/ArchiveIntermediates/AlbumManager/IntermediateBuildFilesPath/Pods.build/Release-iphoneos/WYYKit.build/Objects-normal/arm64/WYYKit_const_extract_protocols.json -Xcc -iquote -Xcc /Users/runner/Library/Developer/Xcode/DerivedData/AlbumManager-dmxhwzoxvsfmtkahqmfxhtjpefxd/Build/Intermediates.noindex/ArchiveIntermediates/AlbumManager/IntermediateBuildFilesPath/Pods.build/Release-iphoneos/WYYKit.build/WYYKit-generated-files.hmap -Xcc -I/Users/runner/Library/Developer/Xcode/DerivedData/AlbumManager-dmxhwzoxvsfmtkahqmfxhtjpefxd/Build/Intermediates.noindex/ArchiveIntermediates/AlbumManager/IntermediateBuildFilesPath/Pods.build/Release-iphoneos/WYYKit.build/WYYKit-own-target-headers.hmap -Xcc -I/Users/runner/Library/Developer/Xcode/DerivedData/AlbumManager-dmxhwzoxvsfmtkahqmfxhtjpefxd/Build/Intermediates.noindex/ArchiveIntermediates/AlbumManager/IntermediateBuildFilesPath/Pods.build/Release-iphoneos/WYYKit.build/WYYKit-all-non-framework-target-headers.hmap -Xcc -ivfsoverlay -Xcc /Users/runner/Library/Developer/Xcode/DerivedData/AlbumManager-dmxhwzoxvsfmtkahqmfxhtjpefxd/Build/Intermediates.noindex/ArchiveIntermediates/AlbumManager/IntermediateBuildFilesPath/Pods.build/Release-iphoneos/Pods-8699adb1dd336b26511df848a716bd42-VFS-iphoneos/all-product-headers.yaml -Xcc -iquote -Xcc /Users/runner/Library/Developer/Xcode/DerivedData/AlbumManager-dmxhwzoxvsfmtkahqmfxhtjpefxd/Build/Intermediates.noindex/ArchiveIntermediates/AlbumManager/IntermediateBuildFilesPath/Pods.build/Release-iphoneos/WYYKit.build/WYYKit-project-headers.hmap -Xcc -I/Users/runner/Library/Developer/Xcode/DerivedData/AlbumManager-dmxhwzoxvsfmtkahqmfxhtjpefxd/Build/Intermediates.noindex/ArchiveIntermediates/AlbumManager/BuildProductsPath/Release-iphoneos/WYYKit/include -Xcc -I/Users/runner/Library/Developer/Xcode/DerivedData/AlbumManager-dmxhwzoxvsfmtkahqmfxhtjpefxd/Build/Intermediates.noindex/ArchiveIntermediates/AlbumManager/IntermediateBuildFilesPath/Pods.build/Release-iphoneos/WYYKit.build/DerivedSources-normal/arm64 -Xcc -I/Users/runner/Library/Developer/Xcode/DerivedData/AlbumManager-dmxhwzoxvsfmtkahqmfxhtjpefxd/Build/Intermediates.noindex/ArchiveIntermediates/AlbumManager/IntermediateBuildFilesPath/Pods.build/Release-iphoneos/WYYKit.build/DerivedSources/arm64 -Xcc -I/Users/runner/Library/Developer/Xcode/DerivedData/AlbumManager-dmxhwzoxvsfmtkahqmfxhtjpefxd/Build/Intermediates.noindex/ArchiveIntermediates/AlbumManager/IntermediateBuildFilesPath/Pods.build/Release-iphoneos/WYYKit.build/DerivedSources -Xcc -DPOD_CONFIGURATION_RELEASE\=1 -Xcc -DCOCOAPODS\=1 -emit-objc-header -emit-objc-header-path /Users/runner/Library/Developer/Xcode/DerivedData/AlbumManager-dmxhwzoxvsfmtkahqmfxhtjpefxd/Build/Intermediates.noindex/ArchiveIntermediates/AlbumManager/IntermediateBuildFilesPath/Pods.build/Release-iphoneos/WYYKit.build/Objects-normal/arm64/WYYKit-Swift.h -import-underlying-module -Xcc -ivfsoverlay -Xcc /Users/runner/Library/Developer/Xcode/DerivedData/AlbumManager-dmxhwzoxvsfmtkahqmfxhtjpefxd/Build/Intermediates.noindex/ArchiveIntermediates/AlbumManager/IntermediateBuildFilesPath/Pods.build/Release-iphoneos/WYYKit.build/unextended-module-overlay.yaml -working-directory /Users/runner/work/Album_Manager/Album_Manager/Pods -no-emit-module-separately-wmo

SwiftCompile normal arm64 Compiling\ WYYAnalyticsManager.swift,\ WYYKeychainManager.swift,\ WYYRootContainerView.swift,\ WYYServerManager.swift,\ WYYSubscriptionManager.swift,\ WYYUnifiedManager.swift,\ WYYUserIDManager.swift /Users/runner/work/Album_Manager/Album_Manager/WYYKit/WYYKit/Classes/WYYAnalyticsManager.swift /Users/runner/work/Album_Manager/Album_Manager/WYYKit/WYYKit/Classes/WYYKeychainManager.swift /Users/runner/work/Album_Manager/Album_Manager/WYYKit/WYYKit/Classes/WYYRootContainerView.swift /Users/runner/work/Album_Manager/Album_Manager/WYYKit/WYYKit/Classes/WYYServerManager.swift /Users/runner/work/Album_Manager/Album_Manager/WYYKit/WYYKit/Classes/WYYSubscriptionManager.swift /Users/runner/work/Album_Manager/Album_Manager/WYYKit/WYYKit/Classes/WYYUnifiedManager.swift /Users/runner/work/Album_Manager/Album_Manager/WYYKit/WYYKit/Classes/WYYUserIDManager.swift (in target 'WYYKit' from project 'Pods')

CompileSwift normal arm64 (in target 'WYYKit' from project 'Pods')
    cd /Users/runner/work/Album_Manager/Album_Manager/Pods
    
/Users/runner/work/Album_Manager/Album_Manager/WYYKit/WYYKit/Classes/WYYServerManager.swift:237:13: warning: variable 'params' was never mutated; consider changing to 'let' constant
        var params = getCommonParameters()
        ~~~ ^
        let

SwiftDriver\ Compilation WYYKit normal arm64 com.apple.xcode.tools.swift.compiler (in target 'WYYKit' from project 'Pods')
    cd /Users/runner/work/Album_Manager/Album_Manager/Pods
    builtin-Swift-Compilation -- /Applications/Xcode_16.4.app/Contents/Developer/Toolchains/XcodeDefault.xctoolchain/usr/bin/swiftc -module-name WYYKit -O -whole-module-optimization -enforce-exclusivity\=checked @/Users/runner/Library/Developer/Xcode/DerivedData/AlbumManager-dmxhwzoxvsfmtkahqmfxhtjpefxd/Build/Intermediates.noindex/ArchiveIntermediates/AlbumManager/IntermediateBuildFilesPath/Pods.build/Release-iphoneos/WYYKit.build/Objects-normal/arm64/WYYKit.SwiftFileList -D COCOAPODS -enable-bare-slash-regex -enable-experimental-feature DebugDescriptionMacro -sdk /Applications/Xcode_16.4.app/Contents/Developer/Platforms/iPhoneOS.platform/Developer/SDKs/iPhoneOS18.5.sdk -target arm64-apple-ios15.0 -g -module-cache-path /Users/runner/Library/Developer/Xcode/DerivedData/ModuleCache.noindex -Xfrontend -serialize-debugging-options -swift-version 5 -I /Users/runner/Library/Developer/Xcode/DerivedData/AlbumManager-dmxhwzoxvsfmtkahqmfxhtjpefxd/Build/Intermediates.noindex/ArchiveIntermediates/AlbumManager/BuildProductsPath/Release-iphoneos/WYYKit -F /Users/runner/Library/Developer/Xcode/DerivedData/AlbumManager-dmxhwzoxvsfmtkahqmfxhtjpefxd/Build/Intermediates.noindex/ArchiveIntermediates/AlbumManager/BuildProductsPath/Release-iphoneos/WYYKit -F /Users/runner/work/Album_Manager/Album_Manager/Pods/UMAPM/UMAPM_2.0.7 -F /Users/runner/work/Album_Manager/Album_Manager/Pods/UMCommon/UMCommon_7.5.8 -F /Users/runner/work/Album_Manager/Album_Manager/Pods/UMDevice/UMDevice_3.5.0 -F /Users/runner/Library/Developer/Xcode/DerivedData/AlbumManager-dmxhwzoxvsfmtkahqmfxhtjpefxd/Build/Intermediates.noindex/ArchiveIntermediates/AlbumManager/BuildProductsPath/Release-iphoneos/XCFrameworkIntermediates/UMAPM -F /Users/runner/Library/Developer/Xcode/DerivedData/AlbumManager-dmxhwzoxvsfmtkahqmfxhtjpefxd/Build/Intermediates.noindex/ArchiveIntermediates/AlbumManager/BuildProductsPath/Release-iphoneos/XCFrameworkIntermediates/UMCommon -F /Users/runner/Library/Developer/Xcode/DerivedData/AlbumManager-dmxhwzoxvsfmtkahqmfxhtjpefxd/Build/Intermediates.noindex/ArchiveIntermediates/AlbumManager/BuildProductsPath/Release-iphoneos/XCFrameworkIntermediates/UMDevice -c -num-threads 3 -Xcc -ivfsstatcache -Xcc /Users/runner/Library/Developer/Xcode/DerivedData/SDKStatCaches.noindex/iphoneos18.5-22F76-a529daf784b3616c7c04a36aeb7f5c05.sdkstatcache -output-file-map /Users/runner/Library/Developer/Xcode/DerivedData/AlbumManager-dmxhwzoxvsfmtkahqmfxhtjpefxd/Build/Intermediates.noindex/ArchiveIntermediates/AlbumManager/IntermediateBuildFilesPath/Pods.build/Release-iphoneos/WYYKit.build/Objects-normal/arm64/WYYKit-OutputFileMap.json -use-frontend-parseable-output -save-temps -no-color-diagnostics -serialize-diagnostics -emit-dependencies -emit-module -emit-module-path /Users/runner/Library/Developer/Xcode/DerivedData/AlbumManager-dmxhwzoxvsfmtkahqmfxhtjpefxd/Build/Intermediates.noindex/ArchiveIntermediates/AlbumManager/IntermediateBuildFilesPath/Pods.build/Release-iphoneos/WYYKit.build/Objects-normal/arm64/WYYKit.swiftmodule -validate-clang-modules-once -clang-build-session-file /Users/runner/Library/Developer/Xcode/DerivedData/ModuleCache.noindex/Session.modulevalidation -Xcc -I/Users/runner/Library/Developer/Xcode/DerivedData/AlbumManager-dmxhwzoxvsfmtkahqmfxhtjpefxd/Build/Intermediates.noindex/ArchiveIntermediates/AlbumManager/IntermediateBuildFilesPath/Pods.build/Release-iphoneos/WYYKit.build/swift-overrides.hmap -emit-const-values -Xfrontend -const-gather-protocols-file -Xfrontend /Users/runner/Library/Developer/Xcode/DerivedData/AlbumManager-dmxhwzoxvsfmtkahqmfxhtjpefxd/Build/Intermediates.noindex/ArchiveIntermediates/AlbumManager/IntermediateBuildFilesPath/Pods.build/Release-iphoneos/WYYKit.build/Objects-normal/arm64/WYYKit_const_extract_protocols.json -Xcc -iquote -Xcc /Users/runner/Library/Developer/Xcode/DerivedData/AlbumManager-dmxhwzoxvsfmtkahqmfxhtjpefxd/Build/Intermediates.noindex/ArchiveIntermediates/AlbumManager/IntermediateBuildFilesPath/Pods.build/Release-iphoneos/WYYKit.build/WYYKit-generated-files.hmap -Xcc -I/Users/runner/Library/Developer/Xcode/DerivedData/AlbumManager-dmxhwzoxvsfmtkahqmfxhtjpefxd/Build/Intermediates.noindex/ArchiveIntermediates/AlbumManager/IntermediateBuildFilesPath/Pods.build/Release-iphoneos/WYYKit.build/WYYKit-own-target-headers.hmap -Xcc -I/Users/runner/Library/Developer/Xcode/DerivedData/AlbumManager-dmxhwzoxvsfmtkahqmfxhtjpefxd/Build/Intermediates.noindex/ArchiveIntermediates/AlbumManager/IntermediateBuildFilesPath/Pods.build/Release-iphoneos/WYYKit.build/WYYKit-all-non-framework-target-headers.hmap -Xcc -ivfsoverlay -Xcc /Users/runner/Library/Developer/Xcode/DerivedData/AlbumManager-dmxhwzoxvsfmtkahqmfxhtjpefxd/Build/Intermediates.noindex/ArchiveIntermediates/AlbumManager/IntermediateBuildFilesPath/Pods.build/Release-iphoneos/Pods-8699adb1dd336b26511df848a716bd42-VFS-iphoneos/all-product-headers.yaml -Xcc -iquote -Xcc /Users/runner/Library/Developer/Xcode/DerivedData/AlbumManager-dmxhwzoxvsfmtkahqmfxhtjpefxd/Build/Intermediates.noindex/ArchiveIntermediates/AlbumManager/IntermediateBuildFilesPath/Pods.build/Release-iphoneos/WYYKit.build/WYYKit-project-headers.hmap -Xcc -I/Users/runner/Library/Developer/Xcode/DerivedData/AlbumManager-dmxhwzoxvsfmtkahqmfxhtjpefxd/Build/Intermediates.noindex/ArchiveIntermediates/AlbumManager/BuildProductsPath/Release-iphoneos/WYYKit/include -Xcc -I/Users/runner/Library/Developer/Xcode/DerivedData/AlbumManager-dmxhwzoxvsfmtkahqmfxhtjpefxd/Build/Intermediates.noindex/ArchiveIntermediates/AlbumManager/IntermediateBuildFilesPath/Pods.build/Release-iphoneos/WYYKit.build/DerivedSources-normal/arm64 -Xcc -I/Users/runner/Library/Developer/Xcode/DerivedData/AlbumManager-dmxhwzoxvsfmtkahqmfxhtjpefxd/Build/Intermediates.noindex/ArchiveIntermediates/AlbumManager/IntermediateBuildFilesPath/Pods.build/Release-iphoneos/WYYKit.build/DerivedSources/arm64 -Xcc -I/Users/runner/Library/Developer/Xcode/DerivedData/AlbumManager-dmxhwzoxvsfmtkahqmfxhtjpefxd/Build/Intermediates.noindex/ArchiveIntermediates/AlbumManager/IntermediateBuildFilesPath/Pods.build/Release-iphoneos/WYYKit.build/DerivedSources -Xcc -DPOD_CONFIGURATION_RELEASE\=1 -Xcc -DCOCOAPODS\=1 -emit-objc-header -emit-objc-header-path /Users/runner/Library/Developer/Xcode/DerivedData/AlbumManager-dmxhwzoxvsfmtkahqmfxhtjpefxd/Build/Intermediates.noindex/ArchiveIntermediates/AlbumManager/IntermediateBuildFilesPath/Pods.build/Release-iphoneos/WYYKit.build/Objects-normal/arm64/WYYKit-Swift.h -import-underlying-module -Xcc -ivfsoverlay -Xcc /Users/runner/Library/Developer/Xcode/DerivedData/AlbumManager-dmxhwzoxvsfmtkahqmfxhtjpefxd/Build/Intermediates.noindex/ArchiveIntermediates/AlbumManager/IntermediateBuildFilesPath/Pods.build/Release-iphoneos/WYYKit.build/unextended-module-overlay.yaml -working-directory /Users/runner/work/Album_Manager/Album_Manager/Pods -no-emit-module-separately-wmo

SwiftDriverJobDiscovery normal arm64 Compiling WYYAnalyticsManager.swift, WYYKeychainManager.swift, WYYRootContainerView.swift, WYYServerManager.swift, WYYSubscriptionManager.swift, WYYUnifiedManager.swift, WYYUserIDManager.swift (in target 'WYYKit' from project 'Pods')

SwiftDriver\ Compilation\ Requirements WYYKit normal arm64 com.apple.xcode.tools.swift.compiler (in target 'WYYKit' from project 'Pods')
    cd /Users/runner/work/Album_Manager/Album_Manager/Pods
    builtin-Swift-Compilation-Requirements -- /Applications/Xcode_16.4.app/Contents/Developer/Toolchains/XcodeDefault.xctoolchain/usr/bin/swiftc -module-name WYYKit -O -whole-module-optimization -enforce-exclusivity\=checked @/Users/runner/Library/Developer/Xcode/DerivedData/AlbumManager-dmxhwzoxvsfmtkahqmfxhtjpefxd/Build/Intermediates.noindex/ArchiveIntermediates/AlbumManager/IntermediateBuildFilesPath/Pods.build/Release-iphoneos/WYYKit.build/Objects-normal/arm64/WYYKit.SwiftFileList -D COCOAPODS -enable-bare-slash-regex -enable-experimental-feature DebugDescriptionMacro -sdk /Applications/Xcode_16.4.app/Contents/Developer/Platforms/iPhoneOS.platform/Developer/SDKs/iPhoneOS18.5.sdk -target arm64-apple-ios15.0 -g -module-cache-path /Users/runner/Library/Developer/Xcode/DerivedData/ModuleCache.noindex -Xfrontend -serialize-debugging-options -swift-version 5 -I /Users/runner/Library/Developer/Xcode/DerivedData/AlbumManager-dmxhwzoxvsfmtkahqmfxhtjpefxd/Build/Intermediates.noindex/ArchiveIntermediates/AlbumManager/BuildProductsPath/Release-iphoneos/WYYKit -F /Users/runner/Library/Developer/Xcode/DerivedData/AlbumManager-dmxhwzoxvsfmtkahqmfxhtjpefxd/Build/Intermediates.noindex/ArchiveIntermediates/AlbumManager/BuildProductsPath/Release-iphoneos/WYYKit -F /Users/runner/work/Album_Manager/Album_Manager/Pods/UMAPM/UMAPM_2.0.7 -F /Users/runner/work/Album_Manager/Album_Manager/Pods/UMCommon/UMCommon_7.5.8 -F /Users/runner/work/Album_Manager/Album_Manager/Pods/UMDevice/UMDevice_3.5.0 -F /Users/runner/Library/Developer/Xcode/DerivedData/AlbumManager-dmxhwzoxvsfmtkahqmfxhtjpefxd/Build/Intermediates.noindex/ArchiveIntermediates/AlbumManager/BuildProductsPath/Release-iphoneos/XCFrameworkIntermediates/UMAPM -F /Users/runner/Library/Developer/Xcode/DerivedData/AlbumManager-dmxhwzoxvsfmtkahqmfxhtjpefxd/Build/Intermediates.noindex/ArchiveIntermediates/AlbumManager/BuildProductsPath/Release-iphoneos/XCFrameworkIntermediates/UMCommon -F /Users/runner/Library/Developer/Xcode/DerivedData/AlbumManager-dmxhwzoxvsfmtkahqmfxhtjpefxd/Build/Intermediates.noindex/ArchiveIntermediates/AlbumManager/BuildProductsPath/Release-iphoneos/XCFrameworkIntermediates/UMDevice -c -num-threads 3 -Xcc -ivfsstatcache -Xcc /Users/runner/Library/Developer/Xcode/DerivedData/SDKStatCaches.noindex/iphoneos18.5-22F76-a529daf784b3616c7c04a36aeb7f5c05.sdkstatcache -output-file-map /Users/runner/Library/Developer/Xcode/DerivedData/AlbumManager-dmxhwzoxvsfmtkahqmfxhtjpefxd/Build/Intermediates.noindex/ArchiveIntermediates/AlbumManager/IntermediateBuildFilesPath/Pods.build/Release-iphoneos/WYYKit.build/Objects-normal/arm64/WYYKit-OutputFileMap.json -use-frontend-parseable-output -save-temps -no-color-diagnostics -serialize-diagnostics -emit-dependencies -emit-module -emit-module-path /Users/runner/Library/Developer/Xcode/DerivedData/AlbumManager-dmxhwzoxvsfmtkahqmfxhtjpefxd/Build/Intermediates.noindex/ArchiveIntermediates/AlbumManager/IntermediateBuildFilesPath/Pods.build/Release-iphoneos/WYYKit.build/Objects-normal/arm64/WYYKit.swiftmodule -validate-clang-modules-once -clang-build-session-file /Users/runner/Library/Developer/Xcode/DerivedData/ModuleCache.noindex/Session.modulevalidation -Xcc -I/Users/runner/Library/Developer/Xcode/DerivedData/AlbumManager-dmxhwzoxvsfmtkahqmfxhtjpefxd/Build/Intermediates.noindex/ArchiveIntermediates/AlbumManager/IntermediateBuildFilesPath/Pods.build/Release-iphoneos/WYYKit.build/swift-overrides.hmap -emit-const-values -Xfrontend -const-gather-protocols-file -Xfrontend /Users/runner/Library/Developer/Xcode/DerivedData/AlbumManager-dmxhwzoxvsfmtkahqmfxhtjpefxd/Build/Intermediates.noindex/ArchiveIntermediates/AlbumManager/IntermediateBuildFilesPath/Pods.build/Release-iphoneos/WYYKit.build/Objects-normal/arm64/WYYKit_const_extract_protocols.json -Xcc -iquote -Xcc /Users/runner/Library/Developer/Xcode/DerivedData/AlbumManager-dmxhwzoxvsfmtkahqmfxhtjpefxd/Build/Intermediates.noindex/ArchiveIntermediates/AlbumManager/IntermediateBuildFilesPath/Pods.build/Release-iphoneos/WYYKit.build/WYYKit-generated-files.hmap -Xcc -I/Users/runner/Library/Developer/Xcode/DerivedData/AlbumManager-dmxhwzoxvsfmtkahqmfxhtjpefxd/Build/Intermediates.noindex/ArchiveIntermediates/AlbumManager/IntermediateBuildFilesPath/Pods.build/Release-iphoneos/WYYKit.build/WYYKit-own-target-headers.hmap -Xcc -I/Users/runner/Library/Developer/Xcode/DerivedData/AlbumManager-dmxhwzoxvsfmtkahqmfxhtjpefxd/Build/Intermediates.noindex/ArchiveIntermediates/AlbumManager/IntermediateBuildFilesPath/Pods.build/Release-iphoneos/WYYKit.build/WYYKit-all-non-framework-target-headers.hmap -Xcc -ivfsoverlay -Xcc /Users/runner/Library/Developer/Xcode/DerivedData/AlbumManager-dmxhwzoxvsfmtkahqmfxhtjpefxd/Build/Intermediates.noindex/ArchiveIntermediates/AlbumManager/IntermediateBuildFilesPath/Pods.build/Release-iphoneos/Pods-8699adb1dd336b26511df848a716bd42-VFS-iphoneos/all-product-headers.yaml -Xcc -iquote -Xcc /Users/runner/Library/Developer/Xcode/DerivedData/AlbumManager-dmxhwzoxvsfmtkahqmfxhtjpefxd/Build/Intermediates.noindex/ArchiveIntermediates/AlbumManager/IntermediateBuildFilesPath/Pods.build/Release-iphoneos/WYYKit.build/WYYKit-project-headers.hmap -Xcc -I/Users/runner/Library/Developer/Xcode/DerivedData/AlbumManager-dmxhwzoxvsfmtkahqmfxhtjpefxd/Build/Intermediates.noindex/ArchiveIntermediates/AlbumManager/BuildProductsPath/Release-iphoneos/WYYKit/include -Xcc -I/Users/runner/Library/Developer/Xcode/DerivedData/AlbumManager-dmxhwzoxvsfmtkahqmfxhtjpefxd/Build/Intermediates.noindex/ArchiveIntermediates/AlbumManager/IntermediateBuildFilesPath/Pods.build/Release-iphoneos/WYYKit.build/DerivedSources-normal/arm64 -Xcc -I/Users/runner/Library/Developer/Xcode/DerivedData/AlbumManager-dmxhwzoxvsfmtkahqmfxhtjpefxd/Build/Intermediates.noindex/ArchiveIntermediates/AlbumManager/IntermediateBuildFilesPath/Pods.build/Release-iphoneos/WYYKit.build/DerivedSources/arm64 -Xcc -I/Users/runner/Library/Developer/Xcode/DerivedData/AlbumManager-dmxhwzoxvsfmtkahqmfxhtjpefxd/Build/Intermediates.noindex/ArchiveIntermediates/AlbumManager/IntermediateBuildFilesPath/Pods.build/Release-iphoneos/WYYKit.build/DerivedSources -Xcc -DPOD_CONFIGURATION_RELEASE\=1 -Xcc -DCOCOAPODS\=1 -emit-objc-header -emit-objc-header-path /Users/runner/Library/Developer/Xcode/DerivedData/AlbumManager-dmxhwzoxvsfmtkahqmfxhtjpefxd/Build/Intermediates.noindex/ArchiveIntermediates/AlbumManager/IntermediateBuildFilesPath/Pods.build/Release-iphoneos/WYYKit.build/Objects-normal/arm64/WYYKit-Swift.h -import-underlying-module -Xcc -ivfsoverlay -Xcc /Users/runner/Library/Developer/Xcode/DerivedData/AlbumManager-dmxhwzoxvsfmtkahqmfxhtjpefxd/Build/Intermediates.noindex/ArchiveIntermediates/AlbumManager/IntermediateBuildFilesPath/Pods.build/Release-iphoneos/WYYKit.build/unextended-module-overlay.yaml -working-directory /Users/runner/work/Album_Manager/Album_Manager/Pods -no-emit-module-separately-wmo

SwiftMergeGeneratedHeaders /Users/runner/Library/Developer/Xcode/DerivedData/AlbumManager-dmxhwzoxvsfmtkahqmfxhtjpefxd/Build/Intermediates.noindex/ArchiveIntermediates/AlbumManager/IntermediateBuildFilesPath/UninstalledProducts/iphoneos/WYYKit.framework/Headers/WYYKit-Swift.h /Users/runner/Library/Developer/Xcode/DerivedData/AlbumManager-dmxhwzoxvsfmtkahqmfxhtjpefxd/Build/Intermediates.noindex/ArchiveIntermediates/AlbumManager/IntermediateBuildFilesPath/Pods.build/Release-iphoneos/WYYKit.build/Objects-normal/arm64/WYYKit-Swift.h (in target 'WYYKit' from project 'Pods')
    cd /Users/runner/work/Album_Manager/Album_Manager/Pods
    builtin-swiftHeaderTool -arch arm64 /Users/runner/Library/Developer/Xcode/DerivedData/AlbumManager-dmxhwzoxvsfmtkahqmfxhtjpefxd/Build/Intermediates.noindex/ArchiveIntermediates/AlbumManager/IntermediateBuildFilesPath/Pods.build/Release-iphoneos/WYYKit.build/Objects-normal/arm64/WYYKit-Swift.h -o /Users/runner/Library/Developer/Xcode/DerivedData/AlbumManager-dmxhwzoxvsfmtkahqmfxhtjpefxd/Build/Intermediates.noindex/ArchiveIntermediates/AlbumManager/IntermediateBuildFilesPath/UninstalledProducts/iphoneos/WYYKit.framework/Headers/WYYKit-Swift.h

Copy /Users/runner/Library/Developer/Xcode/DerivedData/AlbumManager-dmxhwzoxvsfmtkahqmfxhtjpefxd/Build/Intermediates.noindex/ArchiveIntermediates/AlbumManager/IntermediateBuildFilesPath/UninstalledProducts/iphoneos/WYYKit.framework/Modules/WYYKit.swiftmodule/arm64-apple-ios.swiftdoc /Users/runner/Library/Developer/Xcode/DerivedData/AlbumManager-dmxhwzoxvsfmtkahqmfxhtjpefxd/Build/Intermediates.noindex/ArchiveIntermediates/AlbumManager/IntermediateBuildFilesPath/Pods.build/Release-iphoneos/WYYKit.build/Objects-normal/arm64/WYYKit.swiftdoc (in target 'WYYKit' from project 'Pods')
    cd /Users/runner/work/Album_Manager/Album_Manager/Pods
    builtin-copy -exclude .DS_Store -exclude CVS -exclude .svn -exclude .git -exclude .hg -resolve-src-symlinks -rename /Users/runner/Library/Developer/Xcode/DerivedData/AlbumManager-dmxhwzoxvsfmtkahqmfxhtjpefxd/Build/Intermediates.noindex/ArchiveIntermediates/AlbumManager/IntermediateBuildFilesPath/Pods.build/Release-iphoneos/WYYKit.build/Objects-normal/arm64/WYYKit.swiftdoc /Users/runner/Library/Developer/Xcode/DerivedData/AlbumManager-dmxhwzoxvsfmtkahqmfxhtjpefxd/Build/Intermediates.noindex/ArchiveIntermediates/AlbumManager/IntermediateBuildFilesPath/UninstalledProducts/iphoneos/WYYKit.framework/Modules/WYYKit.swiftmodule/arm64-apple-ios.swiftdoc

Copy /Users/runner/Library/Developer/Xcode/DerivedData/AlbumManager-dmxhwzoxvsfmtkahqmfxhtjpefxd/Build/Intermediates.noindex/ArchiveIntermediates/AlbumManager/IntermediateBuildFilesPath/UninstalledProducts/iphoneos/WYYKit.framework/Modules/WYYKit.swiftmodule/arm64-apple-ios.swiftmodule /Users/runner/Library/Developer/Xcode/DerivedData/AlbumManager-dmxhwzoxvsfmtkahqmfxhtjpefxd/Build/Intermediates.noindex/ArchiveIntermediates/AlbumManager/IntermediateBuildFilesPath/Pods.build/Release-iphoneos/WYYKit.build/Objects-normal/arm64/WYYKit.swiftmodule (in target 'WYYKit' from project 'Pods')
    cd /Users/runner/work/Album_Manager/Album_Manager/Pods
    builtin-copy -exclude .DS_Store -exclude CVS -exclude .svn -exclude .git -exclude .hg -resolve-src-symlinks -rename /Users/runner/Library/Developer/Xcode/DerivedData/AlbumManager-dmxhwzoxvsfmtkahqmfxhtjpefxd/Build/Intermediates.noindex/ArchiveIntermediates/AlbumManager/IntermediateBuildFilesPath/Pods.build/Release-iphoneos/WYYKit.build/Objects-normal/arm64/WYYKit.swiftmodule /Users/runner/Library/Developer/Xcode/DerivedData/AlbumManager-dmxhwzoxvsfmtkahqmfxhtjpefxd/Build/Intermediates.noindex/ArchiveIntermediates/AlbumManager/IntermediateBuildFilesPath/UninstalledProducts/iphoneos/WYYKit.framework/Modules/WYYKit.swiftmodule/arm64-apple-ios.swiftmodule

Copy /Users/runner/Library/Developer/Xcode/DerivedData/AlbumManager-dmxhwzoxvsfmtkahqmfxhtjpefxd/Build/Intermediates.noindex/ArchiveIntermediates/AlbumManager/IntermediateBuildFilesPath/UninstalledProducts/iphoneos/WYYKit.framework/Modules/WYYKit.swiftmodule/arm64-apple-ios.abi.json /Users/runner/Library/Developer/Xcode/DerivedData/AlbumManager-dmxhwzoxvsfmtkahqmfxhtjpefxd/Build/Intermediates.noindex/ArchiveIntermediates/AlbumManager/IntermediateBuildFilesPath/Pods.build/Release-iphoneos/WYYKit.build/Objects-normal/arm64/WYYKit.abi.json (in target 'WYYKit' from project 'Pods')
    cd /Users/runner/work/Album_Manager/Album_Manager/Pods
    builtin-copy -exclude .DS_Store -exclude CVS -exclude .svn -exclude .git -exclude .hg -resolve-src-symlinks -rename /Users/runner/Library/Developer/Xcode/DerivedData/AlbumManager-dmxhwzoxvsfmtkahqmfxhtjpefxd/Build/Intermediates.noindex/ArchiveIntermediates/AlbumManager/IntermediateBuildFilesPath/Pods.build/Release-iphoneos/WYYKit.build/Objects-normal/arm64/WYYKit.abi.json /Users/runner/Library/Developer/Xcode/DerivedData/AlbumManager-dmxhwzoxvsfmtkahqmfxhtjpefxd/Build/Intermediates.noindex/ArchiveIntermediates/AlbumManager/IntermediateBuildFilesPath/UninstalledProducts/iphoneos/WYYKit.framework/Modules/WYYKit.swiftmodule/arm64-apple-ios.abi.json

ScanDependencies /Users/runner/Library/Developer/Xcode/DerivedData/AlbumManager-dmxhwzoxvsfmtkahqmfxhtjpefxd/Build/Intermediates.noindex/ArchiveIntermediates/AlbumManager/IntermediateBuildFilesPath/Pods.build/Release-iphoneos/WYYKit.build/Objects-normal/arm64/WYYKit_vers.o /Users/runner/Library/Developer/Xcode/DerivedData/AlbumManager-dmxhwzoxvsfmtkahqmfxhtjpefxd/Build/Intermediates.noindex/ArchiveIntermediates/AlbumManager/IntermediateBuildFilesPath/Pods.build/Release-iphoneos/WYYKit.build/DerivedSources/WYYKit_vers.c normal arm64 c com.apple.compilers.llvm.clang.1_0.compiler (in target 'WYYKit' from project 'Pods')
    cd /Users/runner/work/Album_Manager/Album_Manager/Pods
    
    Using response file: /Users/runner/Library/Developer/Xcode/DerivedData/AlbumManager-dmxhwzoxvsfmtkahqmfxhtjpefxd/Build/Intermediates.noindex/ArchiveIntermediates/AlbumManager/IntermediateBuildFilesPath/Pods.build/Release-iphoneos/WYYKit.build/Objects-normal/arm64/7187679823f38a2a940e0043cdf9d637-common-args.resp
    
    builtin-ScanDependencies -o /Users/runner/Library/Developer/Xcode/DerivedData/AlbumManager-dmxhwzoxvsfmtkahqmfxhtjpefxd/Build/Intermediates.noindex/ArchiveIntermediates/AlbumManager/IntermediateBuildFilesPath/Pods.build/Release-iphoneos/WYYKit.build/Objects-normal/arm64/WYYKit_vers.o.scan -- /Applications/Xcode_16.4.app/Contents/Developer/Toolchains/XcodeDefault.xctoolchain/usr/bin/clang -x c -ivfsstatcache /Users/runner/Library/Developer/Xcode/DerivedData/SDKStatCaches.noindex/iphoneos18.5-22F76-a529daf784b3616c7c04a36aeb7f5c05.sdkstatcache -fmessage-length\=0 -fdiagnostics-show-note-include-stack -fmacro-backtrace-limit\=0 -fno-color-diagnostics -fmodules-prune-interval\=86400 -fmodules-prune-after\=345600 -fbuild-session-file\=/Users/runner/Library/Developer/Xcode/DerivedData/ModuleCache.noindex/Session.modulevalidation -fmodules-validate-once-per-build-session -Wnon-modular-include-in-framework-module -Werror\=non-modular-include-in-framework-module -Wno-trigraphs -Wno-missing-field-initializers -Wno-missing-prototypes -Werror\=return-type -Wdocumentation -Wunreachable-code -Werror\=deprecated-objc-isa-usage -Werror\=objc-root-class -Wno-missing-braces -Wparentheses -Wswitch -Wunused-function -Wno-unused-label -Wno-unused-parameter -Wunused-variable -Wunused-value -Wempty-body -Wuninitialized -Wconditional-uninitialized -Wno-unknown-pragmas -Wno-shadow -Wno-four-char-constants -Wno-conversion -Wconstant-conversion -Wint-conversion -Wbool-conversion -Wenum-conversion -Wno-float-conversion -Wnon-literal-null-conversion -Wobjc-literal-conversion -Wshorten-64-to-32 -Wpointer-sign -Wno-newline-eof -Wno-implicit-fallthrough -fstrict-aliasing -Wdeprecated-declarations -Wno-sign-conversion -Winfinite-recursion -Wcomma -Wblock-capture-autoreleasing -Wstrict-prototypes -Wno-semicolon-before-method-body -Wunguarded-availability @/Users/runner/Library/Developer/Xcode/DerivedData/AlbumManager-dmxhwzoxvsfmtkahqmfxhtjpefxd/Build/Intermediates.noindex/ArchiveIntermediates/AlbumManager/IntermediateBuildFilesPath/Pods.build/Release-iphoneos/WYYKit.build/Objects-normal/arm64/7187679823f38a2a940e0043cdf9d637-common-args.resp -MMD -MT dependencies -MF /Users/runner/Library/Developer/Xcode/DerivedData/AlbumManager-dmxhwzoxvsfmtkahqmfxhtjpefxd/Build/Intermediates.noindex/ArchiveIntermediates/AlbumManager/IntermediateBuildFilesPath/Pods.build/Release-iphoneos/WYYKit.build/Objects-normal/arm64/WYYKit_vers.d --serialize-diagnostics /Users/runner/Library/Developer/Xcode/DerivedData/AlbumManager-dmxhwzoxvsfmtkahqmfxhtjpefxd/Build/Intermediates.noindex/ArchiveIntermediates/AlbumManager/IntermediateBuildFilesPath/Pods.build/Release-iphoneos/WYYKit.build/Objects-normal/arm64/WYYKit_vers.dia -c /Users/runner/Library/Developer/Xcode/DerivedData/AlbumManager-dmxhwzoxvsfmtkahqmfxhtjpefxd/Build/Intermediates.noindex/ArchiveIntermediates/AlbumManager/IntermediateBuildFilesPath/Pods.build/Release-iphoneos/WYYKit.build/DerivedSources/WYYKit_vers.c -o /Users/runner/Library/Developer/Xcode/DerivedData/AlbumManager-dmxhwzoxvsfmtkahqmfxhtjpefxd/Build/Intermediates.noindex/ArchiveIntermediates/AlbumManager/IntermediateBuildFilesPath/Pods.build/Release-iphoneos/WYYKit.build/Objects-normal/arm64/WYYKit_vers.o

ScanDependencies /Users/runner/Library/Developer/Xcode/DerivedData/AlbumManager-dmxhwzoxvsfmtkahqmfxhtjpefxd/Build/Intermediates.noindex/ArchiveIntermediates/AlbumManager/IntermediateBuildFilesPath/Pods.build/Release-iphoneos/WYYKit.build/Objects-normal/arm64/WYYKit-dummy.o /Users/runner/work/Album_Manager/Album_Manager/Pods/Target\ Support\ Files/WYYKit/WYYKit-dummy.m normal arm64 objective-c com.apple.compilers.llvm.clang.1_0.compiler (in target 'WYYKit' from project 'Pods')
    cd /Users/runner/work/Album_Manager/Album_Manager/Pods
    
    Using response file: /Users/runner/Library/Developer/Xcode/DerivedData/AlbumManager-dmxhwzoxvsfmtkahqmfxhtjpefxd/Build/Intermediates.noindex/ArchiveIntermediates/AlbumManager/IntermediateBuildFilesPath/Pods.build/Release-iphoneos/WYYKit.build/Objects-normal/arm64/e6072d4f65d7061329687fe24e3d63a7-common-args.resp
    
    builtin-ScanDependencies -o /Users/runner/Library/Developer/Xcode/DerivedData/AlbumManager-dmxhwzoxvsfmtkahqmfxhtjpefxd/Build/Intermediates.noindex/ArchiveIntermediates/AlbumManager/IntermediateBuildFilesPath/Pods.build/Release-iphoneos/WYYKit.build/Objects-normal/arm64/WYYKit-dummy.o.scan -- /Applications/Xcode_16.4.app/Contents/Developer/Toolchains/XcodeDefault.xctoolchain/usr/bin/clang -x objective-c -ivfsstatcache /Users/runner/Library/Developer/Xcode/DerivedData/SDKStatCaches.noindex/iphoneos18.5-22F76-a529daf784b3616c7c04a36aeb7f5c05.sdkstatcache -fmessage-length\=0 -fdiagnostics-show-note-include-stack -fmacro-backtrace-limit\=0 -fno-color-diagnostics -fmodules-prune-interval\=86400 -fmodules-prune-after\=345600 -fbuild-session-file\=/Users/runner/Library/Developer/Xcode/DerivedData/ModuleCache.noindex/Session.modulevalidation -fmodules-validate-once-per-build-session -Wnon-modular-include-in-framework-module -Werror\=non-modular-include-in-framework-module -Wno-trigraphs -Wno-missing-field-initializers -Wno-missing-prototypes -Werror\=return-type -Wdocumentation -Wunreachable-code -Wno-implicit-atomic-properties -Werror\=deprecated-objc-isa-usage -Wno-objc-interface-ivars -Werror\=objc-root-class -Wno-arc-repeated-use-of-weak -Wimplicit-retain-self -Wduplicate-method-match -Wno-missing-braces -Wparentheses -Wswitch -Wunused-function -Wno-unused-label -Wno-unused-parameter -Wunused-variable -Wunused-value -Wempty-body -Wuninitialized -Wconditional-uninitialized -Wno-unknown-pragmas -Wno-shadow -Wno-four-char-constants -Wno-conversion -Wconstant-conversion -Wint-conversion -Wbool-conversion -Wenum-conversion -Wno-float-conversion -Wnon-literal-null-conversion -Wobjc-literal-conversion -Wshorten-64-to-32 -Wpointer-sign -Wno-newline-eof -Wno-selector -Wno-strict-selector-match -Wundeclared-selector -Wdeprecated-implementations -Wno-implicit-fallthrough -fstrict-aliasing -Wprotocol -Wdeprecated-declarations -Wno-sign-conversion -Winfinite-recursion -Wcomma -Wblock-capture-autoreleasing -Wstrict-prototypes -Wno-semicolon-before-method-body -Wunguarded-availability @/Users/runner/Library/Developer/Xcode/DerivedData/AlbumManager-dmxhwzoxvsfmtkahqmfxhtjpefxd/Build/Intermediates.noindex/ArchiveIntermediates/AlbumManager/IntermediateBuildFilesPath/Pods.build/Release-iphoneos/WYYKit.build/Objects-normal/arm64/e6072d4f65d7061329687fe24e3d63a7-common-args.resp -include /Users/runner/work/Album_Manager/Album_Manager/Pods/Target\ Support\ Files/WYYKit/WYYKit-prefix.pch -MMD -MT dependencies -MF /Users/runner/Library/Developer/Xcode/DerivedData/AlbumManager-dmxhwzoxvsfmtkahqmfxhtjpefxd/Build/Intermediates.noindex/ArchiveIntermediates/AlbumManager/IntermediateBuildFilesPath/Pods.build/Release-iphoneos/WYYKit.build/Objects-normal/arm64/WYYKit-dummy.d --serialize-diagnostics /Users/runner/Library/Developer/Xcode/DerivedData/AlbumManager-dmxhwzoxvsfmtkahqmfxhtjpefxd/Build/Intermediates.noindex/ArchiveIntermediates/AlbumManager/IntermediateBuildFilesPath/Pods.build/Release-iphoneos/WYYKit.build/Objects-normal/arm64/WYYKit-dummy.dia -c /Users/runner/work/Album_Manager/Album_Manager/Pods/Target\ Support\ Files/WYYKit/WYYKit-dummy.m -o /Users/runner/Library/Developer/Xcode/DerivedData/AlbumManager-dmxhwzoxvsfmtkahqmfxhtjpefxd/Build/Intermediates.noindex/ArchiveIntermediates/AlbumManager/IntermediateBuildFilesPath/Pods.build/Release-iphoneos/WYYKit.build/Objects-normal/arm64/WYYKit-dummy.o

ProcessProductPackaging /Users/runner/Library/MobileDevice/Provisioning\ Profiles/bb64fd78-5d7b-4f2a-abb4-d0f536c3a800.mobileprovision /Users/runner/Library/Developer/Xcode/DerivedData/AlbumManager-dmxhwzoxvsfmtkahqmfxhtjpefxd/Build/Intermediates.noindex/ArchiveIntermediates/AlbumManager/InstallationBuildProductsLocation/Applications/AlbumManager.app/embedded.mobileprovision (in target 'AlbumManager' from project 'AlbumManager')
    cd /Users/runner/work/Album_Manager/Album_Manager
    builtin-productPackagingUtility /Users/runner/Library/MobileDevice/Provisioning\ Profiles/bb64fd78-5d7b-4f2a-abb4-d0f536c3a800.mobileprovision -o /Users/runner/Library/Developer/Xcode/DerivedData/AlbumManager-dmxhwzoxvsfmtkahqmfxhtjpefxd/Build/Intermediates.noindex/ArchiveIntermediates/AlbumManager/InstallationBuildProductsLocation/Applications/AlbumManager.app/embedded.mobileprovision

ProcessProductPackaging "" /Users/runner/Library/Developer/Xcode/DerivedData/AlbumManager-dmxhwzoxvsfmtkahqmfxhtjpefxd/Build/Intermediates.noindex/ArchiveIntermediates/AlbumManager/IntermediateBuildFilesPath/AlbumManager.build/Release-iphoneos/AlbumManager.build/AlbumManager.app.xcent (in target 'AlbumManager' from project 'AlbumManager')
    cd /Users/runner/work/Album_Manager/Album_Manager
    
    Entitlements:
    
    {
    "application-identifier" = "LLNYYVQJ8C.com.album.abortin.abortion";
    "beta-reports-active" = 1;
    "com.apple.developer.team-identifier" = LLNYYVQJ8C;
    "get-task-allow" = 0;
}
    
    builtin-productPackagingUtility -entitlements -format xml -o /Users/runner/Library/Developer/Xcode/DerivedData/AlbumManager-dmxhwzoxvsfmtkahqmfxhtjpefxd/Build/Intermediates.noindex/ArchiveIntermediates/AlbumManager/IntermediateBuildFilesPath/AlbumManager.build/Release-iphoneos/AlbumManager.build/AlbumManager.app.xcent

CompileC /Users/runner/Library/Developer/Xcode/DerivedData/AlbumManager-dmxhwzoxvsfmtkahqmfxhtjpefxd/Build/Intermediates.noindex/ArchiveIntermediates/AlbumManager/IntermediateBuildFilesPath/Pods.build/Release-iphoneos/WYYKit.build/Objects-normal/arm64/WYYKit_vers.o /Users/runner/Library/Developer/Xcode/DerivedData/AlbumManager-dmxhwzoxvsfmtkahqmfxhtjpefxd/Build/Intermediates.noindex/ArchiveIntermediates/AlbumManager/IntermediateBuildFilesPath/Pods.build/Release-iphoneos/WYYKit.build/DerivedSources/WYYKit_vers.c normal arm64 c com.apple.compilers.llvm.clang.1_0.compiler (in target 'WYYKit' from project 'Pods')
    cd /Users/runner/work/Album_Manager/Album_Manager/Pods
    
    Using response file: /Users/runner/Library/Developer/Xcode/DerivedData/AlbumManager-dmxhwzoxvsfmtkahqmfxhtjpefxd/Build/Intermediates.noindex/ArchiveIntermediates/AlbumManager/IntermediateBuildFilesPath/Pods.build/Release-iphoneos/WYYKit.build/Objects-normal/arm64/7187679823f38a2a940e0043cdf9d637-common-args.resp
    
    /Applications/Xcode_16.4.app/Contents/Developer/Toolchains/XcodeDefault.xctoolchain/usr/bin/clang -x c -ivfsstatcache /Users/runner/Library/Developer/Xcode/DerivedData/SDKStatCaches.noindex/iphoneos18.5-22F76-a529daf784b3616c7c04a36aeb7f5c05.sdkstatcache -fmessage-length\=0 -fdiagnostics-show-note-include-stack -fmacro-backtrace-limit\=0 -fno-color-diagnostics -fmodules-prune-interval\=86400 -fmodules-prune-after\=345600 -fbuild-session-file\=/Users/runner/Library/Developer/Xcode/DerivedData/ModuleCache.noindex/Session.modulevalidation -fmodules-validate-once-per-build-session -Wnon-modular-include-in-framework-module -Werror\=non-modular-include-in-framework-module -Wno-trigraphs -Wno-missing-field-initializers -Wno-missing-prototypes -Werror\=return-type -Wdocumentation -Wunreachable-code -Werror\=deprecated-objc-isa-usage -Werror\=objc-root-class -Wno-missing-braces -Wparentheses -Wswitch -Wunused-function -Wno-unused-label -Wno-unused-parameter -Wunused-variable -Wunused-value -Wempty-body -Wuninitialized -Wconditional-uninitialized -Wno-unknown-pragmas -Wno-shadow -Wno-four-char-constants -Wno-conversion -Wconstant-conversion -Wint-conversion -Wbool-conversion -Wenum-conversion -Wno-float-conversion -Wnon-literal-null-conversion -Wobjc-literal-conversion -Wshorten-64-to-32 -Wpointer-sign -Wno-newline-eof -Wno-implicit-fallthrough -fstrict-aliasing -Wdeprecated-declarations -Wno-sign-conversion -Winfinite-recursion -Wcomma -Wblock-capture-autoreleasing -Wstrict-prototypes -Wno-semicolon-before-method-body -Wunguarded-availability @/Users/runner/Library/Developer/Xcode/DerivedData/AlbumManager-dmxhwzoxvsfmtkahqmfxhtjpefxd/Build/Intermediates.noindex/ArchiveIntermediates/AlbumManager/IntermediateBuildFilesPath/Pods.build/Release-iphoneos/WYYKit.build/Objects-normal/arm64/7187679823f38a2a940e0043cdf9d637-common-args.resp -MMD -MT dependencies -MF /Users/runner/Library/Developer/Xcode/DerivedData/AlbumManager-dmxhwzoxvsfmtkahqmfxhtjpefxd/Build/Intermediates.noindex/ArchiveIntermediates/AlbumManager/IntermediateBuildFilesPath/Pods.build/Release-iphoneos/WYYKit.build/Objects-normal/arm64/WYYKit_vers.d --serialize-diagnostics /Users/runner/Library/Developer/Xcode/DerivedData/AlbumManager-dmxhwzoxvsfmtkahqmfxhtjpefxd/Build/Intermediates.noindex/ArchiveIntermediates/AlbumManager/IntermediateBuildFilesPath/Pods.build/Release-iphoneos/WYYKit.build/Objects-normal/arm64/WYYKit_vers.dia -c /Users/runner/Library/Developer/Xcode/DerivedData/AlbumManager-dmxhwzoxvsfmtkahqmfxhtjpefxd/Build/Intermediates.noindex/ArchiveIntermediates/AlbumManager/IntermediateBuildFilesPath/Pods.build/Release-iphoneos/WYYKit.build/DerivedSources/WYYKit_vers.c -o /Users/runner/Library/Developer/Xcode/DerivedData/AlbumManager-dmxhwzoxvsfmtkahqmfxhtjpefxd/Build/Intermediates.noindex/ArchiveIntermediates/AlbumManager/IntermediateBuildFilesPath/Pods.build/Release-iphoneos/WYYKit.build/Objects-normal/arm64/WYYKit_vers.o

ProcessProductPackagingDER /Users/runner/Library/Developer/Xcode/DerivedData/AlbumManager-dmxhwzoxvsfmtkahqmfxhtjpefxd/Build/Intermediates.noindex/ArchiveIntermediates/AlbumManager/IntermediateBuildFilesPath/AlbumManager.build/Release-iphoneos/AlbumManager.build/AlbumManager.app.xcent /Users/runner/Library/Developer/Xcode/DerivedData/AlbumManager-dmxhwzoxvsfmtkahqmfxhtjpefxd/Build/Intermediates.noindex/ArchiveIntermediates/AlbumManager/IntermediateBuildFilesPath/AlbumManager.build/Release-iphoneos/AlbumManager.build/AlbumManager.app.xcent.der (in target 'AlbumManager' from project 'AlbumManager')
    cd /Users/runner/work/Album_Manager/Album_Manager
    /usr/bin/derq query -f xml -i /Users/runner/Library/Developer/Xcode/DerivedData/AlbumManager-dmxhwzoxvsfmtkahqmfxhtjpefxd/Build/Intermediates.noindex/ArchiveIntermediates/AlbumManager/IntermediateBuildFilesPath/AlbumManager.build/Release-iphoneos/AlbumManager.build/AlbumManager.app.xcent -o /Users/runner/Library/Developer/Xcode/DerivedData/AlbumManager-dmxhwzoxvsfmtkahqmfxhtjpefxd/Build/Intermediates.noindex/ArchiveIntermediates/AlbumManager/IntermediateBuildFilesPath/AlbumManager.build/Release-iphoneos/AlbumManager.build/AlbumManager.app.xcent.der --raw

ScanDependencies /Users/runner/Library/Developer/Xcode/DerivedData/AlbumManager-dmxhwzoxvsfmtkahqmfxhtjpefxd/Build/Intermediates.noindex/ArchiveIntermediates/AlbumManager/IntermediateBuildFilesPath/Pods.build/Release-iphoneos/Pods-AlbumManager.build/Objects-normal/arm64/Pods_AlbumManager_vers.o /Users/runner/Library/Developer/Xcode/DerivedData/AlbumManager-dmxhwzoxvsfmtkahqmfxhtjpefxd/Build/Intermediates.noindex/ArchiveIntermediates/AlbumManager/IntermediateBuildFilesPath/Pods.build/Release-iphoneos/Pods-AlbumManager.build/DerivedSources/Pods_AlbumManager_vers.c normal arm64 c com.apple.compilers.llvm.clang.1_0.compiler (in target 'Pods-AlbumManager' from project 'Pods')
    cd /Users/runner/work/Album_Manager/Album_Manager/Pods
    
    Using response file: /Users/runner/Library/Developer/Xcode/DerivedData/AlbumManager-dmxhwzoxvsfmtkahqmfxhtjpefxd/Build/Intermediates.noindex/ArchiveIntermediates/AlbumManager/IntermediateBuildFilesPath/Pods.build/Release-iphoneos/Pods-AlbumManager.build/Objects-normal/arm64/7187679823f38a2a940e0043cdf9d637-common-args.resp
    
    builtin-ScanDependencies -o /Users/runner/Library/Developer/Xcode/DerivedData/AlbumManager-dmxhwzoxvsfmtkahqmfxhtjpefxd/Build/Intermediates.noindex/ArchiveIntermediates/AlbumManager/IntermediateBuildFilesPath/Pods.build/Release-iphoneos/Pods-AlbumManager.build/Objects-normal/arm64/Pods_AlbumManager_vers.o.scan -- /Applications/Xcode_16.4.app/Contents/Developer/Toolchains/XcodeDefault.xctoolchain/usr/bin/clang -x c -ivfsstatcache /Users/runner/Library/Developer/Xcode/DerivedData/SDKStatCaches.noindex/iphoneos18.5-22F76-a529daf784b3616c7c04a36aeb7f5c05.sdkstatcache -fmessage-length\=0 -fdiagnostics-show-note-include-stack -fmacro-backtrace-limit\=0 -fno-color-diagnostics -fmodules-prune-interval\=86400 -fmodules-prune-after\=345600 -fbuild-session-file\=/Users/runner/Library/Developer/Xcode/DerivedData/ModuleCache.noindex/Session.modulevalidation -fmodules-validate-once-per-build-session -Wnon-modular-include-in-framework-module -Werror\=non-modular-include-in-framework-module -Wno-trigraphs -Wno-missing-field-initializers -Wno-missing-prototypes -Werror\=return-type -Wdocumentation -Wunreachable-code -Werror\=deprecated-objc-isa-usage -Werror\=objc-root-class -Wno-missing-braces -Wparentheses -Wswitch -Wunused-function -Wno-unused-label -Wno-unused-parameter -Wunused-variable -Wunused-value -Wempty-body -Wuninitialized -Wconditional-uninitialized -Wno-unknown-pragmas -Wno-shadow -Wno-four-char-constants -Wno-conversion -Wconstant-conversion -Wint-conversion -Wbool-conversion -Wenum-conversion -Wno-float-conversion -Wnon-literal-null-conversion -Wobjc-literal-conversion -Wshorten-64-to-32 -Wpointer-sign -Wno-newline-eof -Wno-implicit-fallthrough -fstrict-aliasing -Wdeprecated-declarations -Wno-sign-conversion -Winfinite-recursion -Wcomma -Wblock-capture-autoreleasing -Wstrict-prototypes -Wno-semicolon-before-method-body -Wunguarded-availability @/Users/runner/Library/Developer/Xcode/DerivedData/AlbumManager-dmxhwzoxvsfmtkahqmfxhtjpefxd/Build/Intermediates.noindex/ArchiveIntermediates/AlbumManager/IntermediateBuildFilesPath/Pods.build/Release-iphoneos/Pods-AlbumManager.build/Objects-normal/arm64/7187679823f38a2a940e0043cdf9d637-common-args.resp -MMD -MT dependencies -MF /Users/runner/Library/Developer/Xcode/DerivedData/AlbumManager-dmxhwzoxvsfmtkahqmfxhtjpefxd/Build/Intermediates.noindex/ArchiveIntermediates/AlbumManager/IntermediateBuildFilesPath/Pods.build/Release-iphoneos/Pods-AlbumManager.build/Objects-normal/arm64/Pods_AlbumManager_vers.d --serialize-diagnostics /Users/runner/Library/Developer/Xcode/DerivedData/AlbumManager-dmxhwzoxvsfmtkahqmfxhtjpefxd/Build/Intermediates.noindex/ArchiveIntermediates/AlbumManager/IntermediateBuildFilesPath/Pods.build/Release-iphoneos/Pods-AlbumManager.build/Objects-normal/arm64/Pods_AlbumManager_vers.dia -c /Users/runner/Library/Developer/Xcode/DerivedData/AlbumManager-dmxhwzoxvsfmtkahqmfxhtjpefxd/Build/Intermediates.noindex/ArchiveIntermediates/AlbumManager/IntermediateBuildFilesPath/Pods.build/Release-iphoneos/Pods-AlbumManager.build/DerivedSources/Pods_AlbumManager_vers.c -o /Users/runner/Library/Developer/Xcode/DerivedData/AlbumManager-dmxhwzoxvsfmtkahqmfxhtjpefxd/Build/Intermediates.noindex/ArchiveIntermediates/AlbumManager/IntermediateBuildFilesPath/Pods.build/Release-iphoneos/Pods-AlbumManager.build/Objects-normal/arm64/Pods_AlbumManager_vers.o

ScanDependencies /Users/runner/Library/Developer/Xcode/DerivedData/AlbumManager-dmxhwzoxvsfmtkahqmfxhtjpefxd/Build/Intermediates.noindex/ArchiveIntermediates/AlbumManager/IntermediateBuildFilesPath/Pods.build/Release-iphoneos/Pods-AlbumManager.build/Objects-normal/arm64/Pods-AlbumManager-dummy.o /Users/runner/work/Album_Manager/Album_Manager/Pods/Target\ Support\ Files/Pods-AlbumManager/Pods-AlbumManager-dummy.m normal arm64 objective-c com.apple.compilers.llvm.clang.1_0.compiler (in target 'Pods-AlbumManager' from project 'Pods')
    cd /Users/runner/work/Album_Manager/Album_Manager/Pods
    
    Using response file: /Users/runner/Library/Developer/Xcode/DerivedData/AlbumManager-dmxhwzoxvsfmtkahqmfxhtjpefxd/Build/Intermediates.noindex/ArchiveIntermediates/AlbumManager/IntermediateBuildFilesPath/Pods.build/Release-iphoneos/Pods-AlbumManager.build/Objects-normal/arm64/e6072d4f65d7061329687fe24e3d63a7-common-args.resp
    
    builtin-ScanDependencies -o /Users/runner/Library/Developer/Xcode/DerivedData/AlbumManager-dmxhwzoxvsfmtkahqmfxhtjpefxd/Build/Intermediates.noindex/ArchiveIntermediates/AlbumManager/IntermediateBuildFilesPath/Pods.build/Release-iphoneos/Pods-AlbumManager.build/Objects-normal/arm64/Pods-AlbumManager-dummy.o.scan -- /Applications/Xcode_16.4.app/Contents/Developer/Toolchains/XcodeDefault.xctoolchain/usr/bin/clang -x objective-c -ivfsstatcache /Users/runner/Library/Developer/Xcode/DerivedData/SDKStatCaches.noindex/iphoneos18.5-22F76-a529daf784b3616c7c04a36aeb7f5c05.sdkstatcache -fmessage-length\=0 -fdiagnostics-show-note-include-stack -fmacro-backtrace-limit\=0 -fno-color-diagnostics -fmodules-prune-interval\=86400 -fmodules-prune-after\=345600 -fbuild-session-file\=/Users/runner/Library/Developer/Xcode/DerivedData/ModuleCache.noindex/Session.modulevalidation -fmodules-validate-once-per-build-session -Wnon-modular-include-in-framework-module -Werror\=non-modular-include-in-framework-module -Wno-trigraphs -Wno-missing-field-initializers -Wno-missing-prototypes -Werror\=return-type -Wdocumentation -Wunreachable-code -Wno-implicit-atomic-properties -Werror\=deprecated-objc-isa-usage -Wno-objc-interface-ivars -Werror\=objc-root-class -Wno-arc-repeated-use-of-weak -Wimplicit-retain-self -Wduplicate-method-match -Wno-missing-braces -Wparentheses -Wswitch -Wunused-function -Wno-unused-label -Wno-unused-parameter -Wunused-variable -Wunused-value -Wempty-body -Wuninitialized -Wconditional-uninitialized -Wno-unknown-pragmas -Wno-shadow -Wno-four-char-constants -Wno-conversion -Wconstant-conversion -Wint-conversion -Wbool-conversion -Wenum-conversion -Wno-float-conversion -Wnon-literal-null-conversion -Wobjc-literal-conversion -Wshorten-64-to-32 -Wpointer-sign -Wno-newline-eof -Wno-selector -Wno-strict-selector-match -Wundeclared-selector -Wdeprecated-implementations -Wno-implicit-fallthrough -fstrict-aliasing -Wprotocol -Wdeprecated-declarations -Wno-sign-conversion -Winfinite-recursion -Wcomma -Wblock-capture-autoreleasing -Wstrict-prototypes -Wno-semicolon-before-method-body -Wunguarded-availability @/Users/runner/Library/Developer/Xcode/DerivedData/AlbumManager-dmxhwzoxvsfmtkahqmfxhtjpefxd/Build/Intermediates.noindex/ArchiveIntermediates/AlbumManager/IntermediateBuildFilesPath/Pods.build/Release-iphoneos/Pods-AlbumManager.build/Objects-normal/arm64/e6072d4f65d7061329687fe24e3d63a7-common-args.resp -MMD -MT dependencies -MF /Users/runner/Library/Developer/Xcode/DerivedData/AlbumManager-dmxhwzoxvsfmtkahqmfxhtjpefxd/Build/Intermediates.noindex/ArchiveIntermediates/AlbumManager/IntermediateBuildFilesPath/Pods.build/Release-iphoneos/Pods-AlbumManager.build/Objects-normal/arm64/Pods-AlbumManager-dummy.d --serialize-diagnostics /Users/runner/Library/Developer/Xcode/DerivedData/AlbumManager-dmxhwzoxvsfmtkahqmfxhtjpefxd/Build/Intermediates.noindex/ArchiveIntermediates/AlbumManager/IntermediateBuildFilesPath/Pods.build/Release-iphoneos/Pods-AlbumManager.build/Objects-normal/arm64/Pods-AlbumManager-dummy.dia -c /Users/runner/work/Album_Manager/Album_Manager/Pods/Target\ Support\ Files/Pods-AlbumManager/Pods-AlbumManager-dummy.m -o /Users/runner/Library/Developer/Xcode/DerivedData/AlbumManager-dmxhwzoxvsfmtkahqmfxhtjpefxd/Build/Intermediates.noindex/ArchiveIntermediates/AlbumManager/IntermediateBuildFilesPath/Pods.build/Release-iphoneos/Pods-AlbumManager.build/Objects-normal/arm64/Pods-AlbumManager-dummy.o

CompileC /Users/runner/Library/Developer/Xcode/DerivedData/AlbumManager-dmxhwzoxvsfmtkahqmfxhtjpefxd/Build/Intermediates.noindex/ArchiveIntermediates/AlbumManager/IntermediateBuildFilesPath/Pods.build/Release-iphoneos/Pods-AlbumManager.build/Objects-normal/arm64/Pods_AlbumManager_vers.o /Users/runner/Library/Developer/Xcode/DerivedData/AlbumManager-dmxhwzoxvsfmtkahqmfxhtjpefxd/Build/Intermediates.noindex/ArchiveIntermediates/AlbumManager/IntermediateBuildFilesPath/Pods.build/Release-iphoneos/Pods-AlbumManager.build/DerivedSources/Pods_AlbumManager_vers.c normal arm64 c com.apple.compilers.llvm.clang.1_0.compiler (in target 'Pods-AlbumManager' from project 'Pods')
    cd /Users/runner/work/Album_Manager/Album_Manager/Pods
    
    Using response file: /Users/runner/Library/Developer/Xcode/DerivedData/AlbumManager-dmxhwzoxvsfmtkahqmfxhtjpefxd/Build/Intermediates.noindex/ArchiveIntermediates/AlbumManager/IntermediateBuildFilesPath/Pods.build/Release-iphoneos/Pods-AlbumManager.build/Objects-normal/arm64/7187679823f38a2a940e0043cdf9d637-common-args.resp
    
    /Applications/Xcode_16.4.app/Contents/Developer/Toolchains/XcodeDefault.xctoolchain/usr/bin/clang -x c -ivfsstatcache /Users/runner/Library/Developer/Xcode/DerivedData/SDKStatCaches.noindex/iphoneos18.5-22F76-a529daf784b3616c7c04a36aeb7f5c05.sdkstatcache -fmessage-length\=0 -fdiagnostics-show-note-include-stack -fmacro-backtrace-limit\=0 -fno-color-diagnostics -fmodules-prune-interval\=86400 -fmodules-prune-after\=345600 -fbuild-session-file\=/Users/runner/Library/Developer/Xcode/DerivedData/ModuleCache.noindex/Session.modulevalidation -fmodules-validate-once-per-build-session -Wnon-modular-include-in-framework-module -Werror\=non-modular-include-in-framework-module -Wno-trigraphs -Wno-missing-field-initializers -Wno-missing-prototypes -Werror\=return-type -Wdocumentation -Wunreachable-code -Werror\=deprecated-objc-isa-usage -Werror\=objc-root-class -Wno-missing-braces -Wparentheses -Wswitch -Wunused-function -Wno-unused-label -Wno-unused-parameter -Wunused-variable -Wunused-value -Wempty-body -Wuninitialized -Wconditional-uninitialized -Wno-unknown-pragmas -Wno-shadow -Wno-four-char-constants -Wno-conversion -Wconstant-conversion -Wint-conversion -Wbool-conversion -Wenum-conversion -Wno-float-conversion -Wnon-literal-null-conversion -Wobjc-literal-conversion -Wshorten-64-to-32 -Wpointer-sign -Wno-newline-eof -Wno-implicit-fallthrough -fstrict-aliasing -Wdeprecated-declarations -Wno-sign-conversion -Winfinite-recursion -Wcomma -Wblock-capture-autoreleasing -Wstrict-prototypes -Wno-semicolon-before-method-body -Wunguarded-availability @/Users/runner/Library/Developer/Xcode/DerivedData/AlbumManager-dmxhwzoxvsfmtkahqmfxhtjpefxd/Build/Intermediates.noindex/ArchiveIntermediates/AlbumManager/IntermediateBuildFilesPath/Pods.build/Release-iphoneos/Pods-AlbumManager.build/Objects-normal/arm64/7187679823f38a2a940e0043cdf9d637-common-args.resp -MMD -MT dependencies -MF /Users/runner/Library/Developer/Xcode/DerivedData/AlbumManager-dmxhwzoxvsfmtkahqmfxhtjpefxd/Build/Intermediates.noindex/ArchiveIntermediates/AlbumManager/IntermediateBuildFilesPath/Pods.build/Release-iphoneos/Pods-AlbumManager.build/Objects-normal/arm64/Pods_AlbumManager_vers.d --serialize-diagnostics /Users/runner/Library/Developer/Xcode/DerivedData/AlbumManager-dmxhwzoxvsfmtkahqmfxhtjpefxd/Build/Intermediates.noindex/ArchiveIntermediates/AlbumManager/IntermediateBuildFilesPath/Pods.build/Release-iphoneos/Pods-AlbumManager.build/Objects-normal/arm64/Pods_AlbumManager_vers.dia -c /Users/runner/Library/Developer/Xcode/DerivedData/AlbumManager-dmxhwzoxvsfmtkahqmfxhtjpefxd/Build/Intermediates.noindex/ArchiveIntermediates/AlbumManager/IntermediateBuildFilesPath/Pods.build/Release-iphoneos/Pods-AlbumManager.build/DerivedSources/Pods_AlbumManager_vers.c -o /Users/runner/Library/Developer/Xcode/DerivedData/AlbumManager-dmxhwzoxvsfmtkahqmfxhtjpefxd/Build/Intermediates.noindex/ArchiveIntermediates/AlbumManager/IntermediateBuildFilesPath/Pods.build/Release-iphoneos/Pods-AlbumManager.build/Objects-normal/arm64/Pods_AlbumManager_vers.o

PrecompileModule /Users/runner/Library/Developer/Xcode/DerivedData/AlbumManager-dmxhwzoxvsfmtkahqmfxhtjpefxd/Build/Intermediates.noindex/ArchiveIntermediates/AlbumManager/IntermediateBuildFilesPath/ExplicitPrecompiledModules/_Builtin_stdbool-8T65Q3L0WABYVQGZSSJ54RGSN.scan
    cd /Users/runner/work/Album_Manager/Album_Manager/Pods
    builtin-precompileModule /Users/runner/Library/Developer/Xcode/DerivedData/AlbumManager-dmxhwzoxvsfmtkahqmfxhtjpefxd/Build/Intermediates.noindex/ArchiveIntermediates/AlbumManager/IntermediateBuildFilesPath/ExplicitPrecompiledModules/_Builtin_stdbool-8T65Q3L0WABYVQGZSSJ54RGSN.scan

PrecompileModule /Users/runner/Library/Developer/Xcode/DerivedData/AlbumManager-dmxhwzoxvsfmtkahqmfxhtjpefxd/Build/Intermediates.noindex/ArchiveIntermediates/AlbumManager/IntermediateBuildFilesPath/ExplicitPrecompiledModules/ptrcheck-8OBXA4N2VAT0ULW4JUDDY80LK.scan
    cd /Users/runner/work/Album_Manager/Album_Manager/Pods
    builtin-precompileModule /Users/runner/Library/Developer/Xcode/DerivedData/AlbumManager-dmxhwzoxvsfmtkahqmfxhtjpefxd/Build/Intermediates.noindex/ArchiveIntermediates/AlbumManager/IntermediateBuildFilesPath/ExplicitPrecompiledModules/ptrcheck-8OBXA4N2VAT0ULW4JUDDY80LK.scan

PrecompileModule /Users/runner/Library/Developer/Xcode/DerivedData/AlbumManager-dmxhwzoxvsfmtkahqmfxhtjpefxd/Build/Intermediates.noindex/ArchiveIntermediates/AlbumManager/IntermediateBuildFilesPath/ExplicitPrecompiledModules/_float-E30USV01WVQ1FHTU7P9OO3YJN.scan
    cd /Users/runner/work/Album_Manager/Album_Manager/Pods
    builtin-precompileModule /Users/runner/Library/Developer/Xcode/DerivedData/AlbumManager-dmxhwzoxvsfmtkahqmfxhtjpefxd/Build/Intermediates.noindex/ArchiveIntermediates/AlbumManager/IntermediateBuildFilesPath/ExplicitPrecompiledModules/_float-E30USV01WVQ1FHTU7P9OO3YJN.scan

PrecompileModule /Users/runner/Library/Developer/Xcode/DerivedData/AlbumManager-dmxhwzoxvsfmtkahqmfxhtjpefxd/Build/Intermediates.noindex/ArchiveIntermediates/AlbumManager/IntermediateBuildFilesPath/ExplicitPrecompiledModules/TargetConditionals-3POKTMIVXHOLNAQRQLCRNDXAT.scan
    cd /Users/runner/work/Album_Manager/Album_Manager/Pods
    builtin-precompileModule /Users/runner/Library/Developer/Xcode/DerivedData/AlbumManager-dmxhwzoxvsfmtkahqmfxhtjpefxd/Build/Intermediates.noindex/ArchiveIntermediates/AlbumManager/IntermediateBuildFilesPath/ExplicitPrecompiledModules/TargetConditionals-3POKTMIVXHOLNAQRQLCRNDXAT.scan

PrecompileModule /Users/runner/Library/Developer/Xcode/DerivedData/AlbumManager-dmxhwzoxvsfmtkahqmfxhtjpefxd/Build/Intermediates.noindex/ArchiveIntermediates/AlbumManager/IntermediateBuildFilesPath/ExplicitPrecompiledModules/ptrauth-98W4U8KL6Z47UT878SCOGH8AS.scan
    cd /Users/runner/work/Album_Manager/Album_Manager/Pods
    builtin-precompileModule /Users/runner/Library/Developer/Xcode/DerivedData/AlbumManager-dmxhwzoxvsfmtkahqmfxhtjpefxd/Build/Intermediates.noindex/ArchiveIntermediates/AlbumManager/IntermediateBuildFilesPath/ExplicitPrecompiledModules/ptrauth-98W4U8KL6Z47UT878SCOGH8AS.scan

PrecompileModule /Users/runner/Library/Developer/Xcode/DerivedData/AlbumManager-dmxhwzoxvsfmtkahqmfxhtjpefxd/Build/Intermediates.noindex/ArchiveIntermediates/AlbumManager/IntermediateBuildFilesPath/ExplicitPrecompiledModules/_Builtin_iso646-4TAT06HBF38I1CUY3RZIYAEDM.scan
    cd /Users/runner/work/Album_Manager/Album_Manager/Pods
    builtin-precompileModule /Users/runner/Library/Developer/Xcode/DerivedData/AlbumManager-dmxhwzoxvsfmtkahqmfxhtjpefxd/Build/Intermediates.noindex/ArchiveIntermediates/AlbumManager/IntermediateBuildFilesPath/ExplicitPrecompiledModules/_Builtin_iso646-4TAT06HBF38I1CUY3RZIYAEDM.scan

PrecompileModule /Users/runner/Library/Developer/Xcode/DerivedData/AlbumManager-dmxhwzoxvsfmtkahqmfxhtjpefxd/Build/Intermediates.noindex/ArchiveIntermediates/AlbumManager/IntermediateBuildFilesPath/ExplicitPrecompiledModules/_Builtin_float-24YNZT64E9L7SFY4K8EGKLTXF.scan
    cd /Users/runner/work/Album_Manager/Album_Manager/Pods
    builtin-precompileModule /Users/runner/Library/Developer/Xcode/DerivedData/AlbumManager-dmxhwzoxvsfmtkahqmfxhtjpefxd/Build/Intermediates.noindex/ArchiveIntermediates/AlbumManager/IntermediateBuildFilesPath/ExplicitPrecompiledModules/_Builtin_float-24YNZT64E9L7SFY4K8EGKLTXF.scan

PrecompileModule /Users/runner/Library/Developer/Xcode/DerivedData/AlbumManager-dmxhwzoxvsfmtkahqmfxhtjpefxd/Build/Intermediates.noindex/ArchiveIntermediates/AlbumManager/IntermediateBuildFilesPath/ExplicitPrecompiledModules/_Builtin_stdarg-CR8PQ97KWN0L8BRB07CF0FGNP.scan
    cd /Users/runner/work/Album_Manager/Album_Manager/Pods
    builtin-precompileModule /Users/runner/Library/Developer/Xcode/DerivedData/AlbumManager-dmxhwzoxvsfmtkahqmfxhtjpefxd/Build/Intermediates.noindex/ArchiveIntermediates/AlbumManager/IntermediateBuildFilesPath/ExplicitPrecompiledModules/_Builtin_stdarg-CR8PQ97KWN0L8BRB07CF0FGNP.scan

PrecompileModule /Users/runner/Library/Developer/Xcode/DerivedData/AlbumManager-dmxhwzoxvsfmtkahqmfxhtjpefxd/Build/Intermediates.noindex/ArchiveIntermediates/AlbumManager/IntermediateBuildFilesPath/ExplicitPrecompiledModules/_Builtin_stddef-B1CU4BK6W15BO1ZAAVVT3WXA8.scan
    cd /Users/runner/work/Album_Manager/Album_Manager/Pods
    builtin-precompileModule /Users/runner/Library/Developer/Xcode/DerivedData/AlbumManager-dmxhwzoxvsfmtkahqmfxhtjpefxd/Build/Intermediates.noindex/ArchiveIntermediates/AlbumManager/IntermediateBuildFilesPath/ExplicitPrecompiledModules/_Builtin_stddef-B1CU4BK6W15BO1ZAAVVT3WXA8.scan

PrecompileModule /Users/runner/Library/Developer/Xcode/DerivedData/AlbumManager-dmxhwzoxvsfmtkahqmfxhtjpefxd/Build/Intermediates.noindex/ArchiveIntermediates/AlbumManager/IntermediateBuildFilesPath/ExplicitPrecompiledModules/os_availability_internal-8120LG75BP5DFFELWEPH1HPFQ.scan
    cd /Users/runner/work/Album_Manager/Album_Manager/Pods
    builtin-precompileModule /Users/runner/Library/Developer/Xcode/DerivedData/AlbumManager-dmxhwzoxvsfmtkahqmfxhtjpefxd/Build/Intermediates.noindex/ArchiveIntermediates/AlbumManager/IntermediateBuildFilesPath/ExplicitPrecompiledModules/os_availability_internal-8120LG75BP5DFFELWEPH1HPFQ.scan

PrecompileModule /Users/runner/Library/Developer/Xcode/DerivedData/AlbumManager-dmxhwzoxvsfmtkahqmfxhtjpefxd/Build/Intermediates.noindex/ArchiveIntermediates/AlbumManager/IntermediateBuildFilesPath/ExplicitPrecompiledModules/_fenv-73DH5P8VMCTB0O6ZFDUJL4HXJ.scan
    cd /Users/runner/work/Album_Manager/Album_Manager/Pods
    builtin-precompileModule /Users/runner/Library/Developer/Xcode/DerivedData/AlbumManager-dmxhwzoxvsfmtkahqmfxhtjpefxd/Build/Intermediates.noindex/ArchiveIntermediates/AlbumManager/IntermediateBuildFilesPath/ExplicitPrecompiledModules/_fenv-73DH5P8VMCTB0O6ZFDUJL4HXJ.scan

PrecompileModule /Users/runner/Library/Developer/Xcode/DerivedData/AlbumManager-dmxhwzoxvsfmtkahqmfxhtjpefxd/Build/Intermediates.noindex/ArchiveIntermediates/AlbumManager/IntermediateBuildFilesPath/ExplicitPrecompiledModules/os_availability-9JSRR6ESWXPHCTBYXKNP2HQKQ.scan
    cd /Users/runner/work/Album_Manager/Album_Manager/Pods
    builtin-precompileModule /Users/runner/Library/Developer/Xcode/DerivedData/AlbumManager-dmxhwzoxvsfmtkahqmfxhtjpefxd/Build/Intermediates.noindex/ArchiveIntermediates/AlbumManager/IntermediateBuildFilesPath/ExplicitPrecompiledModules/os_availability-9JSRR6ESWXPHCTBYXKNP2HQKQ.scan

PrecompileModule /Users/runner/Library/Developer/Xcode/DerivedData/AlbumManager-dmxhwzoxvsfmtkahqmfxhtjpefxd/Build/Intermediates.noindex/ArchiveIntermediates/AlbumManager/IntermediateBuildFilesPath/ExplicitPrecompiledModules/DarwinFoundation-C5NZO0BTWYKYCAF6BWGXXMM3Y.scan
    cd /Users/runner/work/Album_Manager/Album_Manager/Pods
    builtin-precompileModule /Users/runner/Library/Developer/Xcode/DerivedData/AlbumManager-dmxhwzoxvsfmtkahqmfxhtjpefxd/Build/Intermediates.noindex/ArchiveIntermediates/AlbumManager/IntermediateBuildFilesPath/ExplicitPrecompiledModules/DarwinFoundation-C5NZO0BTWYKYCAF6BWGXXMM3Y.scan

PrecompileModule /Users/runner/Library/Developer/Xcode/DerivedData/AlbumManager-dmxhwzoxvsfmtkahqmfxhtjpefxd/Build/Intermediates.noindex/ArchiveIntermediates/AlbumManager/IntermediateBuildFilesPath/ExplicitPrecompiledModules/AvailabilityMacros-7AWV2PRJR2K0QC2879SNJRCVO.scan
    cd /Users/runner/work/Album_Manager/Album_Manager/Pods
    builtin-precompileModule /Users/runner/Library/Developer/Xcode/DerivedData/AlbumManager-dmxhwzoxvsfmtkahqmfxhtjpefxd/Build/Intermediates.noindex/ArchiveIntermediates/AlbumManager/IntermediateBuildFilesPath/ExplicitPrecompiledModules/AvailabilityMacros-7AWV2PRJR2K0QC2879SNJRCVO.scan

PrecompileModule /Users/runner/Library/Developer/Xcode/DerivedData/AlbumManager-dmxhwzoxvsfmtkahqmfxhtjpefxd/Build/Intermediates.noindex/ArchiveIntermediates/AlbumManager/IntermediateBuildFilesPath/ExplicitPrecompiledModules/_stdint-4RWRXC08WJF9MWAJ4K3131Y89.scan
    cd /Users/runner/work/Album_Manager/Album_Manager/Pods
    builtin-precompileModule /Users/runner/Library/Developer/Xcode/DerivedData/AlbumManager-dmxhwzoxvsfmtkahqmfxhtjpefxd/Build/Intermediates.noindex/ArchiveIntermediates/AlbumManager/IntermediateBuildFilesPath/ExplicitPrecompiledModules/_stdint-4RWRXC08WJF9MWAJ4K3131Y89.scan

PrecompileModule /Users/runner/Library/Developer/Xcode/DerivedData/AlbumManager-dmxhwzoxvsfmtkahqmfxhtjpefxd/Build/Intermediates.noindex/ArchiveIntermediates/AlbumManager/IntermediateBuildFilesPath/ExplicitPrecompiledModules/_setjmp-9RRYPL3LEQGL03GQ9JIZWYIGY.scan
    cd /Users/runner/work/Album_Manager/Album_Manager/Pods
    builtin-precompileModule /Users/runner/Library/Developer/Xcode/DerivedData/AlbumManager-dmxhwzoxvsfmtkahqmfxhtjpefxd/Build/Intermediates.noindex/ArchiveIntermediates/AlbumManager/IntermediateBuildFilesPath/ExplicitPrecompiledModules/_setjmp-9RRYPL3LEQGL03GQ9JIZWYIGY.scan

PrecompileModule /Users/runner/Library/Developer/Xcode/DerivedData/AlbumManager-dmxhwzoxvsfmtkahqmfxhtjpefxd/Build/Intermediates.noindex/ArchiveIntermediates/AlbumManager/IntermediateBuildFilesPath/ExplicitPrecompiledModules/_locale-6NWJKPENHSOVO1G3KA0GN4PB1.scan
    cd /Users/runner/work/Album_Manager/Album_Manager/Pods
    builtin-precompileModule /Users/runner/Library/Developer/Xcode/DerivedData/AlbumManager-dmxhwzoxvsfmtkahqmfxhtjpefxd/Build/Intermediates.noindex/ArchiveIntermediates/AlbumManager/IntermediateBuildFilesPath/ExplicitPrecompiledModules/_locale-6NWJKPENHSOVO1G3KA0GN4PB1.scan

PrecompileModule /Users/runner/Library/Developer/Xcode/DerivedData/AlbumManager-dmxhwzoxvsfmtkahqmfxhtjpefxd/Build/Intermediates.noindex/ArchiveIntermediates/AlbumManager/IntermediateBuildFilesPath/ExplicitPrecompiledModules/_useconds_t-2UJYJZN5XV5QQSXLE7VHGWKKH.scan
    cd /Users/runner/work/Album_Manager/Album_Manager/Pods
    builtin-precompileModule /Users/runner/Library/Developer/Xcode/DerivedData/AlbumManager-dmxhwzoxvsfmtkahqmfxhtjpefxd/Build/Intermediates.noindex/ArchiveIntermediates/AlbumManager/IntermediateBuildFilesPath/ExplicitPrecompiledModules/_useconds_t-2UJYJZN5XV5QQSXLE7VHGWKKH.scan

PrecompileModule /Users/runner/Library/Developer/Xcode/DerivedData/AlbumManager-dmxhwzoxvsfmtkahqmfxhtjpefxd/Build/Intermediates.noindex/ArchiveIntermediates/AlbumManager/IntermediateBuildFilesPath/ExplicitPrecompiledModules/_Builtin_stdint-7WRHSUVRDD4485QWJ66EN3LLV.scan
    cd /Users/runner/work/Album_Manager/Album_Manager/Pods
    builtin-precompileModule /Users/runner/Library/Developer/Xcode/DerivedData/AlbumManager-dmxhwzoxvsfmtkahqmfxhtjpefxd/Build/Intermediates.noindex/ArchiveIntermediates/AlbumManager/IntermediateBuildFilesPath/ExplicitPrecompiledModules/_Builtin_stdint-7WRHSUVRDD4485QWJ66EN3LLV.scan

PrecompileModule /Users/runner/Library/Developer/Xcode/DerivedData/AlbumManager-dmxhwzoxvsfmtkahqmfxhtjpefxd/Build/Intermediates.noindex/ArchiveIntermediates/AlbumManager/IntermediateBuildFilesPath/ExplicitPrecompiledModules/_errno-9QY8GH0MF8ZIMDDXKYZ9HYA1G.scan
    cd /Users/runner/work/Album_Manager/Album_Manager/Pods
    builtin-precompileModule /Users/runner/Library/Developer/Xcode/DerivedData/AlbumManager-dmxhwzoxvsfmtkahqmfxhtjpefxd/Build/Intermediates.noindex/ArchiveIntermediates/AlbumManager/IntermediateBuildFilesPath/ExplicitPrecompiledModules/_errno-9QY8GH0MF8ZIMDDXKYZ9HYA1G.scan

PrecompileModule /Users/runner/Library/Developer/Xcode/DerivedData/AlbumManager-dmxhwzoxvsfmtkahqmfxhtjpefxd/Build/Intermediates.noindex/ArchiveIntermediates/AlbumManager/IntermediateBuildFilesPath/ExplicitPrecompiledModules/uuid-ERHFXA3SVVXUSZH5NF1H1RQHI.scan
    cd /Users/runner/work/Album_Manager/Album_Manager/Pods
    builtin-precompileModule /Users/runner/Library/Developer/Xcode/DerivedData/AlbumManager-dmxhwzoxvsfmtkahqmfxhtjpefxd/Build/Intermediates.noindex/ArchiveIntermediates/AlbumManager/IntermediateBuildFilesPath/ExplicitPrecompiledModules/uuid-ERHFXA3SVVXUSZH5NF1H1RQHI.scan

PrecompileModule /Users/runner/Library/Developer/Xcode/DerivedData/AlbumManager-dmxhwzoxvsfmtkahqmfxhtjpefxd/Build/Intermediates.noindex/ArchiveIntermediates/AlbumManager/IntermediateBuildFilesPath/ExplicitPrecompiledModules/runetype-1GX4URARY2H3VE46FS815D9SG.scan
    cd /Users/runner/work/Album_Manager/Album_Manager/Pods
    builtin-precompileModule /Users/runner/Library/Developer/Xcode/DerivedData/AlbumManager-dmxhwzoxvsfmtkahqmfxhtjpefxd/Build/Intermediates.noindex/ArchiveIntermediates/AlbumManager/IntermediateBuildFilesPath/ExplicitPrecompiledModules/runetype-1GX4URARY2H3VE46FS815D9SG.scan

PrecompileModule /Users/runner/Library/Developer/Xcode/DerivedData/AlbumManager-dmxhwzoxvsfmtkahqmfxhtjpefxd/Build/Intermediates.noindex/ArchiveIntermediates/AlbumManager/IntermediateBuildFilesPath/ExplicitPrecompiledModules/_inttypes-F2GL01YK2TSTZGZ5HUUK2UE0V.scan
    cd /Users/runner/work/Album_Manager/Album_Manager/Pods
    builtin-precompileModule /Users/runner/Library/Developer/Xcode/DerivedData/AlbumManager-dmxhwzoxvsfmtkahqmfxhtjpefxd/Build/Intermediates.noindex/ArchiveIntermediates/AlbumManager/IntermediateBuildFilesPath/ExplicitPrecompiledModules/_inttypes-F2GL01YK2TSTZGZ5HUUK2UE0V.scan

PrecompileModule /Users/runner/Library/Developer/Xcode/DerivedData/AlbumManager-dmxhwzoxvsfmtkahqmfxhtjpefxd/Build/Intermediates.noindex/ArchiveIntermediates/AlbumManager/IntermediateBuildFilesPath/ExplicitPrecompiledModules/sys_time-2UUGZXBHAPQQOT1TJKU5OPJCJ.scan
    cd /Users/runner/work/Album_Manager/Album_Manager/Pods
    builtin-precompileModule /Users/runner/Library/Developer/Xcode/DerivedData/AlbumManager-dmxhwzoxvsfmtkahqmfxhtjpefxd/Build/Intermediates.noindex/ArchiveIntermediates/AlbumManager/IntermediateBuildFilesPath/ExplicitPrecompiledModules/sys_time-2UUGZXBHAPQQOT1TJKU5OPJCJ.scan

PrecompileModule /Users/runner/Library/Developer/Xcode/DerivedData/AlbumManager-dmxhwzoxvsfmtkahqmfxhtjpefxd/Build/Intermediates.noindex/ArchiveIntermediates/AlbumManager/IntermediateBuildFilesPath/ExplicitPrecompiledModules/_ctype-ERAHRQOCZ681ZPKJR31RS6JPI.scan
    cd /Users/runner/work/Album_Manager/Album_Manager/Pods
    builtin-precompileModule /Users/runner/Library/Developer/Xcode/DerivedData/AlbumManager-dmxhwzoxvsfmtkahqmfxhtjpefxd/Build/Intermediates.noindex/ArchiveIntermediates/AlbumManager/IntermediateBuildFilesPath/ExplicitPrecompiledModules/_ctype-ERAHRQOCZ681ZPKJR31RS6JPI.scan

PrecompileModule /Users/runner/Library/Developer/Xcode/DerivedData/AlbumManager-dmxhwzoxvsfmtkahqmfxhtjpefxd/Build/Intermediates.noindex/ArchiveIntermediates/AlbumManager/IntermediateBuildFilesPath/ExplicitPrecompiledModules/_assert-99V4SHVFEIMYK67M676EG7PR3.scan
    cd /Users/runner/work/Album_Manager/Album_Manager/Pods
    builtin-precompileModule /Users/runner/Library/Developer/Xcode/DerivedData/AlbumManager-dmxhwzoxvsfmtkahqmfxhtjpefxd/Build/Intermediates.noindex/ArchiveIntermediates/AlbumManager/IntermediateBuildFilesPath/ExplicitPrecompiledModules/_assert-99V4SHVFEIMYK67M676EG7PR3.scan

PrecompileModule /Users/runner/Library/Developer/Xcode/DerivedData/AlbumManager-dmxhwzoxvsfmtkahqmfxhtjpefxd/Build/Intermediates.noindex/ArchiveIntermediates/AlbumManager/IntermediateBuildFilesPath/ExplicitPrecompiledModules/_complex-2945RA2LHJ45M0SOLKIMX7RVR.scan
    cd /Users/runner/work/Album_Manager/Album_Manager/Pods
    builtin-precompileModule /Users/runner/Library/Developer/Xcode/DerivedData/AlbumManager-dmxhwzoxvsfmtkahqmfxhtjpefxd/Build/Intermediates.noindex/ArchiveIntermediates/AlbumManager/IntermediateBuildFilesPath/ExplicitPrecompiledModules/_complex-2945RA2LHJ45M0SOLKIMX7RVR.scan

PrecompileModule /Users/runner/Library/Developer/Xcode/DerivedData/AlbumManager-dmxhwzoxvsfmtkahqmfxhtjpefxd/Build/Intermediates.noindex/ArchiveIntermediates/AlbumManager/IntermediateBuildFilesPath/ExplicitPrecompiledModules/__wctype-8LNLUP6K9PU61XFMUME8A3EAT.scan
    cd /Users/runner/work/Album_Manager/Album_Manager/Pods
    builtin-precompileModule /Users/runner/Library/Developer/Xcode/DerivedData/AlbumManager-dmxhwzoxvsfmtkahqmfxhtjpefxd/Build/Intermediates.noindex/ArchiveIntermediates/AlbumManager/IntermediateBuildFilesPath/ExplicitPrecompiledModules/__wctype-8LNLUP6K9PU61XFMUME8A3EAT.scan

PrecompileModule /Users/runner/Library/Developer/Xcode/DerivedData/AlbumManager-dmxhwzoxvsfmtkahqmfxhtjpefxd/Build/Intermediates.noindex/ArchiveIntermediates/AlbumManager/IntermediateBuildFilesPath/ExplicitPrecompiledModules/_sys_select-ECSOOPZSZ08BIDKBFAV5A1H5D.scan
    cd /Users/runner/work/Album_Manager/Album_Manager/Pods
    builtin-precompileModule /Users/runner/Library/Developer/Xcode/DerivedData/AlbumManager-dmxhwzoxvsfmtkahqmfxhtjpefxd/Build/Intermediates.noindex/ArchiveIntermediates/AlbumManager/IntermediateBuildFilesPath/ExplicitPrecompiledModules/_sys_select-ECSOOPZSZ08BIDKBFAV5A1H5D.scan

PrecompileModule /Users/runner/Library/Developer/Xcode/DerivedData/AlbumManager-dmxhwzoxvsfmtkahqmfxhtjpefxd/Build/Intermediates.noindex/ArchiveIntermediates/AlbumManager/IntermediateBuildFilesPath/ExplicitPrecompiledModules/_Builtin_stdatomic-6IY9A3ZTJ9WFLWYVD6IR4OJBS.scan
    cd /Users/runner/work/Album_Manager/Album_Manager/Pods
    builtin-precompileModule /Users/runner/Library/Developer/Xcode/DerivedData/AlbumManager-dmxhwzoxvsfmtkahqmfxhtjpefxd/Build/Intermediates.noindex/ArchiveIntermediates/AlbumManager/IntermediateBuildFilesPath/ExplicitPrecompiledModules/_Builtin_stdatomic-6IY9A3ZTJ9WFLWYVD6IR4OJBS.scan

PrecompileModule /Users/runner/Library/Developer/Xcode/DerivedData/AlbumManager-dmxhwzoxvsfmtkahqmfxhtjpefxd/Build/Intermediates.noindex/ArchiveIntermediates/AlbumManager/IntermediateBuildFilesPath/ExplicitPrecompiledModules/_limits-1QWNRMIZ1PXD4X9RC9AVPMXOI.scan
    cd /Users/runner/work/Album_Manager/Album_Manager/Pods
    builtin-precompileModule /Users/runner/Library/Developer/Xcode/DerivedData/AlbumManager-dmxhwzoxvsfmtkahqmfxhtjpefxd/Build/Intermediates.noindex/ArchiveIntermediates/AlbumManager/IntermediateBuildFilesPath/ExplicitPrecompiledModules/_limits-1QWNRMIZ1PXD4X9RC9AVPMXOI.scan

PrecompileModule /Users/runner/Library/Developer/Xcode/DerivedData/AlbumManager-dmxhwzoxvsfmtkahqmfxhtjpefxd/Build/Intermediates.noindex/ArchiveIntermediates/AlbumManager/IntermediateBuildFilesPath/ExplicitPrecompiledModules/mach-BH3WNM9IDSABZ2WZYFI28VPFU.scan
    cd /Users/runner/work/Album_Manager/Album_Manager/Pods
    builtin-precompileModule /Users/runner/Library/Developer/Xcode/DerivedData/AlbumManager-dmxhwzoxvsfmtkahqmfxhtjpefxd/Build/Intermediates.noindex/ArchiveIntermediates/AlbumManager/IntermediateBuildFilesPath/ExplicitPrecompiledModules/mach-BH3WNM9IDSABZ2WZYFI28VPFU.scan

PrecompileModule /Users/runner/Library/Developer/Xcode/DerivedData/AlbumManager-dmxhwzoxvsfmtkahqmfxhtjpefxd/Build/Intermediates.noindex/ArchiveIntermediates/AlbumManager/IntermediateBuildFilesPath/ExplicitPrecompiledModules/ptrcheck-7R54J4E5URW26HKMENQB83QYV.scan
    cd /Users/runner/work/Album_Manager/Album_Manager/Pods
    builtin-precompileModule /Users/runner/Library/Developer/Xcode/DerivedData/AlbumManager-dmxhwzoxvsfmtkahqmfxhtjpefxd/Build/Intermediates.noindex/ArchiveIntermediates/AlbumManager/IntermediateBuildFilesPath/ExplicitPrecompiledModules/ptrcheck-7R54J4E5URW26HKMENQB83QYV.scan

PrecompileModule /Users/runner/Library/Developer/Xcode/DerivedData/AlbumManager-dmxhwzoxvsfmtkahqmfxhtjpefxd/Build/Intermediates.noindex/ArchiveIntermediates/AlbumManager/IntermediateBuildFilesPath/ExplicitPrecompiledModules/TargetConditionals-DNWIIEZG9AWTJZV7R0NMNQ992.scan
    cd /Users/runner/work/Album_Manager/Album_Manager/Pods
    builtin-precompileModule /Users/runner/Library/Developer/Xcode/DerivedData/AlbumManager-dmxhwzoxvsfmtkahqmfxhtjpefxd/Build/Intermediates.noindex/ArchiveIntermediates/AlbumManager/IntermediateBuildFilesPath/ExplicitPrecompiledModules/TargetConditionals-DNWIIEZG9AWTJZV7R0NMNQ992.scan

PrecompileModule /Users/runner/Library/Developer/Xcode/DerivedData/AlbumManager-dmxhwzoxvsfmtkahqmfxhtjpefxd/Build/Intermediates.noindex/ArchiveIntermediates/AlbumManager/IntermediateBuildFilesPath/ExplicitPrecompiledModules/_fenv-31QU36E67YJ7SBPNZK6787IKW.scan
    cd /Users/runner/work/Album_Manager/Album_Manager/Pods
    builtin-precompileModule /Users/runner/Library/Developer/Xcode/DerivedData/AlbumManager-dmxhwzoxvsfmtkahqmfxhtjpefxd/Build/Intermediates.noindex/ArchiveIntermediates/AlbumManager/IntermediateBuildFilesPath/ExplicitPrecompiledModules/_fenv-31QU36E67YJ7SBPNZK6787IKW.scan

PrecompileModule /Users/runner/Library/Developer/Xcode/DerivedData/AlbumManager-dmxhwzoxvsfmtkahqmfxhtjpefxd/Build/Intermediates.noindex/ArchiveIntermediates/AlbumManager/IntermediateBuildFilesPath/ExplicitPrecompiledModules/_Builtin_limits-8KBMH6NIYURKQZRD0K2NOGGH1.scan
    cd /Users/runner/work/Album_Manager/Album_Manager/Pods
    builtin-precompileModule /Users/runner/Library/Developer/Xcode/DerivedData/AlbumManager-dmxhwzoxvsfmtkahqmfxhtjpefxd/Build/Intermediates.noindex/ArchiveIntermediates/AlbumManager/IntermediateBuildFilesPath/ExplicitPrecompiledModules/_Builtin_limits-8KBMH6NIYURKQZRD0K2NOGGH1.scan

PrecompileModule /Users/runner/Library/Developer/Xcode/DerivedData/AlbumManager-dmxhwzoxvsfmtkahqmfxhtjpefxd/Build/Intermediates.noindex/ArchiveIntermediates/AlbumManager/IntermediateBuildFilesPath/ExplicitPrecompiledModules/_Builtin_iso646-2XXT7UJ1QOZZ5I8YPVSV2URGM.scan
    cd /Users/runner/work/Album_Manager/Album_Manager/Pods
    builtin-precompileModule /Users/runner/Library/Developer/Xcode/DerivedData/AlbumManager-dmxhwzoxvsfmtkahqmfxhtjpefxd/Build/Intermediates.noindex/ArchiveIntermediates/AlbumManager/IntermediateBuildFilesPath/ExplicitPrecompiledModules/_Builtin_iso646-2XXT7UJ1QOZZ5I8YPVSV2URGM.scan

PrecompileModule /Users/runner/Library/Developer/Xcode/DerivedData/AlbumManager-dmxhwzoxvsfmtkahqmfxhtjpefxd/Build/Intermediates.noindex/ArchiveIntermediates/AlbumManager/IntermediateBuildFilesPath/ExplicitPrecompiledModules/_float-H1UZAUOAE1P7PP4CNJS69YV2.scan
    cd /Users/runner/work/Album_Manager/Album_Manager/Pods
    builtin-precompileModule /Users/runner/Library/Developer/Xcode/DerivedData/AlbumManager-dmxhwzoxvsfmtkahqmfxhtjpefxd/Build/Intermediates.noindex/ArchiveIntermediates/AlbumManager/IntermediateBuildFilesPath/ExplicitPrecompiledModules/_float-H1UZAUOAE1P7PP4CNJS69YV2.scan

PrecompileModule /Users/runner/Library/Developer/Xcode/DerivedData/AlbumManager-dmxhwzoxvsfmtkahqmfxhtjpefxd/Build/Intermediates.noindex/ArchiveIntermediates/AlbumManager/IntermediateBuildFilesPath/ExplicitPrecompiledModules/ptrauth-EHRM0VBSS0LDJ293GDCDUZXBK.scan
    cd /Users/runner/work/Album_Manager/Album_Manager/Pods
    builtin-precompileModule /Users/runner/Library/Developer/Xcode/DerivedData/AlbumManager-dmxhwzoxvsfmtkahqmfxhtjpefxd/Build/Intermediates.noindex/ArchiveIntermediates/AlbumManager/IntermediateBuildFilesPath/ExplicitPrecompiledModules/ptrauth-EHRM0VBSS0LDJ293GDCDUZXBK.scan

PrecompileModule /Users/runner/Library/Developer/Xcode/DerivedData/AlbumManager-dmxhwzoxvsfmtkahqmfxhtjpefxd/Build/Intermediates.noindex/ArchiveIntermediates/AlbumManager/IntermediateBuildFilesPath/ExplicitPrecompiledModules/_Builtin_stddef-9JCAT912O35ATK8YG4YJQIQH9.scan
    cd /Users/runner/work/Album_Manager/Album_Manager/Pods
    builtin-precompileModule /Users/runner/Library/Developer/Xcode/DerivedData/AlbumManager-dmxhwzoxvsfmtkahqmfxhtjpefxd/Build/Intermediates.noindex/ArchiveIntermediates/AlbumManager/IntermediateBuildFilesPath/ExplicitPrecompiledModules/_Builtin_stddef-9JCAT912O35ATK8YG4YJQIQH9.scan

PrecompileModule /Users/runner/Library/Developer/Xcode/DerivedData/AlbumManager-dmxhwzoxvsfmtkahqmfxhtjpefxd/Build/Intermediates.noindex/ArchiveIntermediates/AlbumManager/IntermediateBuildFilesPath/ExplicitPrecompiledModules/os_availability_internal-36EI525HEE8J3WQ2BW9HE587D.scan
    cd /Users/runner/work/Album_Manager/Album_Manager/Pods
    builtin-precompileModule /Users/runner/Library/Developer/Xcode/DerivedData/AlbumManager-dmxhwzoxvsfmtkahqmfxhtjpefxd/Build/Intermediates.noindex/ArchiveIntermediates/AlbumManager/IntermediateBuildFilesPath/ExplicitPrecompiledModules/os_availability_internal-36EI525HEE8J3WQ2BW9HE587D.scan

PrecompileModule /Users/runner/Library/Developer/Xcode/DerivedData/AlbumManager-dmxhwzoxvsfmtkahqmfxhtjpefxd/Build/Intermediates.noindex/ArchiveIntermediates/AlbumManager/IntermediateBuildFilesPath/ExplicitPrecompiledModules/_Builtin_float-48VK8QIJCK23A4Y1FID09UP4P.scan
    cd /Users/runner/work/Album_Manager/Album_Manager/Pods
    builtin-precompileModule /Users/runner/Library/Developer/Xcode/DerivedData/AlbumManager-dmxhwzoxvsfmtkahqmfxhtjpefxd/Build/Intermediates.noindex/ArchiveIntermediates/AlbumManager/IntermediateBuildFilesPath/ExplicitPrecompiledModules/_Builtin_float-48VK8QIJCK23A4Y1FID09UP4P.scan

PrecompileModule /Users/runner/Library/Developer/Xcode/DerivedData/AlbumManager-dmxhwzoxvsfmtkahqmfxhtjpefxd/Build/Intermediates.noindex/ArchiveIntermediates/AlbumManager/IntermediateBuildFilesPath/ExplicitPrecompiledModules/_wctype-7WRXX98WPK2JVCKKD51D7DMOZ.scan
    cd /Users/runner/work/Album_Manager/Album_Manager/Pods
    builtin-precompileModule /Users/runner/Library/Developer/Xcode/DerivedData/AlbumManager-dmxhwzoxvsfmtkahqmfxhtjpefxd/Build/Intermediates.noindex/ArchiveIntermediates/AlbumManager/IntermediateBuildFilesPath/ExplicitPrecompiledModules/_wctype-7WRXX98WPK2JVCKKD51D7DMOZ.scan

PrecompileModule /Users/runner/Library/Developer/Xcode/DerivedData/AlbumManager-dmxhwzoxvsfmtkahqmfxhtjpefxd/Build/Intermediates.noindex/ArchiveIntermediates/AlbumManager/IntermediateBuildFilesPath/ExplicitPrecompiledModules/alloca-E7S3U1FKKYA189OO5V0ZPSYF7.scan
    cd /Users/runner/work/Album_Manager/Album_Manager/Pods
    builtin-precompileModule /Users/runner/Library/Developer/Xcode/DerivedData/AlbumManager-dmxhwzoxvsfmtkahqmfxhtjpefxd/Build/Intermediates.noindex/ArchiveIntermediates/AlbumManager/IntermediateBuildFilesPath/ExplicitPrecompiledModules/alloca-E7S3U1FKKYA189OO5V0ZPSYF7.scan

PrecompileModule /Users/runner/Library/Developer/Xcode/DerivedData/AlbumManager-dmxhwzoxvsfmtkahqmfxhtjpefxd/Build/Intermediates.noindex/ArchiveIntermediates/AlbumManager/IntermediateBuildFilesPath/ExplicitPrecompiledModules/os_availability-EXFLK3O5LB355LQQ1VE9SBUR2.scan
    cd /Users/runner/work/Album_Manager/Album_Manager/Pods
    builtin-precompileModule /Users/runner/Library/Developer/Xcode/DerivedData/AlbumManager-dmxhwzoxvsfmtkahqmfxhtjpefxd/Build/Intermediates.noindex/ArchiveIntermediates/AlbumManager/IntermediateBuildFilesPath/ExplicitPrecompiledModules/os_availability-EXFLK3O5LB355LQQ1VE9SBUR2.scan

PrecompileModule /Users/runner/Library/Developer/Xcode/DerivedData/AlbumManager-dmxhwzoxvsfmtkahqmfxhtjpefxd/Build/Intermediates.noindex/ArchiveIntermediates/AlbumManager/IntermediateBuildFilesPath/ExplicitPrecompiledModules/netinet_in-8CTYAB8V1J4FAH99WLFQHGZGX.scan
    cd /Users/runner/work/Album_Manager/Album_Manager/Pods
    builtin-precompileModule /Users/runner/Library/Developer/Xcode/DerivedData/AlbumManager-dmxhwzoxvsfmtkahqmfxhtjpefxd/Build/Intermediates.noindex/ArchiveIntermediates/AlbumManager/IntermediateBuildFilesPath/ExplicitPrecompiledModules/netinet_in-8CTYAB8V1J4FAH99WLFQHGZGX.scan

PrecompileModule /Users/runner/Library/Developer/Xcode/DerivedData/AlbumManager-dmxhwzoxvsfmtkahqmfxhtjpefxd/Build/Intermediates.noindex/ArchiveIntermediates/AlbumManager/IntermediateBuildFilesPath/ExplicitPrecompiledModules/_strings-70FI6WP1RFNXO4K8EVFIZ05PH.scan
    cd /Users/runner/work/Album_Manager/Album_Manager/Pods
    builtin-precompileModule /Users/runner/Library/Developer/Xcode/DerivedData/AlbumManager-dmxhwzoxvsfmtkahqmfxhtjpefxd/Build/Intermediates.noindex/ArchiveIntermediates/AlbumManager/IntermediateBuildFilesPath/ExplicitPrecompiledModules/_strings-70FI6WP1RFNXO4K8EVFIZ05PH.scan

PrecompileModule /Users/runner/Library/Developer/Xcode/DerivedData/AlbumManager-dmxhwzoxvsfmtkahqmfxhtjpefxd/Build/Intermediates.noindex/ArchiveIntermediates/AlbumManager/IntermediateBuildFilesPath/ExplicitPrecompiledModules/_Builtin_stdarg-59VR8J8U87CFL1UY4NMQWUPXA.scan
    cd /Users/runner/work/Album_Manager/Album_Manager/Pods
    builtin-precompileModule /Users/runner/Library/Developer/Xcode/DerivedData/AlbumManager-dmxhwzoxvsfmtkahqmfxhtjpefxd/Build/Intermediates.noindex/ArchiveIntermediates/AlbumManager/IntermediateBuildFilesPath/ExplicitPrecompiledModules/_Builtin_stdarg-59VR8J8U87CFL1UY4NMQWUPXA.scan

PrecompileModule /Users/runner/Library/Developer/Xcode/DerivedData/AlbumManager-dmxhwzoxvsfmtkahqmfxhtjpefxd/Build/Intermediates.noindex/ArchiveIntermediates/AlbumManager/IntermediateBuildFilesPath/ExplicitPrecompiledModules/_Builtin_stdbool-7Q8R8TB0L1CUOZTPNTCGNLFWZ.scan
    cd /Users/runner/work/Album_Manager/Album_Manager/Pods
    builtin-precompileModule /Users/runner/Library/Developer/Xcode/DerivedData/AlbumManager-dmxhwzoxvsfmtkahqmfxhtjpefxd/Build/Intermediates.noindex/ArchiveIntermediates/AlbumManager/IntermediateBuildFilesPath/ExplicitPrecompiledModules/_Builtin_stdbool-7Q8R8TB0L1CUOZTPNTCGNLFWZ.scan

PrecompileModule /Users/runner/Library/Developer/Xcode/DerivedData/AlbumManager-dmxhwzoxvsfmtkahqmfxhtjpefxd/Build/Intermediates.noindex/ArchiveIntermediates/AlbumManager/IntermediateBuildFilesPath/ExplicitPrecompiledModules/sys_types-1BEW6ZHVNATDMWO30KALBMOXW.scan
    cd /Users/runner/work/Album_Manager/Album_Manager/Pods
    builtin-precompileModule /Users/runner/Library/Developer/Xcode/DerivedData/AlbumManager-dmxhwzoxvsfmtkahqmfxhtjpefxd/Build/Intermediates.noindex/ArchiveIntermediates/AlbumManager/IntermediateBuildFilesPath/ExplicitPrecompiledModules/sys_types-1BEW6ZHVNATDMWO30KALBMOXW.scan

PrecompileModule /Users/runner/Library/Developer/Xcode/DerivedData/AlbumManager-dmxhwzoxvsfmtkahqmfxhtjpefxd/Build/Intermediates.noindex/ArchiveIntermediates/AlbumManager/IntermediateBuildFilesPath/ExplicitPrecompiledModules/xlocale-C0N96J9QPHCR0BR150SQN853Z.scan
    cd /Users/runner/work/Album_Manager/Album_Manager/Pods
    builtin-precompileModule /Users/runner/Library/Developer/Xcode/DerivedData/AlbumManager-dmxhwzoxvsfmtkahqmfxhtjpefxd/Build/Intermediates.noindex/ArchiveIntermediates/AlbumManager/IntermediateBuildFilesPath/ExplicitPrecompiledModules/xlocale-C0N96J9QPHCR0BR150SQN853Z.scan

PrecompileModule /Users/runner/Library/Developer/Xcode/DerivedData/AlbumManager-dmxhwzoxvsfmtkahqmfxhtjpefxd/Build/Intermediates.noindex/ArchiveIntermediates/AlbumManager/IntermediateBuildFilesPath/ExplicitPrecompiledModules/_math-335A3UPUZSRQB8MRPZB1GZGIP.scan
    cd /Users/runner/work/Album_Manager/Album_Manager/Pods
    builtin-precompileModule /Users/runner/Library/Developer/Xcode/DerivedData/AlbumManager-dmxhwzoxvsfmtkahqmfxhtjpefxd/Build/Intermediates.noindex/ArchiveIntermediates/AlbumManager/IntermediateBuildFilesPath/ExplicitPrecompiledModules/_math-335A3UPUZSRQB8MRPZB1GZGIP.scan

PrecompileModule /Users/runner/Library/Developer/Xcode/DerivedData/AlbumManager-dmxhwzoxvsfmtkahqmfxhtjpefxd/Build/Intermediates.noindex/ArchiveIntermediates/AlbumManager/IntermediateBuildFilesPath/ExplicitPrecompiledModules/DarwinFoundation-75GDJRXIO5Z4R1FVGHVIHYR0U.scan
    cd /Users/runner/work/Album_Manager/Album_Manager/Pods
    builtin-precompileModule /Users/runner/Library/Developer/Xcode/DerivedData/AlbumManager-dmxhwzoxvsfmtkahqmfxhtjpefxd/Build/Intermediates.noindex/ArchiveIntermediates/AlbumManager/IntermediateBuildFilesPath/ExplicitPrecompiledModules/DarwinFoundation-75GDJRXIO5Z4R1FVGHVIHYR0U.scan

PrecompileModule /Users/runner/Library/Developer/Xcode/DerivedData/AlbumManager-dmxhwzoxvsfmtkahqmfxhtjpefxd/Build/Intermediates.noindex/ArchiveIntermediates/AlbumManager/IntermediateBuildFilesPath/ExplicitPrecompiledModules/AvailabilityMacros-DVMV6PMMIN2YT3PGIFOV6DBJ8.scan
    cd /Users/runner/work/Album_Manager/Album_Manager/Pods
    builtin-precompileModule /Users/runner/Library/Developer/Xcode/DerivedData/AlbumManager-dmxhwzoxvsfmtkahqmfxhtjpefxd/Build/Intermediates.noindex/ArchiveIntermediates/AlbumManager/IntermediateBuildFilesPath/ExplicitPrecompiledModules/AvailabilityMacros-DVMV6PMMIN2YT3PGIFOV6DBJ8.scan

PrecompileModule /Users/runner/Library/Developer/Xcode/DerivedData/AlbumManager-dmxhwzoxvsfmtkahqmfxhtjpefxd/Build/Intermediates.noindex/ArchiveIntermediates/AlbumManager/IntermediateBuildFilesPath/ExplicitPrecompiledModules/nl_types-3EB1E4PO50TRTH7WAZKEJLS4S.scan
    cd /Users/runner/work/Album_Manager/Album_Manager/Pods
    builtin-precompileModule /Users/runner/Library/Developer/Xcode/DerivedData/AlbumManager-dmxhwzoxvsfmtkahqmfxhtjpefxd/Build/Intermediates.noindex/ArchiveIntermediates/AlbumManager/IntermediateBuildFilesPath/ExplicitPrecompiledModules/nl_types-3EB1E4PO50TRTH7WAZKEJLS4S.scan

PrecompileModule /Users/runner/Library/Developer/Xcode/DerivedData/AlbumManager-dmxhwzoxvsfmtkahqmfxhtjpefxd/Build/Intermediates.noindex/ArchiveIntermediates/AlbumManager/IntermediateBuildFilesPath/ExplicitPrecompiledModules/_time-9GGMG5SCWEIJ19UHA28DEID84.scan
    cd /Users/runner/work/Album_Manager/Album_Manager/Pods
    builtin-precompileModule /Users/runner/Library/Developer/Xcode/DerivedData/AlbumManager-dmxhwzoxvsfmtkahqmfxhtjpefxd/Build/Intermediates.noindex/ArchiveIntermediates/AlbumManager/IntermediateBuildFilesPath/ExplicitPrecompiledModules/_time-9GGMG5SCWEIJ19UHA28DEID84.scan

PrecompileModule /Users/runner/Library/Developer/Xcode/DerivedData/AlbumManager-dmxhwzoxvsfmtkahqmfxhtjpefxd/Build/Intermediates.noindex/ArchiveIntermediates/AlbumManager/IntermediateBuildFilesPath/ExplicitPrecompiledModules/_strings-DOA6X9IYUHP4Y0S0N7SRJKO6B.scan
    cd /Users/runner/work/Album_Manager/Album_Manager/Pods
    builtin-precompileModule /Users/runner/Library/Developer/Xcode/DerivedData/AlbumManager-dmxhwzoxvsfmtkahqmfxhtjpefxd/Build/Intermediates.noindex/ArchiveIntermediates/AlbumManager/IntermediateBuildFilesPath/ExplicitPrecompiledModules/_strings-DOA6X9IYUHP4Y0S0N7SRJKO6B.scan

PrecompileModule /Users/runner/Library/Developer/Xcode/DerivedData/AlbumManager-dmxhwzoxvsfmtkahqmfxhtjpefxd/Build/Intermediates.noindex/ArchiveIntermediates/AlbumManager/IntermediateBuildFilesPath/ExplicitPrecompiledModules/_math-3DF5COPB95BCQBSE5YG9IXVUD.scan
    cd /Users/runner/work/Album_Manager/Album_Manager/Pods
    builtin-precompileModule /Users/runner/Library/Developer/Xcode/DerivedData/AlbumManager-dmxhwzoxvsfmtkahqmfxhtjpefxd/Build/Intermediates.noindex/ArchiveIntermediates/AlbumManager/IntermediateBuildFilesPath/ExplicitPrecompiledModules/_math-3DF5COPB95BCQBSE5YG9IXVUD.scan

PrecompileModule /Users/runner/Library/Developer/Xcode/DerivedData/AlbumManager-dmxhwzoxvsfmtkahqmfxhtjpefxd/Build/Intermediates.noindex/ArchiveIntermediates/AlbumManager/IntermediateBuildFilesPath/ExplicitPrecompiledModules/_limits-8IW35MLLA6HOH44TXDEAX5RC2.scan
    cd /Users/runner/work/Album_Manager/Album_Manager/Pods
    builtin-precompileModule /Users/runner/Library/Developer/Xcode/DerivedData/AlbumManager-dmxhwzoxvsfmtkahqmfxhtjpefxd/Build/Intermediates.noindex/ArchiveIntermediates/AlbumManager/IntermediateBuildFilesPath/ExplicitPrecompiledModules/_limits-8IW35MLLA6HOH44TXDEAX5RC2.scan

PrecompileModule /Users/runner/Library/Developer/Xcode/DerivedData/AlbumManager-dmxhwzoxvsfmtkahqmfxhtjpefxd/Build/Intermediates.noindex/ArchiveIntermediates/AlbumManager/IntermediateBuildFilesPath/ExplicitPrecompiledModules/gethostuuid-5DG1H7NVXHTAENX135AKFYAQP.scan
    cd /Users/runner/work/Album_Manager/Album_Manager/Pods
    builtin-precompileModule /Users/runner/Library/Developer/Xcode/DerivedData/AlbumManager-dmxhwzoxvsfmtkahqmfxhtjpefxd/Build/Intermediates.noindex/ArchiveIntermediates/AlbumManager/IntermediateBuildFilesPath/ExplicitPrecompiledModules/gethostuuid-5DG1H7NVXHTAENX135AKFYAQP.scan

PrecompileModule /Users/runner/Library/Developer/Xcode/DerivedData/AlbumManager-dmxhwzoxvsfmtkahqmfxhtjpefxd/Build/Intermediates.noindex/ArchiveIntermediates/AlbumManager/IntermediateBuildFilesPath/ExplicitPrecompiledModules/uuid-5QDUS3XKKW6WA9JGIZOLYZJO3.scan
    cd /Users/runner/work/Album_Manager/Album_Manager/Pods
    builtin-precompileModule /Users/runner/Library/Developer/Xcode/DerivedData/AlbumManager-dmxhwzoxvsfmtkahqmfxhtjpefxd/Build/Intermediates.noindex/ArchiveIntermediates/AlbumManager/IntermediateBuildFilesPath/ExplicitPrecompiledModules/uuid-5QDUS3XKKW6WA9JGIZOLYZJO3.scan

PrecompileModule /Users/runner/Library/Developer/Xcode/DerivedData/AlbumManager-dmxhwzoxvsfmtkahqmfxhtjpefxd/Build/Intermediates.noindex/ArchiveIntermediates/AlbumManager/IntermediateBuildFilesPath/ExplicitPrecompiledModules/alloca-643BFZR758W6HF3XNOLH0BI3N.scan
    cd /Users/runner/work/Album_Manager/Album_Manager/Pods
    builtin-precompileModule /Users/runner/Library/Developer/Xcode/DerivedData/AlbumManager-dmxhwzoxvsfmtkahqmfxhtjpefxd/Build/Intermediates.noindex/ArchiveIntermediates/AlbumManager/IntermediateBuildFilesPath/ExplicitPrecompiledModules/alloca-643BFZR758W6HF3XNOLH0BI3N.scan

PrecompileModule /Users/runner/Library/Developer/Xcode/DerivedData/AlbumManager-dmxhwzoxvsfmtkahqmfxhtjpefxd/Build/Intermediates.noindex/ArchiveIntermediates/AlbumManager/IntermediateBuildFilesPath/ExplicitPrecompiledModules/_Builtin_limits-3QB2H88VAYKNUH6CTF5K19VSV.scan
    cd /Users/runner/work/Album_Manager/Album_Manager/Pods
    builtin-precompileModule /Users/runner/Library/Developer/Xcode/DerivedData/AlbumManager-dmxhwzoxvsfmtkahqmfxhtjpefxd/Build/Intermediates.noindex/ArchiveIntermediates/AlbumManager/IntermediateBuildFilesPath/ExplicitPrecompiledModules/_Builtin_limits-3QB2H88VAYKNUH6CTF5K19VSV.scan

PrecompileModule /Users/runner/Library/Developer/Xcode/DerivedData/AlbumManager-dmxhwzoxvsfmtkahqmfxhtjpefxd/Build/Intermediates.noindex/ArchiveIntermediates/AlbumManager/IntermediateBuildFilesPath/ExplicitPrecompiledModules/_errno-DUXHAQ6V2OYCVUKXDQ0YXHM18.scan
    cd /Users/runner/work/Album_Manager/Album_Manager/Pods
    builtin-precompileModule /Users/runner/Library/Developer/Xcode/DerivedData/AlbumManager-dmxhwzoxvsfmtkahqmfxhtjpefxd/Build/Intermediates.noindex/ArchiveIntermediates/AlbumManager/IntermediateBuildFilesPath/ExplicitPrecompiledModules/_errno-DUXHAQ6V2OYCVUKXDQ0YXHM18.scan

PrecompileModule /Users/runner/Library/Developer/Xcode/DerivedData/AlbumManager-dmxhwzoxvsfmtkahqmfxhtjpefxd/Build/Intermediates.noindex/ArchiveIntermediates/AlbumManager/IntermediateBuildFilesPath/ExplicitPrecompiledModules/sys_resource-C9048A7O5LMHYA23BJ0WQKMQE.scan
    cd /Users/runner/work/Album_Manager/Album_Manager/Pods
    builtin-precompileModule /Users/runner/Library/Developer/Xcode/DerivedData/AlbumManager-dmxhwzoxvsfmtkahqmfxhtjpefxd/Build/Intermediates.noindex/ArchiveIntermediates/AlbumManager/IntermediateBuildFilesPath/ExplicitPrecompiledModules/sys_resource-C9048A7O5LMHYA23BJ0WQKMQE.scan

PrecompileModule /Users/runner/Library/Developer/Xcode/DerivedData/AlbumManager-dmxhwzoxvsfmtkahqmfxhtjpefxd/Build/Intermediates.noindex/ArchiveIntermediates/AlbumManager/IntermediateBuildFilesPath/ExplicitPrecompiledModules/_setjmp-6X8BLPY5V9BVNMMUKV90TQQI7.scan
    cd /Users/runner/work/Album_Manager/Album_Manager/Pods
    builtin-precompileModule /Users/runner/Library/Developer/Xcode/DerivedData/AlbumManager-dmxhwzoxvsfmtkahqmfxhtjpefxd/Build/Intermediates.noindex/ArchiveIntermediates/AlbumManager/IntermediateBuildFilesPath/ExplicitPrecompiledModules/_setjmp-6X8BLPY5V9BVNMMUKV90TQQI7.scan

PrecompileModule /Users/runner/Library/Developer/Xcode/DerivedData/AlbumManager-dmxhwzoxvsfmtkahqmfxhtjpefxd/Build/Intermediates.noindex/ArchiveIntermediates/AlbumManager/IntermediateBuildFilesPath/ExplicitPrecompiledModules/mach-9E2PLVRPR3YUF9VSX4Z1T32IC.scan
    cd /Users/runner/work/Album_Manager/Album_Manager/Pods
    builtin-precompileModule /Users/runner/Library/Developer/Xcode/DerivedData/AlbumManager-dmxhwzoxvsfmtkahqmfxhtjpefxd/Build/Intermediates.noindex/ArchiveIntermediates/AlbumManager/IntermediateBuildFilesPath/ExplicitPrecompiledModules/mach-9E2PLVRPR3YUF9VSX4Z1T32IC.scan

PrecompileModule /Users/runner/Library/Developer/Xcode/DerivedData/AlbumManager-dmxhwzoxvsfmtkahqmfxhtjpefxd/Build/Intermediates.noindex/ArchiveIntermediates/AlbumManager/IntermediateBuildFilesPath/ExplicitPrecompiledModules/_string-5ODLL7OSFUCH52XL0VV6VHPOW.scan
    cd /Users/runner/work/Album_Manager/Album_Manager/Pods
    builtin-precompileModule /Users/runner/Library/Developer/Xcode/DerivedData/AlbumManager-dmxhwzoxvsfmtkahqmfxhtjpefxd/Build/Intermediates.noindex/ArchiveIntermediates/AlbumManager/IntermediateBuildFilesPath/ExplicitPrecompiledModules/_string-5ODLL7OSFUCH52XL0VV6VHPOW.scan

PrecompileModule /Users/runner/Library/Developer/Xcode/DerivedData/AlbumManager-dmxhwzoxvsfmtkahqmfxhtjpefxd/Build/Intermediates.noindex/ArchiveIntermediates/AlbumManager/IntermediateBuildFilesPath/ExplicitPrecompiledModules/_complex-80PC4RO31I0IOHZT9XXAH8FJ3.scan
    cd /Users/runner/work/Album_Manager/Album_Manager/Pods
    builtin-precompileModule /Users/runner/Library/Developer/Xcode/DerivedData/AlbumManager-dmxhwzoxvsfmtkahqmfxhtjpefxd/Build/Intermediates.noindex/ArchiveIntermediates/AlbumManager/IntermediateBuildFilesPath/ExplicitPrecompiledModules/_complex-80PC4RO31I0IOHZT9XXAH8FJ3.scan

PrecompileModule /Users/runner/Library/Developer/Xcode/DerivedData/AlbumManager-dmxhwzoxvsfmtkahqmfxhtjpefxd/Build/Intermediates.noindex/ArchiveIntermediates/AlbumManager/IntermediateBuildFilesPath/ExplicitPrecompiledModules/runetype-49BUFHMVX8OAHME1OI3N6BNP3.scan
    cd /Users/runner/work/Album_Manager/Album_Manager/Pods
    builtin-precompileModule /Users/runner/Library/Developer/Xcode/DerivedData/AlbumManager-dmxhwzoxvsfmtkahqmfxhtjpefxd/Build/Intermediates.noindex/ArchiveIntermediates/AlbumManager/IntermediateBuildFilesPath/ExplicitPrecompiledModules/runetype-49BUFHMVX8OAHME1OI3N6BNP3.scan

PrecompileModule /Users/runner/Library/Developer/Xcode/DerivedData/AlbumManager-dmxhwzoxvsfmtkahqmfxhtjpefxd/Build/Intermediates.noindex/ArchiveIntermediates/AlbumManager/IntermediateBuildFilesPath/ExplicitPrecompiledModules/sys_time-7XG72LP26R9WBP4UF84V190U9.scan
    cd /Users/runner/work/Album_Manager/Album_Manager/Pods
    builtin-precompileModule /Users/runner/Library/Developer/Xcode/DerivedData/AlbumManager-dmxhwzoxvsfmtkahqmfxhtjpefxd/Build/Intermediates.noindex/ArchiveIntermediates/AlbumManager/IntermediateBuildFilesPath/ExplicitPrecompiledModules/sys_time-7XG72LP26R9WBP4UF84V190U9.scan

PrecompileModule /Users/runner/Library/Developer/Xcode/DerivedData/AlbumManager-dmxhwzoxvsfmtkahqmfxhtjpefxd/Build/Intermediates.noindex/ArchiveIntermediates/AlbumManager/IntermediateBuildFilesPath/ExplicitPrecompiledModules/netinet_in-A8ECW6KGY7JUECULT4RRCAF7C.scan
    cd /Users/runner/work/Album_Manager/Album_Manager/Pods
    builtin-precompileModule /Users/runner/Library/Developer/Xcode/DerivedData/AlbumManager-dmxhwzoxvsfmtkahqmfxhtjpefxd/Build/Intermediates.noindex/ArchiveIntermediates/AlbumManager/IntermediateBuildFilesPath/ExplicitPrecompiledModules/netinet_in-A8ECW6KGY7JUECULT4RRCAF7C.scan

PrecompileModule /Users/runner/Library/Developer/Xcode/DerivedData/AlbumManager-dmxhwzoxvsfmtkahqmfxhtjpefxd/Build/Intermediates.noindex/ArchiveIntermediates/AlbumManager/IntermediateBuildFilesPath/ExplicitPrecompiledModules/_tgmath-AL0VI3JF43ONXIMRAXQOVRYBG.scan
    cd /Users/runner/work/Album_Manager/Album_Manager/Pods
    builtin-precompileModule /Users/runner/Library/Developer/Xcode/DerivedData/AlbumManager-dmxhwzoxvsfmtkahqmfxhtjpefxd/Build/Intermediates.noindex/ArchiveIntermediates/AlbumManager/IntermediateBuildFilesPath/ExplicitPrecompiledModules/_tgmath-AL0VI3JF43ONXIMRAXQOVRYBG.scan

PrecompileModule /Users/runner/Library/Developer/Xcode/DerivedData/AlbumManager-dmxhwzoxvsfmtkahqmfxhtjpefxd/Build/Intermediates.noindex/ArchiveIntermediates/AlbumManager/IntermediateBuildFilesPath/ExplicitPrecompiledModules/_ctype-6SFS2L2HX9TLVXUE9QPH8AP2B.scan
    cd /Users/runner/work/Album_Manager/Album_Manager/Pods
    builtin-precompileModule /Users/runner/Library/Developer/Xcode/DerivedData/AlbumManager-dmxhwzoxvsfmtkahqmfxhtjpefxd/Build/Intermediates.noindex/ArchiveIntermediates/AlbumManager/IntermediateBuildFilesPath/ExplicitPrecompiledModules/_ctype-6SFS2L2HX9TLVXUE9QPH8AP2B.scan

PrecompileModule /Users/runner/Library/Developer/Xcode/DerivedData/AlbumManager-dmxhwzoxvsfmtkahqmfxhtjpefxd/Build/Intermediates.noindex/ArchiveIntermediates/AlbumManager/IntermediateBuildFilesPath/ExplicitPrecompiledModules/_assert-5OXT0VSHX8SCBJ10HX16EQ1TO.scan
    cd /Users/runner/work/Album_Manager/Album_Manager/Pods
    builtin-precompileModule /Users/runner/Library/Developer/Xcode/DerivedData/AlbumManager-dmxhwzoxvsfmtkahqmfxhtjpefxd/Build/Intermediates.noindex/ArchiveIntermediates/AlbumManager/IntermediateBuildFilesPath/ExplicitPrecompiledModules/_assert-5OXT0VSHX8SCBJ10HX16EQ1TO.scan

PrecompileModule /Users/runner/Library/Developer/Xcode/DerivedData/AlbumManager-dmxhwzoxvsfmtkahqmfxhtjpefxd/Build/Intermediates.noindex/ArchiveIntermediates/AlbumManager/IntermediateBuildFilesPath/ExplicitPrecompiledModules/_tgmath-EI4PY41N6JH15IX771A4UBQSG.scan
    cd /Users/runner/work/Album_Manager/Album_Manager/Pods
    builtin-precompileModule /Users/runner/Library/Developer/Xcode/DerivedData/AlbumManager-dmxhwzoxvsfmtkahqmfxhtjpefxd/Build/Intermediates.noindex/ArchiveIntermediates/AlbumManager/IntermediateBuildFilesPath/ExplicitPrecompiledModules/_tgmath-EI4PY41N6JH15IX771A4UBQSG.scan

PrecompileModule /Users/runner/Library/Developer/Xcode/DerivedData/AlbumManager-dmxhwzoxvsfmtkahqmfxhtjpefxd/Build/Intermediates.noindex/ArchiveIntermediates/AlbumManager/IntermediateBuildFilesPath/ExplicitPrecompiledModules/__wctype-6UUUVVK1K7L7CTNMMXV916WLB.scan
    cd /Users/runner/work/Album_Manager/Album_Manager/Pods
    builtin-precompileModule /Users/runner/Library/Developer/Xcode/DerivedData/AlbumManager-dmxhwzoxvsfmtkahqmfxhtjpefxd/Build/Intermediates.noindex/ArchiveIntermediates/AlbumManager/IntermediateBuildFilesPath/ExplicitPrecompiledModules/__wctype-6UUUVVK1K7L7CTNMMXV916WLB.scan

PrecompileModule /Users/runner/Library/Developer/Xcode/DerivedData/AlbumManager-dmxhwzoxvsfmtkahqmfxhtjpefxd/Build/Intermediates.noindex/ArchiveIntermediates/AlbumManager/IntermediateBuildFilesPath/ExplicitPrecompiledModules/_Builtin_tgmath-44SO0ZT1N9R6CLSLYE9VKD915.scan
    cd /Users/runner/work/Album_Manager/Album_Manager/Pods
    builtin-precompileModule /Users/runner/Library/Developer/Xcode/DerivedData/AlbumManager-dmxhwzoxvsfmtkahqmfxhtjpefxd/Build/Intermediates.noindex/ArchiveIntermediates/AlbumManager/IntermediateBuildFilesPath/ExplicitPrecompiledModules/_Builtin_tgmath-44SO0ZT1N9R6CLSLYE9VKD915.scan

PrecompileModule /Users/runner/Library/Developer/Xcode/DerivedData/AlbumManager-dmxhwzoxvsfmtkahqmfxhtjpefxd/Build/Intermediates.noindex/ArchiveIntermediates/AlbumManager/IntermediateBuildFilesPath/ExplicitPrecompiledModules/_locale-1MEBWYFFTBIK03O9ZP3D8G2YF.scan
    cd /Users/runner/work/Album_Manager/Album_Manager/Pods
    builtin-precompileModule /Users/runner/Library/Developer/Xcode/DerivedData/AlbumManager-dmxhwzoxvsfmtkahqmfxhtjpefxd/Build/Intermediates.noindex/ArchiveIntermediates/AlbumManager/IntermediateBuildFilesPath/ExplicitPrecompiledModules/_locale-1MEBWYFFTBIK03O9ZP3D8G2YF.scan

PrecompileModule /Users/runner/Library/Developer/Xcode/DerivedData/AlbumManager-dmxhwzoxvsfmtkahqmfxhtjpefxd/Build/Intermediates.noindex/ArchiveIntermediates/AlbumManager/IntermediateBuildFilesPath/ExplicitPrecompiledModules/_Builtin_tgmath-4JHYPOSMXPH2WJ27NE2WAYXVL.scan
    cd /Users/runner/work/Album_Manager/Album_Manager/Pods
    builtin-precompileModule /Users/runner/Library/Developer/Xcode/DerivedData/AlbumManager-dmxhwzoxvsfmtkahqmfxhtjpefxd/Build/Intermediates.noindex/ArchiveIntermediates/AlbumManager/IntermediateBuildFilesPath/ExplicitPrecompiledModules/_Builtin_tgmath-4JHYPOSMXPH2WJ27NE2WAYXVL.scan

PrecompileModule /Users/runner/Library/Developer/Xcode/DerivedData/AlbumManager-dmxhwzoxvsfmtkahqmfxhtjpefxd/Build/Intermediates.noindex/ArchiveIntermediates/AlbumManager/IntermediateBuildFilesPath/ExplicitPrecompiledModules/_signal-8R5JAE7ODQTBPGBN2KCT3LJGM.scan
    cd /Users/runner/work/Album_Manager/Album_Manager/Pods
    builtin-precompileModule /Users/runner/Library/Developer/Xcode/DerivedData/AlbumManager-dmxhwzoxvsfmtkahqmfxhtjpefxd/Build/Intermediates.noindex/ArchiveIntermediates/AlbumManager/IntermediateBuildFilesPath/ExplicitPrecompiledModules/_signal-8R5JAE7ODQTBPGBN2KCT3LJGM.scan

PrecompileModule /Users/runner/Library/Developer/Xcode/DerivedData/AlbumManager-dmxhwzoxvsfmtkahqmfxhtjpefxd/Build/Intermediates.noindex/ArchiveIntermediates/AlbumManager/IntermediateBuildFilesPath/ExplicitPrecompiledModules/_wctype-4PLIM8OV2MBDORKAEGAP65YUR.scan
    cd /Users/runner/work/Album_Manager/Album_Manager/Pods
    builtin-precompileModule /Users/runner/Library/Developer/Xcode/DerivedData/AlbumManager-dmxhwzoxvsfmtkahqmfxhtjpefxd/Build/Intermediates.noindex/ArchiveIntermediates/AlbumManager/IntermediateBuildFilesPath/ExplicitPrecompiledModules/_wctype-4PLIM8OV2MBDORKAEGAP65YUR.scan

PrecompileModule /Users/runner/Library/Developer/Xcode/DerivedData/AlbumManager-dmxhwzoxvsfmtkahqmfxhtjpefxd/Build/Intermediates.noindex/ArchiveIntermediates/AlbumManager/IntermediateBuildFilesPath/ExplicitPrecompiledModules/xlocale-DU232F0C4AOLRINWDSBIDR4FS.scan
    cd /Users/runner/work/Album_Manager/Album_Manager/Pods
    builtin-precompileModule /Users/runner/Library/Developer/Xcode/DerivedData/AlbumManager-dmxhwzoxvsfmtkahqmfxhtjpefxd/Build/Intermediates.noindex/ArchiveIntermediates/AlbumManager/IntermediateBuildFilesPath/ExplicitPrecompiledModules/xlocale-DU232F0C4AOLRINWDSBIDR4FS.scan

PrecompileModule /Users/runner/Library/Developer/Xcode/DerivedData/AlbumManager-dmxhwzoxvsfmtkahqmfxhtjpefxd/Build/Intermediates.noindex/ArchiveIntermediates/AlbumManager/IntermediateBuildFilesPath/ExplicitPrecompiledModules/_stdint-4MX0L8033R5484F4E165SWM.scan
    cd /Users/runner/work/Album_Manager/Album_Manager/Pods
    builtin-precompileModule /Users/runner/Library/Developer/Xcode/DerivedData/AlbumManager-dmxhwzoxvsfmtkahqmfxhtjpefxd/Build/Intermediates.noindex/ArchiveIntermediates/AlbumManager/IntermediateBuildFilesPath/ExplicitPrecompiledModules/_stdint-4MX0L8033R5484F4E165SWM.scan

PrecompileModule /Users/runner/Library/Developer/Xcode/DerivedData/AlbumManager-dmxhwzoxvsfmtkahqmfxhtjpefxd/Build/Intermediates.noindex/ArchiveIntermediates/AlbumManager/IntermediateBuildFilesPath/ExplicitPrecompiledModules/sys_wait-JTWB1ASMDVT7L7X4H6J5MNK8.scan
    cd /Users/runner/work/Album_Manager/Album_Manager/Pods
    builtin-precompileModule /Users/runner/Library/Developer/Xcode/DerivedData/AlbumManager-dmxhwzoxvsfmtkahqmfxhtjpefxd/Build/Intermediates.noindex/ArchiveIntermediates/AlbumManager/IntermediateBuildFilesPath/ExplicitPrecompiledModules/sys_wait-JTWB1ASMDVT7L7X4H6J5MNK8.scan

PrecompileModule /Users/runner/Library/Developer/Xcode/DerivedData/AlbumManager-dmxhwzoxvsfmtkahqmfxhtjpefxd/Build/Intermediates.noindex/ArchiveIntermediates/AlbumManager/IntermediateBuildFilesPath/ExplicitPrecompiledModules/sys_select-DZ21IQDRL3960KK53H0DID4EW.scan
    cd /Users/runner/work/Album_Manager/Album_Manager/Pods
    builtin-precompileModule /Users/runner/Library/Developer/Xcode/DerivedData/AlbumManager-dmxhwzoxvsfmtkahqmfxhtjpefxd/Build/Intermediates.noindex/ArchiveIntermediates/AlbumManager/IntermediateBuildFilesPath/ExplicitPrecompiledModules/sys_select-DZ21IQDRL3960KK53H0DID4EW.scan

PrecompileModule /Users/runner/Library/Developer/Xcode/DerivedData/AlbumManager-dmxhwzoxvsfmtkahqmfxhtjpefxd/Build/Intermediates.noindex/ArchiveIntermediates/AlbumManager/IntermediateBuildFilesPath/ExplicitPrecompiledModules/_stdio-5RO2S0YXJH07C2ECASOB5BOAT.scan
    cd /Users/runner/work/Album_Manager/Album_Manager/Pods
    builtin-precompileModule /Users/runner/Library/Developer/Xcode/DerivedData/AlbumManager-dmxhwzoxvsfmtkahqmfxhtjpefxd/Build/Intermediates.noindex/ArchiveIntermediates/AlbumManager/IntermediateBuildFilesPath/ExplicitPrecompiledModules/_stdio-5RO2S0YXJH07C2ECASOB5BOAT.scan

PrecompileModule /Users/runner/Library/Developer/Xcode/DerivedData/AlbumManager-dmxhwzoxvsfmtkahqmfxhtjpefxd/Build/Intermediates.noindex/ArchiveIntermediates/AlbumManager/IntermediateBuildFilesPath/ExplicitPrecompiledModules/_Builtin_stdint-7GYBT9C3H0STFSYVCGL8L11EA.scan
    cd /Users/runner/work/Album_Manager/Album_Manager/Pods
    builtin-precompileModule /Users/runner/Library/Developer/Xcode/DerivedData/AlbumManager-dmxhwzoxvsfmtkahqmfxhtjpefxd/Build/Intermediates.noindex/ArchiveIntermediates/AlbumManager/IntermediateBuildFilesPath/ExplicitPrecompiledModules/_Builtin_stdint-7GYBT9C3H0STFSYVCGL8L11EA.scan

PrecompileModule /Users/runner/Library/Developer/Xcode/DerivedData/AlbumManager-dmxhwzoxvsfmtkahqmfxhtjpefxd/Build/Intermediates.noindex/ArchiveIntermediates/AlbumManager/IntermediateBuildFilesPath/ExplicitPrecompiledModules/_stdlib-DXG3VPT9EH1GACBZ6O3AL3ZFE.scan
    cd /Users/runner/work/Album_Manager/Album_Manager/Pods
    builtin-precompileModule /Users/runner/Library/Developer/Xcode/DerivedData/AlbumManager-dmxhwzoxvsfmtkahqmfxhtjpefxd/Build/Intermediates.noindex/ArchiveIntermediates/AlbumManager/IntermediateBuildFilesPath/ExplicitPrecompiledModules/_stdlib-DXG3VPT9EH1GACBZ6O3AL3ZFE.scan

PrecompileModule /Users/runner/Library/Developer/Xcode/DerivedData/AlbumManager-dmxhwzoxvsfmtkahqmfxhtjpefxd/Build/Intermediates.noindex/ArchiveIntermediates/AlbumManager/IntermediateBuildFilesPath/ExplicitPrecompiledModules/_useconds_t-5OBL5T7N3LBRHE3WZH3NKL8RF.scan
    cd /Users/runner/work/Album_Manager/Album_Manager/Pods
    builtin-precompileModule /Users/runner/Library/Developer/Xcode/DerivedData/AlbumManager-dmxhwzoxvsfmtkahqmfxhtjpefxd/Build/Intermediates.noindex/ArchiveIntermediates/AlbumManager/IntermediateBuildFilesPath/ExplicitPrecompiledModules/_useconds_t-5OBL5T7N3LBRHE3WZH3NKL8RF.scan

PrecompileModule /Users/runner/Library/Developer/Xcode/DerivedData/AlbumManager-dmxhwzoxvsfmtkahqmfxhtjpefxd/Build/Intermediates.noindex/ArchiveIntermediates/AlbumManager/IntermediateBuildFilesPath/ExplicitPrecompiledModules/unistd-DH29VTT138U9NVP8YWFMQZWVP.scan
    cd /Users/runner/work/Album_Manager/Album_Manager/Pods
    builtin-precompileModule /Users/runner/Library/Developer/Xcode/DerivedData/AlbumManager-dmxhwzoxvsfmtkahqmfxhtjpefxd/Build/Intermediates.noindex/ArchiveIntermediates/AlbumManager/IntermediateBuildFilesPath/ExplicitPrecompiledModules/unistd-DH29VTT138U9NVP8YWFMQZWVP.scan

PrecompileModule /Users/runner/Library/Developer/Xcode/DerivedData/AlbumManager-dmxhwzoxvsfmtkahqmfxhtjpefxd/Build/Intermediates.noindex/ArchiveIntermediates/AlbumManager/IntermediateBuildFilesPath/ExplicitPrecompiledModules/_Builtin_stdatomic-5TXJMGAGHASFP5HEPCM04BW0W.scan
    cd /Users/runner/work/Album_Manager/Album_Manager/Pods
    builtin-precompileModule /Users/runner/Library/Developer/Xcode/DerivedData/AlbumManager-dmxhwzoxvsfmtkahqmfxhtjpefxd/Build/Intermediates.noindex/ArchiveIntermediates/AlbumManager/IntermediateBuildFilesPath/ExplicitPrecompiledModules/_Builtin_stdatomic-5TXJMGAGHASFP5HEPCM04BW0W.scan

PrecompileModule /Users/runner/Library/Developer/Xcode/DerivedData/AlbumManager-dmxhwzoxvsfmtkahqmfxhtjpefxd/Build/Intermediates.noindex/ArchiveIntermediates/AlbumManager/IntermediateBuildFilesPath/ExplicitPrecompiledModules/_inttypes-9CPR8ZAFDEZTJ5QLCGA4ODJ4B.scan
    cd /Users/runner/work/Album_Manager/Album_Manager/Pods
    builtin-precompileModule /Users/runner/Library/Developer/Xcode/DerivedData/AlbumManager-dmxhwzoxvsfmtkahqmfxhtjpefxd/Build/Intermediates.noindex/ArchiveIntermediates/AlbumManager/IntermediateBuildFilesPath/ExplicitPrecompiledModules/_inttypes-9CPR8ZAFDEZTJ5QLCGA4ODJ4B.scan

PrecompileModule /Users/runner/Library/Developer/Xcode/DerivedData/AlbumManager-dmxhwzoxvsfmtkahqmfxhtjpefxd/Build/Intermediates.noindex/ArchiveIntermediates/AlbumManager/IntermediateBuildFilesPath/ExplicitPrecompiledModules/_wchar-9WKA7ZYPUXTQQI7E86E8O1KFE.scan
    cd /Users/runner/work/Album_Manager/Album_Manager/Pods
    builtin-precompileModule /Users/runner/Library/Developer/Xcode/DerivedData/AlbumManager-dmxhwzoxvsfmtkahqmfxhtjpefxd/Build/Intermediates.noindex/ArchiveIntermediates/AlbumManager/IntermediateBuildFilesPath/ExplicitPrecompiledModules/_wchar-9WKA7ZYPUXTQQI7E86E8O1KFE.scan

PrecompileModule /Users/runner/Library/Developer/Xcode/DerivedData/AlbumManager-dmxhwzoxvsfmtkahqmfxhtjpefxd/Build/Intermediates.noindex/ArchiveIntermediates/AlbumManager/IntermediateBuildFilesPath/ExplicitPrecompiledModules/_sys_select-E862A55JI7DUEI58HI99IU2CX.scan
    cd /Users/runner/work/Album_Manager/Album_Manager/Pods
    builtin-precompileModule /Users/runner/Library/Developer/Xcode/DerivedData/AlbumManager-dmxhwzoxvsfmtkahqmfxhtjpefxd/Build/Intermediates.noindex/ArchiveIntermediates/AlbumManager/IntermediateBuildFilesPath/ExplicitPrecompiledModules/_sys_select-E862A55JI7DUEI58HI99IU2CX.scan

PrecompileModule /Users/runner/Library/Developer/Xcode/DerivedData/AlbumManager-dmxhwzoxvsfmtkahqmfxhtjpefxd/Build/Intermediates.noindex/ArchiveIntermediates/AlbumManager/IntermediateBuildFilesPath/ExplicitPrecompiledModules/pthread-1ZZB8DG9WNLFNLTL3IX97SWPV.scan
    cd /Users/runner/work/Album_Manager/Album_Manager/Pods
    builtin-precompileModule /Users/runner/Library/Developer/Xcode/DerivedData/AlbumManager-dmxhwzoxvsfmtkahqmfxhtjpefxd/Build/Intermediates.noindex/ArchiveIntermediates/AlbumManager/IntermediateBuildFilesPath/ExplicitPrecompiledModules/pthread-1ZZB8DG9WNLFNLTL3IX97SWPV.scan

PrecompileModule /Users/runner/Library/Developer/Xcode/DerivedData/AlbumManager-dmxhwzoxvsfmtkahqmfxhtjpefxd/Build/Intermediates.noindex/ArchiveIntermediates/AlbumManager/IntermediateBuildFilesPath/ExplicitPrecompiledModules/_Builtin_inttypes-LAD8JEB2BRT1C47ASQHAIJ35.scan
    cd /Users/runner/work/Album_Manager/Album_Manager/Pods
    builtin-precompileModule /Users/runner/Library/Developer/Xcode/DerivedData/AlbumManager-dmxhwzoxvsfmtkahqmfxhtjpefxd/Build/Intermediates.noindex/ArchiveIntermediates/AlbumManager/IntermediateBuildFilesPath/ExplicitPrecompiledModules/_Builtin_inttypes-LAD8JEB2BRT1C47ASQHAIJ35.scan

PrecompileModule /Users/runner/Library/Developer/Xcode/DerivedData/AlbumManager-dmxhwzoxvsfmtkahqmfxhtjpefxd/Build/Intermediates.noindex/ArchiveIntermediates/AlbumManager/IntermediateBuildFilesPath/ExplicitPrecompiledModules/_Builtin_inttypes-7I452EF5GQJZ8HLPL9UZS5A0H.scan
    cd /Users/runner/work/Album_Manager/Album_Manager/Pods
    builtin-precompileModule /Users/runner/Library/Developer/Xcode/DerivedData/AlbumManager-dmxhwzoxvsfmtkahqmfxhtjpefxd/Build/Intermediates.noindex/ArchiveIntermediates/AlbumManager/IntermediateBuildFilesPath/ExplicitPrecompiledModules/_Builtin_inttypes-7I452EF5GQJZ8HLPL9UZS5A0H.scan

PrecompileModule /Users/runner/Library/Developer/Xcode/DerivedData/AlbumManager-dmxhwzoxvsfmtkahqmfxhtjpefxd/Build/Intermediates.noindex/ArchiveIntermediates/AlbumManager/IntermediateBuildFilesPath/ExplicitPrecompiledModules/sys_types-AN7VQ3HPCQ5FMCH4SROO5VLYP.scan
    cd /Users/runner/work/Album_Manager/Album_Manager/Pods
    builtin-precompileModule /Users/runner/Library/Developer/Xcode/DerivedData/AlbumManager-dmxhwzoxvsfmtkahqmfxhtjpefxd/Build/Intermediates.noindex/ArchiveIntermediates/AlbumManager/IntermediateBuildFilesPath/ExplicitPrecompiledModules/sys_types-AN7VQ3HPCQ5FMCH4SROO5VLYP.scan

PrecompileModule /Users/runner/Library/Developer/Xcode/DerivedData/AlbumManager-dmxhwzoxvsfmtkahqmfxhtjpefxd/Build/Intermediates.noindex/ArchiveIntermediates/AlbumManager/IntermediateBuildFilesPath/ExplicitPrecompiledModules/Darwin-5GHHOOQ07C1RDY2QOJI013I7L.scan
    cd /Users/runner/work/Album_Manager/Album_Manager/Pods
    builtin-precompileModule /Users/runner/Library/Developer/Xcode/DerivedData/AlbumManager-dmxhwzoxvsfmtkahqmfxhtjpefxd/Build/Intermediates.noindex/ArchiveIntermediates/AlbumManager/IntermediateBuildFilesPath/ExplicitPrecompiledModules/Darwin-5GHHOOQ07C1RDY2QOJI013I7L.scan

PrecompileModule /Users/runner/Library/Developer/Xcode/DerivedData/AlbumManager-dmxhwzoxvsfmtkahqmfxhtjpefxd/Build/Intermediates.noindex/ArchiveIntermediates/AlbumManager/IntermediateBuildFilesPath/ExplicitPrecompiledModules/_time-931L0TU2VXLHZFGIPRWEHMVEM.scan
    cd /Users/runner/work/Album_Manager/Album_Manager/Pods
    builtin-precompileModule /Users/runner/Library/Developer/Xcode/DerivedData/AlbumManager-dmxhwzoxvsfmtkahqmfxhtjpefxd/Build/Intermediates.noindex/ArchiveIntermediates/AlbumManager/IntermediateBuildFilesPath/ExplicitPrecompiledModules/_time-931L0TU2VXLHZFGIPRWEHMVEM.scan

PrecompileModule /Users/runner/Library/Developer/Xcode/DerivedData/AlbumManager-dmxhwzoxvsfmtkahqmfxhtjpefxd/Build/Intermediates.noindex/ArchiveIntermediates/AlbumManager/IntermediateBuildFilesPath/ExplicitPrecompiledModules/nl_types-63U1835CHC82CYBLUXYGCCB6Z.scan
    cd /Users/runner/work/Album_Manager/Album_Manager/Pods
    builtin-precompileModule /Users/runner/Library/Developer/Xcode/DerivedData/AlbumManager-dmxhwzoxvsfmtkahqmfxhtjpefxd/Build/Intermediates.noindex/ArchiveIntermediates/AlbumManager/IntermediateBuildFilesPath/ExplicitPrecompiledModules/nl_types-63U1835CHC82CYBLUXYGCCB6Z.scan

PrecompileModule /Users/runner/Library/Developer/Xcode/DerivedData/AlbumManager-dmxhwzoxvsfmtkahqmfxhtjpefxd/Build/Intermediates.noindex/ArchiveIntermediates/AlbumManager/IntermediateBuildFilesPath/ExplicitPrecompiledModules/_string-5PJVGZNDEIBSHA4F5UPR256PS.scan
    cd /Users/runner/work/Album_Manager/Album_Manager/Pods
    builtin-precompileModule /Users/runner/Library/Developer/Xcode/DerivedData/AlbumManager-dmxhwzoxvsfmtkahqmfxhtjpefxd/Build/Intermediates.noindex/ArchiveIntermediates/AlbumManager/IntermediateBuildFilesPath/ExplicitPrecompiledModules/_string-5PJVGZNDEIBSHA4F5UPR256PS.scan

PrecompileModule /Users/runner/Library/Developer/Xcode/DerivedData/AlbumManager-dmxhwzoxvsfmtkahqmfxhtjpefxd/Build/Intermediates.noindex/ArchiveIntermediates/AlbumManager/IntermediateBuildFilesPath/ExplicitPrecompiledModules/_stdio-AYUVIUZE003IDUG46VCC2W19A.scan
    cd /Users/runner/work/Album_Manager/Album_Manager/Pods
    builtin-precompileModule /Users/runner/Library/Developer/Xcode/DerivedData/AlbumManager-dmxhwzoxvsfmtkahqmfxhtjpefxd/Build/Intermediates.noindex/ArchiveIntermediates/AlbumManager/IntermediateBuildFilesPath/ExplicitPrecompiledModules/_stdio-AYUVIUZE003IDUG46VCC2W19A.scan

PrecompileModule /Users/runner/Library/Developer/Xcode/DerivedData/AlbumManager-dmxhwzoxvsfmtkahqmfxhtjpefxd/Build/Intermediates.noindex/ArchiveIntermediates/AlbumManager/IntermediateBuildFilesPath/ExplicitPrecompiledModules/sys_resource-9PT6HXO4STIV3UGM8IQSDT4K6.scan
    cd /Users/runner/work/Album_Manager/Album_Manager/Pods
    builtin-precompileModule /Users/runner/Library/Developer/Xcode/DerivedData/AlbumManager-dmxhwzoxvsfmtkahqmfxhtjpefxd/Build/Intermediates.noindex/ArchiveIntermediates/AlbumManager/IntermediateBuildFilesPath/ExplicitPrecompiledModules/sys_resource-9PT6HXO4STIV3UGM8IQSDT4K6.scan

PrecompileModule /Users/runner/Library/Developer/Xcode/DerivedData/AlbumManager-dmxhwzoxvsfmtkahqmfxhtjpefxd/Build/Intermediates.noindex/ArchiveIntermediates/AlbumManager/IntermediateBuildFilesPath/ExplicitPrecompiledModules/_signal-7LBNXUV647HSWKZVM5352UIXZ.scan
    cd /Users/runner/work/Album_Manager/Album_Manager/Pods
    builtin-precompileModule /Users/runner/Library/Developer/Xcode/DerivedData/AlbumManager-dmxhwzoxvsfmtkahqmfxhtjpefxd/Build/Intermediates.noindex/ArchiveIntermediates/AlbumManager/IntermediateBuildFilesPath/ExplicitPrecompiledModules/_signal-7LBNXUV647HSWKZVM5352UIXZ.scan

PrecompileModule /Users/runner/Library/Developer/Xcode/DerivedData/AlbumManager-dmxhwzoxvsfmtkahqmfxhtjpefxd/Build/Intermediates.noindex/ArchiveIntermediates/AlbumManager/IntermediateBuildFilesPath/ExplicitPrecompiledModules/_wchar-36LG2J8BW28AYS3V47GEFUF3P.scan
    cd /Users/runner/work/Album_Manager/Album_Manager/Pods
    builtin-precompileModule /Users/runner/Library/Developer/Xcode/DerivedData/AlbumManager-dmxhwzoxvsfmtkahqmfxhtjpefxd/Build/Intermediates.noindex/ArchiveIntermediates/AlbumManager/IntermediateBuildFilesPath/ExplicitPrecompiledModules/_wchar-36LG2J8BW28AYS3V47GEFUF3P.scan

PrecompileModule /Users/runner/Library/Developer/Xcode/DerivedData/AlbumManager-dmxhwzoxvsfmtkahqmfxhtjpefxd/Build/Intermediates.noindex/ArchiveIntermediates/AlbumManager/IntermediateBuildFilesPath/ExplicitPrecompiledModules/gethostuuid-45M90VOBT6QDDOTZ0CHT34DBB.scan
    cd /Users/runner/work/Album_Manager/Album_Manager/Pods
    builtin-precompileModule /Users/runner/Library/Developer/Xcode/DerivedData/AlbumManager-dmxhwzoxvsfmtkahqmfxhtjpefxd/Build/Intermediates.noindex/ArchiveIntermediates/AlbumManager/IntermediateBuildFilesPath/ExplicitPrecompiledModules/gethostuuid-45M90VOBT6QDDOTZ0CHT34DBB.scan

PrecompileModule /Users/runner/Library/Developer/Xcode/DerivedData/AlbumManager-dmxhwzoxvsfmtkahqmfxhtjpefxd/Build/Intermediates.noindex/ArchiveIntermediates/AlbumManager/IntermediateBuildFilesPath/ExplicitPrecompiledModules/pthread-15YGIKR78FUPVNTZEOWC8B0MX.scan
    cd /Users/runner/work/Album_Manager/Album_Manager/Pods
    builtin-precompileModule /Users/runner/Library/Developer/Xcode/DerivedData/AlbumManager-dmxhwzoxvsfmtkahqmfxhtjpefxd/Build/Intermediates.noindex/ArchiveIntermediates/AlbumManager/IntermediateBuildFilesPath/ExplicitPrecompiledModules/pthread-15YGIKR78FUPVNTZEOWC8B0MX.scan

PrecompileModule /Users/runner/Library/Developer/Xcode/DerivedData/AlbumManager-dmxhwzoxvsfmtkahqmfxhtjpefxd/Build/Intermediates.noindex/ArchiveIntermediates/AlbumManager/IntermediateBuildFilesPath/ExplicitPrecompiledModules/sys_wait-2UA2J3WZE09JS8D77284ZG953.scan
    cd /Users/runner/work/Album_Manager/Album_Manager/Pods
    builtin-precompileModule /Users/runner/Library/Developer/Xcode/DerivedData/AlbumManager-dmxhwzoxvsfmtkahqmfxhtjpefxd/Build/Intermediates.noindex/ArchiveIntermediates/AlbumManager/IntermediateBuildFilesPath/ExplicitPrecompiledModules/sys_wait-2UA2J3WZE09JS8D77284ZG953.scan

PrecompileModule /Users/runner/Library/Developer/Xcode/DerivedData/AlbumManager-dmxhwzoxvsfmtkahqmfxhtjpefxd/Build/Intermediates.noindex/ArchiveIntermediates/AlbumManager/IntermediateBuildFilesPath/ExplicitPrecompiledModules/sys_select-4D1ECFRW1V5V3DTR8PH163U3E.scan
    cd /Users/runner/work/Album_Manager/Album_Manager/Pods
    builtin-precompileModule /Users/runner/Library/Developer/Xcode/DerivedData/AlbumManager-dmxhwzoxvsfmtkahqmfxhtjpefxd/Build/Intermediates.noindex/ArchiveIntermediates/AlbumManager/IntermediateBuildFilesPath/ExplicitPrecompiledModules/sys_select-4D1ECFRW1V5V3DTR8PH163U3E.scan

PrecompileModule /Users/runner/Library/Developer/Xcode/DerivedData/AlbumManager-dmxhwzoxvsfmtkahqmfxhtjpefxd/Build/Intermediates.noindex/ArchiveIntermediates/AlbumManager/IntermediateBuildFilesPath/ExplicitPrecompiledModules/_stdlib-7EHZ6XVN2JSY2QROA7K8B1DR6.scan
    cd /Users/runner/work/Album_Manager/Album_Manager/Pods
    builtin-precompileModule /Users/runner/Library/Developer/Xcode/DerivedData/AlbumManager-dmxhwzoxvsfmtkahqmfxhtjpefxd/Build/Intermediates.noindex/ArchiveIntermediates/AlbumManager/IntermediateBuildFilesPath/ExplicitPrecompiledModules/_stdlib-7EHZ6XVN2JSY2QROA7K8B1DR6.scan

PrecompileModule /Users/runner/Library/Developer/Xcode/DerivedData/AlbumManager-dmxhwzoxvsfmtkahqmfxhtjpefxd/Build/Intermediates.noindex/ArchiveIntermediates/AlbumManager/IntermediateBuildFilesPath/ExplicitPrecompiledModules/unistd-6VDT5WLGHW0TUX4HHHXZXQBQG.scan
    cd /Users/runner/work/Album_Manager/Album_Manager/Pods
    builtin-precompileModule /Users/runner/Library/Developer/Xcode/DerivedData/AlbumManager-dmxhwzoxvsfmtkahqmfxhtjpefxd/Build/Intermediates.noindex/ArchiveIntermediates/AlbumManager/IntermediateBuildFilesPath/ExplicitPrecompiledModules/unistd-6VDT5WLGHW0TUX4HHHXZXQBQG.scan

PrecompileModule /Users/runner/Library/Developer/Xcode/DerivedData/AlbumManager-dmxhwzoxvsfmtkahqmfxhtjpefxd/Build/Intermediates.noindex/ArchiveIntermediates/AlbumManager/IntermediateBuildFilesPath/ExplicitPrecompiledModules/Darwin-59E06A59IUTYVE6OLW6JMAS2R.scan
    cd /Users/runner/work/Album_Manager/Album_Manager/Pods
    builtin-precompileModule /Users/runner/Library/Developer/Xcode/DerivedData/AlbumManager-dmxhwzoxvsfmtkahqmfxhtjpefxd/Build/Intermediates.noindex/ArchiveIntermediates/AlbumManager/IntermediateBuildFilesPath/ExplicitPrecompiledModules/Darwin-59E06A59IUTYVE6OLW6JMAS2R.scan

PrecompileModule /Users/runner/Library/Developer/Xcode/DerivedData/AlbumManager-dmxhwzoxvsfmtkahqmfxhtjpefxd/Build/Intermediates.noindex/ArchiveIntermediates/AlbumManager/IntermediateBuildFilesPath/ExplicitPrecompiledModules/ObjectiveC-10R91MBUUDEEDMFH5HNK0WI95.scan
    cd /Users/runner/work/Album_Manager/Album_Manager/Pods
    builtin-precompileModule /Users/runner/Library/Developer/Xcode/DerivedData/AlbumManager-dmxhwzoxvsfmtkahqmfxhtjpefxd/Build/Intermediates.noindex/ArchiveIntermediates/AlbumManager/IntermediateBuildFilesPath/ExplicitPrecompiledModules/ObjectiveC-10R91MBUUDEEDMFH5HNK0WI95.scan

PrecompileModule /Users/runner/Library/Developer/Xcode/DerivedData/AlbumManager-dmxhwzoxvsfmtkahqmfxhtjpefxd/Build/Intermediates.noindex/ArchiveIntermediates/AlbumManager/IntermediateBuildFilesPath/ExplicitPrecompiledModules/os_object-3NGJRK35P9UPL3A3DWBHBJNBH.scan
    cd /Users/runner/work/Album_Manager/Album_Manager/Pods
    builtin-precompileModule /Users/runner/Library/Developer/Xcode/DerivedData/AlbumManager-dmxhwzoxvsfmtkahqmfxhtjpefxd/Build/Intermediates.noindex/ArchiveIntermediates/AlbumManager/IntermediateBuildFilesPath/ExplicitPrecompiledModules/os_object-3NGJRK35P9UPL3A3DWBHBJNBH.scan

PrecompileModule /Users/runner/Library/Developer/Xcode/DerivedData/AlbumManager-dmxhwzoxvsfmtkahqmfxhtjpefxd/Build/Intermediates.noindex/ArchiveIntermediates/AlbumManager/IntermediateBuildFilesPath/ExplicitPrecompiledModules/os_workgroup-8AJ2253UXWY18O4CMAPPQVZGX.scan
    cd /Users/runner/work/Album_Manager/Album_Manager/Pods
    builtin-precompileModule /Users/runner/Library/Developer/Xcode/DerivedData/AlbumManager-dmxhwzoxvsfmtkahqmfxhtjpefxd/Build/Intermediates.noindex/ArchiveIntermediates/AlbumManager/IntermediateBuildFilesPath/ExplicitPrecompiledModules/os_workgroup-8AJ2253UXWY18O4CMAPPQVZGX.scan

PrecompileModule /Users/runner/Library/Developer/Xcode/DerivedData/AlbumManager-dmxhwzoxvsfmtkahqmfxhtjpefxd/Build/Intermediates.noindex/ArchiveIntermediates/AlbumManager/IntermediateBuildFilesPath/ExplicitPrecompiledModules/Dispatch-F45UAJ018IBYLWMY2C3CCSMMQ.scan
    cd /Users/runner/work/Album_Manager/Album_Manager/Pods
    builtin-precompileModule /Users/runner/Library/Developer/Xcode/DerivedData/AlbumManager-dmxhwzoxvsfmtkahqmfxhtjpefxd/Build/Intermediates.noindex/ArchiveIntermediates/AlbumManager/IntermediateBuildFilesPath/ExplicitPrecompiledModules/Dispatch-F45UAJ018IBYLWMY2C3CCSMMQ.scan

PrecompileModule /Users/runner/Library/Developer/Xcode/DerivedData/AlbumManager-dmxhwzoxvsfmtkahqmfxhtjpefxd/Build/Intermediates.noindex/ArchiveIntermediates/AlbumManager/IntermediateBuildFilesPath/ExplicitPrecompiledModules/ObjectiveC-756V0O7ZGZHT4PCTV6D0OQ9M.scan
    cd /Users/runner/work/Album_Manager/Album_Manager/Pods
    builtin-precompileModule /Users/runner/Library/Developer/Xcode/DerivedData/AlbumManager-dmxhwzoxvsfmtkahqmfxhtjpefxd/Build/Intermediates.noindex/ArchiveIntermediates/AlbumManager/IntermediateBuildFilesPath/ExplicitPrecompiledModules/ObjectiveC-756V0O7ZGZHT4PCTV6D0OQ9M.scan

PrecompileModule /Users/runner/Library/Developer/Xcode/DerivedData/AlbumManager-dmxhwzoxvsfmtkahqmfxhtjpefxd/Build/Intermediates.noindex/ArchiveIntermediates/AlbumManager/IntermediateBuildFilesPath/ExplicitPrecompiledModules/CoreFoundation-5YA7LSYI4FQKZU076D7VA80BE.scan
    cd /Users/runner/work/Album_Manager/Album_Manager/Pods
    builtin-precompileModule /Users/runner/Library/Developer/Xcode/DerivedData/AlbumManager-dmxhwzoxvsfmtkahqmfxhtjpefxd/Build/Intermediates.noindex/ArchiveIntermediates/AlbumManager/IntermediateBuildFilesPath/ExplicitPrecompiledModules/CoreFoundation-5YA7LSYI4FQKZU076D7VA80BE.scan

PrecompileModule /Users/runner/Library/Developer/Xcode/DerivedData/AlbumManager-dmxhwzoxvsfmtkahqmfxhtjpefxd/Build/Intermediates.noindex/ArchiveIntermediates/AlbumManager/IntermediateBuildFilesPath/ExplicitPrecompiledModules/XPC-HTXCG6EIS7HZCRNYCLDUEQJ0.scan
    cd /Users/runner/work/Album_Manager/Album_Manager/Pods
    builtin-precompileModule /Users/runner/Library/Developer/Xcode/DerivedData/AlbumManager-dmxhwzoxvsfmtkahqmfxhtjpefxd/Build/Intermediates.noindex/ArchiveIntermediates/AlbumManager/IntermediateBuildFilesPath/ExplicitPrecompiledModules/XPC-HTXCG6EIS7HZCRNYCLDUEQJ0.scan

PrecompileModule /Users/runner/Library/Developer/Xcode/DerivedData/AlbumManager-dmxhwzoxvsfmtkahqmfxhtjpefxd/Build/Intermediates.noindex/ArchiveIntermediates/AlbumManager/IntermediateBuildFilesPath/ExplicitPrecompiledModules/os_object-403YWBMYXVYTPMFISFHFW85YT.scan
    cd /Users/runner/work/Album_Manager/Album_Manager/Pods
    builtin-precompileModule /Users/runner/Library/Developer/Xcode/DerivedData/AlbumManager-dmxhwzoxvsfmtkahqmfxhtjpefxd/Build/Intermediates.noindex/ArchiveIntermediates/AlbumManager/IntermediateBuildFilesPath/ExplicitPrecompiledModules/os_object-403YWBMYXVYTPMFISFHFW85YT.scan

PrecompileModule /Users/runner/Library/Developer/Xcode/DerivedData/AlbumManager-dmxhwzoxvsfmtkahqmfxhtjpefxd/Build/Intermediates.noindex/ArchiveIntermediates/AlbumManager/IntermediateBuildFilesPath/ExplicitPrecompiledModules/os_workgroup-8RPOY3X97BC1SCZI764IBCATQ.scan
    cd /Users/runner/work/Album_Manager/Album_Manager/Pods
    builtin-precompileModule /Users/runner/Library/Developer/Xcode/DerivedData/AlbumManager-dmxhwzoxvsfmtkahqmfxhtjpefxd/Build/Intermediates.noindex/ArchiveIntermediates/AlbumManager/IntermediateBuildFilesPath/ExplicitPrecompiledModules/os_workgroup-8RPOY3X97BC1SCZI764IBCATQ.scan

PrecompileModule /Users/runner/Library/Developer/Xcode/DerivedData/AlbumManager-dmxhwzoxvsfmtkahqmfxhtjpefxd/Build/Intermediates.noindex/ArchiveIntermediates/AlbumManager/IntermediateBuildFilesPath/ExplicitPrecompiledModules/Dispatch-5GFVAJ0J36CQUE9KTLDB6IYOR.scan
    cd /Users/runner/work/Album_Manager/Album_Manager/Pods
    builtin-precompileModule /Users/runner/Library/Developer/Xcode/DerivedData/AlbumManager-dmxhwzoxvsfmtkahqmfxhtjpefxd/Build/Intermediates.noindex/ArchiveIntermediates/AlbumManager/IntermediateBuildFilesPath/ExplicitPrecompiledModules/Dispatch-5GFVAJ0J36CQUE9KTLDB6IYOR.scan

PrecompileModule /Users/runner/Library/Developer/Xcode/DerivedData/AlbumManager-dmxhwzoxvsfmtkahqmfxhtjpefxd/Build/Intermediates.noindex/ArchiveIntermediates/AlbumManager/IntermediateBuildFilesPath/ExplicitPrecompiledModules/CFNetwork-ADGN0E68SN2ZMQR2QBEYCGXCI.scan
    cd /Users/runner/work/Album_Manager/Album_Manager/Pods
    builtin-precompileModule /Users/runner/Library/Developer/Xcode/DerivedData/AlbumManager-dmxhwzoxvsfmtkahqmfxhtjpefxd/Build/Intermediates.noindex/ArchiveIntermediates/AlbumManager/IntermediateBuildFilesPath/ExplicitPrecompiledModules/CFNetwork-ADGN0E68SN2ZMQR2QBEYCGXCI.scan

PrecompileModule /Users/runner/Library/Developer/Xcode/DerivedData/AlbumManager-dmxhwzoxvsfmtkahqmfxhtjpefxd/Build/Intermediates.noindex/ArchiveIntermediates/AlbumManager/IntermediateBuildFilesPath/ExplicitPrecompiledModules/Security-2F67TOGNB7F56FF104P4LFDMD.scan
    cd /Users/runner/work/Album_Manager/Album_Manager/Pods
    builtin-precompileModule /Users/runner/Library/Developer/Xcode/DerivedData/AlbumManager-dmxhwzoxvsfmtkahqmfxhtjpefxd/Build/Intermediates.noindex/ArchiveIntermediates/AlbumManager/IntermediateBuildFilesPath/ExplicitPrecompiledModules/Security-2F67TOGNB7F56FF104P4LFDMD.scan

PrecompileModule /Users/runner/Library/Developer/Xcode/DerivedData/AlbumManager-dmxhwzoxvsfmtkahqmfxhtjpefxd/Build/Intermediates.noindex/ArchiveIntermediates/AlbumManager/IntermediateBuildFilesPath/ExplicitPrecompiledModules/XPC-7ZK6VQN6ZMQFAIWX4QS9FZ60B.scan
    cd /Users/runner/work/Album_Manager/Album_Manager/Pods
    builtin-precompileModule /Users/runner/Library/Developer/Xcode/DerivedData/AlbumManager-dmxhwzoxvsfmtkahqmfxhtjpefxd/Build/Intermediates.noindex/ArchiveIntermediates/AlbumManager/IntermediateBuildFilesPath/ExplicitPrecompiledModules/XPC-7ZK6VQN6ZMQFAIWX4QS9FZ60B.scan

PrecompileModule /Users/runner/Library/Developer/Xcode/DerivedData/AlbumManager-dmxhwzoxvsfmtkahqmfxhtjpefxd/Build/Intermediates.noindex/ArchiveIntermediates/AlbumManager/IntermediateBuildFilesPath/ExplicitPrecompiledModules/CoreFoundation-E97O1Y8FICQI5BD0R5IOL1WFZ.scan
    cd /Users/runner/work/Album_Manager/Album_Manager/Pods
    builtin-precompileModule /Users/runner/Library/Developer/Xcode/DerivedData/AlbumManager-dmxhwzoxvsfmtkahqmfxhtjpefxd/Build/Intermediates.noindex/ArchiveIntermediates/AlbumManager/IntermediateBuildFilesPath/ExplicitPrecompiledModules/CoreFoundation-E97O1Y8FICQI5BD0R5IOL1WFZ.scan

PrecompileModule /Users/runner/Library/Developer/Xcode/DerivedData/AlbumManager-dmxhwzoxvsfmtkahqmfxhtjpefxd/Build/Intermediates.noindex/ArchiveIntermediates/AlbumManager/IntermediateBuildFilesPath/ExplicitPrecompiledModules/Foundation-8ZNNY7I43XC8HMF9205XFVM0M.scan
    cd /Users/runner/work/Album_Manager/Album_Manager/Pods
    builtin-precompileModule /Users/runner/Library/Developer/Xcode/DerivedData/AlbumManager-dmxhwzoxvsfmtkahqmfxhtjpefxd/Build/Intermediates.noindex/ArchiveIntermediates/AlbumManager/IntermediateBuildFilesPath/ExplicitPrecompiledModules/Foundation-8ZNNY7I43XC8HMF9205XFVM0M.scan

PrecompileModule /Users/runner/Library/Developer/Xcode/DerivedData/AlbumManager-dmxhwzoxvsfmtkahqmfxhtjpefxd/Build/Intermediates.noindex/ArchiveIntermediates/AlbumManager/IntermediateBuildFilesPath/ExplicitPrecompiledModules/CFNetwork-EZ71PDPQA3KY831ZSM6RMXI55.scan
    cd /Users/runner/work/Album_Manager/Album_Manager/Pods
    builtin-precompileModule /Users/runner/Library/Developer/Xcode/DerivedData/AlbumManager-dmxhwzoxvsfmtkahqmfxhtjpefxd/Build/Intermediates.noindex/ArchiveIntermediates/AlbumManager/IntermediateBuildFilesPath/ExplicitPrecompiledModules/CFNetwork-EZ71PDPQA3KY831ZSM6RMXI55.scan

PrecompileModule /Users/runner/Library/Developer/Xcode/DerivedData/AlbumManager-dmxhwzoxvsfmtkahqmfxhtjpefxd/Build/Intermediates.noindex/ArchiveIntermediates/AlbumManager/IntermediateBuildFilesPath/ExplicitPrecompiledModules/CoreGraphics-8OKQ5MJV81W5Z163350AT5O02.scan
    cd /Users/runner/work/Album_Manager/Album_Manager/Pods
    builtin-precompileModule /Users/runner/Library/Developer/Xcode/DerivedData/AlbumManager-dmxhwzoxvsfmtkahqmfxhtjpefxd/Build/Intermediates.noindex/ArchiveIntermediates/AlbumManager/IntermediateBuildFilesPath/ExplicitPrecompiledModules/CoreGraphics-8OKQ5MJV81W5Z163350AT5O02.scan

PrecompileModule /Users/runner/Library/Developer/Xcode/DerivedData/AlbumManager-dmxhwzoxvsfmtkahqmfxhtjpefxd/Build/Intermediates.noindex/ArchiveIntermediates/AlbumManager/IntermediateBuildFilesPath/ExplicitPrecompiledModules/Security-BL27XLT7W1I231PULAT5PB96F.scan
    cd /Users/runner/work/Album_Manager/Album_Manager/Pods
    builtin-precompileModule /Users/runner/Library/Developer/Xcode/DerivedData/AlbumManager-dmxhwzoxvsfmtkahqmfxhtjpefxd/Build/Intermediates.noindex/ArchiveIntermediates/AlbumManager/IntermediateBuildFilesPath/ExplicitPrecompiledModules/Security-BL27XLT7W1I231PULAT5PB96F.scan

PrecompileModule /Users/runner/Library/Developer/Xcode/DerivedData/AlbumManager-dmxhwzoxvsfmtkahqmfxhtjpefxd/Build/Intermediates.noindex/ArchiveIntermediates/AlbumManager/IntermediateBuildFilesPath/ExplicitPrecompiledModules/ImageIO-41WUN7YFS5HC9W0MR0JI1Y7R3.scan
    cd /Users/runner/work/Album_Manager/Album_Manager/Pods
    builtin-precompileModule /Users/runner/Library/Developer/Xcode/DerivedData/AlbumManager-dmxhwzoxvsfmtkahqmfxhtjpefxd/Build/Intermediates.noindex/ArchiveIntermediates/AlbumManager/IntermediateBuildFilesPath/ExplicitPrecompiledModules/ImageIO-41WUN7YFS5HC9W0MR0JI1Y7R3.scan

PrecompileModule /Users/runner/Library/Developer/Xcode/DerivedData/AlbumManager-dmxhwzoxvsfmtkahqmfxhtjpefxd/Build/Intermediates.noindex/ArchiveIntermediates/AlbumManager/IntermediateBuildFilesPath/ExplicitPrecompiledModules/CoreText-LKB0CVRGC39GDF4XQV9N1MK8.scan
    cd /Users/runner/work/Album_Manager/Album_Manager/Pods
    builtin-precompileModule /Users/runner/Library/Developer/Xcode/DerivedData/AlbumManager-dmxhwzoxvsfmtkahqmfxhtjpefxd/Build/Intermediates.noindex/ArchiveIntermediates/AlbumManager/IntermediateBuildFilesPath/ExplicitPrecompiledModules/CoreText-LKB0CVRGC39GDF4XQV9N1MK8.scan

PrecompileModule /Users/runner/Library/Developer/Xcode/DerivedData/AlbumManager-dmxhwzoxvsfmtkahqmfxhtjpefxd/Build/Intermediates.noindex/ArchiveIntermediates/AlbumManager/IntermediateBuildFilesPath/ExplicitPrecompiledModules/Foundation-DFF9C368WZ6HTU4HHDD8OBJ1I.scan
    cd /Users/runner/work/Album_Manager/Album_Manager/Pods
    builtin-precompileModule /Users/runner/Library/Developer/Xcode/DerivedData/AlbumManager-dmxhwzoxvsfmtkahqmfxhtjpefxd/Build/Intermediates.noindex/ArchiveIntermediates/AlbumManager/IntermediateBuildFilesPath/ExplicitPrecompiledModules/Foundation-DFF9C368WZ6HTU4HHDD8OBJ1I.scan

CompileC /Users/runner/Library/Developer/Xcode/DerivedData/AlbumManager-dmxhwzoxvsfmtkahqmfxhtjpefxd/Build/Intermediates.noindex/ArchiveIntermediates/AlbumManager/IntermediateBuildFilesPath/Pods.build/Release-iphoneos/Pods-AlbumManager.build/Objects-normal/arm64/Pods-AlbumManager-dummy.o /Users/runner/work/Album_Manager/Album_Manager/Pods/Target\ Support\ Files/Pods-AlbumManager/Pods-AlbumManager-dummy.m normal arm64 objective-c com.apple.compilers.llvm.clang.1_0.compiler (in target 'Pods-AlbumManager' from project 'Pods')
    cd /Users/runner/work/Album_Manager/Album_Manager/Pods
    
    Using response file: /Users/runner/Library/Developer/Xcode/DerivedData/AlbumManager-dmxhwzoxvsfmtkahqmfxhtjpefxd/Build/Intermediates.noindex/ArchiveIntermediates/AlbumManager/IntermediateBuildFilesPath/Pods.build/Release-iphoneos/Pods-AlbumManager.build/Objects-normal/arm64/e6072d4f65d7061329687fe24e3d63a7-common-args.resp
    
    /Applications/Xcode_16.4.app/Contents/Developer/Toolchains/XcodeDefault.xctoolchain/usr/bin/clang -x objective-c -ivfsstatcache /Users/runner/Library/Developer/Xcode/DerivedData/SDKStatCaches.noindex/iphoneos18.5-22F76-a529daf784b3616c7c04a36aeb7f5c05.sdkstatcache -fmessage-length\=0 -fdiagnostics-show-note-include-stack -fmacro-backtrace-limit\=0 -fno-color-diagnostics -fmodules-prune-interval\=86400 -fmodules-prune-after\=345600 -fbuild-session-file\=/Users/runner/Library/Developer/Xcode/DerivedData/ModuleCache.noindex/Session.modulevalidation -fmodules-validate-once-per-build-session -Wnon-modular-include-in-framework-module -Werror\=non-modular-include-in-framework-module -Wno-trigraphs -Wno-missing-field-initializers -Wno-missing-prototypes -Werror\=return-type -Wdocumentation -Wunreachable-code -Wno-implicit-atomic-properties -Werror\=deprecated-objc-isa-usage -Wno-objc-interface-ivars -Werror\=objc-root-class -Wno-arc-repeated-use-of-weak -Wimplicit-retain-self -Wduplicate-method-match -Wno-missing-braces -Wparentheses -Wswitch -Wunused-function -Wno-unused-label -Wno-unused-parameter -Wunused-variable -Wunused-value -Wempty-body -Wuninitialized -Wconditional-uninitialized -Wno-unknown-pragmas -Wno-shadow -Wno-four-char-constants -Wno-conversion -Wconstant-conversion -Wint-conversion -Wbool-conversion -Wenum-conversion -Wno-float-conversion -Wnon-literal-null-conversion -Wobjc-literal-conversion -Wshorten-64-to-32 -Wpointer-sign -Wno-newline-eof -Wno-selector -Wno-strict-selector-match -Wundeclared-selector -Wdeprecated-implementations -Wno-implicit-fallthrough -fstrict-aliasing -Wprotocol -Wdeprecated-declarations -Wno-sign-conversion -Winfinite-recursion -Wcomma -Wblock-capture-autoreleasing -Wstrict-prototypes -Wno-semicolon-before-method-body -Wunguarded-availability @/Users/runner/Library/Developer/Xcode/DerivedData/AlbumManager-dmxhwzoxvsfmtkahqmfxhtjpefxd/Build/Intermediates.noindex/ArchiveIntermediates/AlbumManager/IntermediateBuildFilesPath/Pods.build/Release-iphoneos/Pods-AlbumManager.build/Objects-normal/arm64/e6072d4f65d7061329687fe24e3d63a7-common-args.resp -MMD -MT dependencies -MF /Users/runner/Library/Developer/Xcode/DerivedData/AlbumManager-dmxhwzoxvsfmtkahqmfxhtjpefxd/Build/Intermediates.noindex/ArchiveIntermediates/AlbumManager/IntermediateBuildFilesPath/Pods.build/Release-iphoneos/Pods-AlbumManager.build/Objects-normal/arm64/Pods-AlbumManager-dummy.d --serialize-diagnostics /Users/runner/Library/Developer/Xcode/DerivedData/AlbumManager-dmxhwzoxvsfmtkahqmfxhtjpefxd/Build/Intermediates.noindex/ArchiveIntermediates/AlbumManager/IntermediateBuildFilesPath/Pods.build/Release-iphoneos/Pods-AlbumManager.build/Objects-normal/arm64/Pods-AlbumManager-dummy.dia -c /Users/runner/work/Album_Manager/Album_Manager/Pods/Target\ Support\ Files/Pods-AlbumManager/Pods-AlbumManager-dummy.m -o /Users/runner/Library/Developer/Xcode/DerivedData/AlbumManager-dmxhwzoxvsfmtkahqmfxhtjpefxd/Build/Intermediates.noindex/ArchiveIntermediates/AlbumManager/IntermediateBuildFilesPath/Pods.build/Release-iphoneos/Pods-AlbumManager.build/Objects-normal/arm64/Pods-AlbumManager-dummy.o

PrecompileModule /Users/runner/Library/Developer/Xcode/DerivedData/AlbumManager-dmxhwzoxvsfmtkahqmfxhtjpefxd/Build/Intermediates.noindex/ArchiveIntermediates/AlbumManager/IntermediateBuildFilesPath/ExplicitPrecompiledModules/FileProvider-ATVKMQU7JA16U7T1W4PWYQGW8.scan
    cd /Users/runner/work/Album_Manager/Album_Manager/Pods
    builtin-precompileModule /Users/runner/Library/Developer/Xcode/DerivedData/AlbumManager-dmxhwzoxvsfmtkahqmfxhtjpefxd/Build/Intermediates.noindex/ArchiveIntermediates/AlbumManager/IntermediateBuildFilesPath/ExplicitPrecompiledModules/FileProvider-ATVKMQU7JA16U7T1W4PWYQGW8.scan

PrecompileModule /Users/runner/Library/Developer/Xcode/DerivedData/AlbumManager-dmxhwzoxvsfmtkahqmfxhtjpefxd/Build/Intermediates.noindex/ArchiveIntermediates/AlbumManager/IntermediateBuildFilesPath/ExplicitPrecompiledModules/IOSurface-13ZABJ8UI64UUJIQLGOPZLGUI.scan
    cd /Users/runner/work/Album_Manager/Album_Manager/Pods
    builtin-precompileModule /Users/runner/Library/Developer/Xcode/DerivedData/AlbumManager-dmxhwzoxvsfmtkahqmfxhtjpefxd/Build/Intermediates.noindex/ArchiveIntermediates/AlbumManager/IntermediateBuildFilesPath/ExplicitPrecompiledModules/IOSurface-13ZABJ8UI64UUJIQLGOPZLGUI.scan

PrecompileModule /Users/runner/Library/Developer/Xcode/DerivedData/AlbumManager-dmxhwzoxvsfmtkahqmfxhtjpefxd/Build/Intermediates.noindex/ArchiveIntermediates/AlbumManager/IntermediateBuildFilesPath/ExplicitPrecompiledModules/Symbols-38S7FQ5EWLUY9ITBLC40IDKML.scan
    cd /Users/runner/work/Album_Manager/Album_Manager/Pods
    builtin-precompileModule /Users/runner/Library/Developer/Xcode/DerivedData/AlbumManager-dmxhwzoxvsfmtkahqmfxhtjpefxd/Build/Intermediates.noindex/ArchiveIntermediates/AlbumManager/IntermediateBuildFilesPath/ExplicitPrecompiledModules/Symbols-38S7FQ5EWLUY9ITBLC40IDKML.scan

PrecompileModule /Users/runner/Library/Developer/Xcode/DerivedData/AlbumManager-dmxhwzoxvsfmtkahqmfxhtjpefxd/Build/Intermediates.noindex/ArchiveIntermediates/AlbumManager/IntermediateBuildFilesPath/ExplicitPrecompiledModules/UserNotifications-A8KHXBH5A6ZEWXZYBGHEMU9Z5.scan
    cd /Users/runner/work/Album_Manager/Album_Manager/Pods
    builtin-precompileModule /Users/runner/Library/Developer/Xcode/DerivedData/AlbumManager-dmxhwzoxvsfmtkahqmfxhtjpefxd/Build/Intermediates.noindex/ArchiveIntermediates/AlbumManager/IntermediateBuildFilesPath/ExplicitPrecompiledModules/UserNotifications-A8KHXBH5A6ZEWXZYBGHEMU9Z5.scan

PrecompileModule /Users/runner/Library/Developer/Xcode/DerivedData/AlbumManager-dmxhwzoxvsfmtkahqmfxhtjpefxd/Build/Intermediates.noindex/ArchiveIntermediates/AlbumManager/IntermediateBuildFilesPath/ExplicitPrecompiledModules/Metal-7D30J2TX0VVZZ41BM5YNH1FYR.scan
    cd /Users/runner/work/Album_Manager/Album_Manager/Pods
    builtin-precompileModule /Users/runner/Library/Developer/Xcode/DerivedData/AlbumManager-dmxhwzoxvsfmtkahqmfxhtjpefxd/Build/Intermediates.noindex/ArchiveIntermediates/AlbumManager/IntermediateBuildFilesPath/ExplicitPrecompiledModules/Metal-7D30J2TX0VVZZ41BM5YNH1FYR.scan

PrecompileModule /Users/runner/Library/Developer/Xcode/DerivedData/AlbumManager-dmxhwzoxvsfmtkahqmfxhtjpefxd/Build/Intermediates.noindex/ArchiveIntermediates/AlbumManager/IntermediateBuildFilesPath/ExplicitPrecompiledModules/OpenGLES-ISN6PBOL3Z8BCPS1PUR91O5S.scan
    cd /Users/runner/work/Album_Manager/Album_Manager/Pods
    builtin-precompileModule /Users/runner/Library/Developer/Xcode/DerivedData/AlbumManager-dmxhwzoxvsfmtkahqmfxhtjpefxd/Build/Intermediates.noindex/ArchiveIntermediates/AlbumManager/IntermediateBuildFilesPath/ExplicitPrecompiledModules/OpenGLES-ISN6PBOL3Z8BCPS1PUR91O5S.scan

PrecompileModule /Users/runner/Library/Developer/Xcode/DerivedData/AlbumManager-dmxhwzoxvsfmtkahqmfxhtjpefxd/Build/Intermediates.noindex/ArchiveIntermediates/AlbumManager/IntermediateBuildFilesPath/ExplicitPrecompiledModules/CoreVideo-A8J02F6IY274CYMZQQITXLNXE.scan
    cd /Users/runner/work/Album_Manager/Album_Manager/Pods
    builtin-precompileModule /Users/runner/Library/Developer/Xcode/DerivedData/AlbumManager-dmxhwzoxvsfmtkahqmfxhtjpefxd/Build/Intermediates.noindex/ArchiveIntermediates/AlbumManager/IntermediateBuildFilesPath/ExplicitPrecompiledModules/CoreVideo-A8J02F6IY274CYMZQQITXLNXE.scan

PrecompileModule /Users/runner/Library/Developer/Xcode/DerivedData/AlbumManager-dmxhwzoxvsfmtkahqmfxhtjpefxd/Build/Intermediates.noindex/ArchiveIntermediates/AlbumManager/IntermediateBuildFilesPath/ExplicitPrecompiledModules/QuartzCore-8Q4OGV4P9LR4P9EJH6TXHG4X9.scan
    cd /Users/runner/work/Album_Manager/Album_Manager/Pods
    builtin-precompileModule /Users/runner/Library/Developer/Xcode/DerivedData/AlbumManager-dmxhwzoxvsfmtkahqmfxhtjpefxd/Build/Intermediates.noindex/ArchiveIntermediates/AlbumManager/IntermediateBuildFilesPath/ExplicitPrecompiledModules/QuartzCore-8Q4OGV4P9LR4P9EJH6TXHG4X9.scan

PrecompileModule /Users/runner/Library/Developer/Xcode/DerivedData/AlbumManager-dmxhwzoxvsfmtkahqmfxhtjpefxd/Build/Intermediates.noindex/ArchiveIntermediates/AlbumManager/IntermediateBuildFilesPath/ExplicitPrecompiledModules/CoreImage-953O0SCWDVW38ZCJDVVOQRRKH.scan
    cd /Users/runner/work/Album_Manager/Album_Manager/Pods
    builtin-precompileModule /Users/runner/Library/Developer/Xcode/DerivedData/AlbumManager-dmxhwzoxvsfmtkahqmfxhtjpefxd/Build/Intermediates.noindex/ArchiveIntermediates/AlbumManager/IntermediateBuildFilesPath/ExplicitPrecompiledModules/CoreImage-953O0SCWDVW38ZCJDVVOQRRKH.scan

PrecompileModule /Users/runner/Library/Developer/Xcode/DerivedData/AlbumManager-dmxhwzoxvsfmtkahqmfxhtjpefxd/Build/Intermediates.noindex/ArchiveIntermediates/AlbumManager/IntermediateBuildFilesPath/ExplicitPrecompiledModules/UIKit-BVEEJREGHDTGT67FJYA2MBYS3.scan
    cd /Users/runner/work/Album_Manager/Album_Manager/Pods
    builtin-precompileModule /Users/runner/Library/Developer/Xcode/DerivedData/AlbumManager-dmxhwzoxvsfmtkahqmfxhtjpefxd/Build/Intermediates.noindex/ArchiveIntermediates/AlbumManager/IntermediateBuildFilesPath/ExplicitPrecompiledModules/UIKit-BVEEJREGHDTGT67FJYA2MBYS3.scan

CompileC /Users/runner/Library/Developer/Xcode/DerivedData/AlbumManager-dmxhwzoxvsfmtkahqmfxhtjpefxd/Build/Intermediates.noindex/ArchiveIntermediates/AlbumManager/IntermediateBuildFilesPath/Pods.build/Release-iphoneos/WYYKit.build/Objects-normal/arm64/WYYKit-dummy.o /Users/runner/work/Album_Manager/Album_Manager/Pods/Target\ Support\ Files/WYYKit/WYYKit-dummy.m normal arm64 objective-c com.apple.compilers.llvm.clang.1_0.compiler (in target 'WYYKit' from project 'Pods')
    cd /Users/runner/work/Album_Manager/Album_Manager/Pods
    
    Using response file: /Users/runner/Library/Developer/Xcode/DerivedData/AlbumManager-dmxhwzoxvsfmtkahqmfxhtjpefxd/Build/Intermediates.noindex/ArchiveIntermediates/AlbumManager/IntermediateBuildFilesPath/Pods.build/Release-iphoneos/WYYKit.build/Objects-normal/arm64/e6072d4f65d7061329687fe24e3d63a7-common-args.resp
    
    /Applications/Xcode_16.4.app/Contents/Developer/Toolchains/XcodeDefault.xctoolchain/usr/bin/clang -x objective-c -ivfsstatcache /Users/runner/Library/Developer/Xcode/DerivedData/SDKStatCaches.noindex/iphoneos18.5-22F76-a529daf784b3616c7c04a36aeb7f5c05.sdkstatcache -fmessage-length\=0 -fdiagnostics-show-note-include-stack -fmacro-backtrace-limit\=0 -fno-color-diagnostics -fmodules-prune-interval\=86400 -fmodules-prune-after\=345600 -fbuild-session-file\=/Users/runner/Library/Developer/Xcode/DerivedData/ModuleCache.noindex/Session.modulevalidation -fmodules-validate-once-per-build-session -Wnon-modular-include-in-framework-module -Werror\=non-modular-include-in-framework-module -Wno-trigraphs -Wno-missing-field-initializers -Wno-missing-prototypes -Werror\=return-type -Wdocumentation -Wunreachable-code -Wno-implicit-atomic-properties -Werror\=deprecated-objc-isa-usage -Wno-objc-interface-ivars -Werror\=objc-root-class -Wno-arc-repeated-use-of-weak -Wimplicit-retain-self -Wduplicate-method-match -Wno-missing-braces -Wparentheses -Wswitch -Wunused-function -Wno-unused-label -Wno-unused-parameter -Wunused-variable -Wunused-value -Wempty-body -Wuninitialized -Wconditional-uninitialized -Wno-unknown-pragmas -Wno-shadow -Wno-four-char-constants -Wno-conversion -Wconstant-conversion -Wint-conversion -Wbool-conversion -Wenum-conversion -Wno-float-conversion -Wnon-literal-null-conversion -Wobjc-literal-conversion -Wshorten-64-to-32 -Wpointer-sign -Wno-newline-eof -Wno-selector -Wno-strict-selector-match -Wundeclared-selector -Wdeprecated-implementations -Wno-implicit-fallthrough -fstrict-aliasing -Wprotocol -Wdeprecated-declarations -Wno-sign-conversion -Winfinite-recursion -Wcomma -Wblock-capture-autoreleasing -Wstrict-prototypes -Wno-semicolon-before-method-body -Wunguarded-availability @/Users/runner/Library/Developer/Xcode/DerivedData/AlbumManager-dmxhwzoxvsfmtkahqmfxhtjpefxd/Build/Intermediates.noindex/ArchiveIntermediates/AlbumManager/IntermediateBuildFilesPath/Pods.build/Release-iphoneos/WYYKit.build/Objects-normal/arm64/e6072d4f65d7061329687fe24e3d63a7-common-args.resp -include /Users/runner/work/Album_Manager/Album_Manager/Pods/Target\ Support\ Files/WYYKit/WYYKit-prefix.pch -MMD -MT dependencies -MF /Users/runner/Library/Developer/Xcode/DerivedData/AlbumManager-dmxhwzoxvsfmtkahqmfxhtjpefxd/Build/Intermediates.noindex/ArchiveIntermediates/AlbumManager/IntermediateBuildFilesPath/Pods.build/Release-iphoneos/WYYKit.build/Objects-normal/arm64/WYYKit-dummy.d --serialize-diagnostics /Users/runner/Library/Developer/Xcode/DerivedData/AlbumManager-dmxhwzoxvsfmtkahqmfxhtjpefxd/Build/Intermediates.noindex/ArchiveIntermediates/AlbumManager/IntermediateBuildFilesPath/Pods.build/Release-iphoneos/WYYKit.build/Objects-normal/arm64/WYYKit-dummy.dia -c /Users/runner/work/Album_Manager/Album_Manager/Pods/Target\ Support\ Files/WYYKit/WYYKit-dummy.m -o /Users/runner/Library/Developer/Xcode/DerivedData/AlbumManager-dmxhwzoxvsfmtkahqmfxhtjpefxd/Build/Intermediates.noindex/ArchiveIntermediates/AlbumManager/IntermediateBuildFilesPath/Pods.build/Release-iphoneos/WYYKit.build/Objects-normal/arm64/WYYKit-dummy.o

Libtool /Users/runner/Library/Developer/Xcode/DerivedData/AlbumManager-dmxhwzoxvsfmtkahqmfxhtjpefxd/Build/Intermediates.noindex/ArchiveIntermediates/AlbumManager/IntermediateBuildFilesPath/UninstalledProducts/iphoneos/WYYKit.framework/WYYKit normal (in target 'WYYKit' from project 'Pods')
    cd /Users/runner/work/Album_Manager/Album_Manager/Pods
    /Applications/Xcode_16.4.app/Contents/Developer/Toolchains/XcodeDefault.xctoolchain/usr/bin/libtool -static -arch_only arm64 -D -syslibroot /Applications/Xcode_16.4.app/Contents/Developer/Platforms/iPhoneOS.platform/Developer/SDKs/iPhoneOS18.5.sdk -L/Users/runner/Library/Developer/Xcode/DerivedData/AlbumManager-dmxhwzoxvsfmtkahqmfxhtjpefxd/Build/Intermediates.noindex/ArchiveIntermediates/AlbumManager/BuildProductsPath/Release-iphoneos/WYYKit -filelist /Users/runner/Library/Developer/Xcode/DerivedData/AlbumManager-dmxhwzoxvsfmtkahqmfxhtjpefxd/Build/Intermediates.noindex/ArchiveIntermediates/AlbumManager/IntermediateBuildFilesPath/Pods.build/Release-iphoneos/WYYKit.build/Objects-normal/arm64/WYYKit.LinkFileList -framework Foundation -dependency_info /Users/runner/Library/Developer/Xcode/DerivedData/AlbumManager-dmxhwzoxvsfmtkahqmfxhtjpefxd/Build/Intermediates.noindex/ArchiveIntermediates/AlbumManager/IntermediateBuildFilesPath/Pods.build/Release-iphoneos/WYYKit.build/Objects-normal/arm64/WYYKit_libtool_dependency_info.dat -o /Users/runner/Library/Developer/Xcode/DerivedData/AlbumManager-dmxhwzoxvsfmtkahqmfxhtjpefxd/Build/Intermediates.noindex/ArchiveIntermediates/AlbumManager/IntermediateBuildFilesPath/UninstalledProducts/iphoneos/WYYKit.framework/WYYKit

ExtractAppIntentsMetadata (in target 'WYYKit' from project 'Pods')
    cd /Users/runner/work/Album_Manager/Album_Manager/Pods
    /Applications/Xcode_16.4.app/Contents/Developer/Toolchains/XcodeDefault.xctoolchain/usr/bin/appintentsmetadataprocessor --toolchain-dir /Applications/Xcode_16.4.app/Contents/Developer/Toolchains/XcodeDefault.xctoolchain --module-name WYYKit --sdk-root /Applications/Xcode_16.4.app/Contents/Developer/Platforms/iPhoneOS.platform/Developer/SDKs/iPhoneOS18.5.sdk --xcode-version 16F6 --platform-family iOS --deployment-target 15.0 --bundle-identifier com.test.wyykit --output /Users/runner/Library/Developer/Xcode/DerivedData/AlbumManager-dmxhwzoxvsfmtkahqmfxhtjpefxd/Build/Intermediates.noindex/ArchiveIntermediates/AlbumManager/IntermediateBuildFilesPath/UninstalledProducts/iphoneos/WYYKit.appintents --target-triple arm64-apple-ios15.0 --binary-file /Users/runner/Library/Developer/Xcode/DerivedData/AlbumManager-dmxhwzoxvsfmtkahqmfxhtjpefxd/Build/Intermediates.noindex/ArchiveIntermediates/AlbumManager/IntermediateBuildFilesPath/UninstalledProducts/iphoneos/WYYKit.framework/WYYKit --dependency-file /Users/runner/Library/Developer/Xcode/DerivedData/AlbumManager-dmxhwzoxvsfmtkahqmfxhtjpefxd/Build/Intermediates.noindex/ArchiveIntermediates/AlbumManager/IntermediateBuildFilesPath/Pods.build/Release-iphoneos/WYYKit.build/Objects-normal/arm64/WYYKit_libtool_dependency_info.dat --stringsdata-file /Users/runner/Library/Developer/Xcode/DerivedData/AlbumManager-dmxhwzoxvsfmtkahqmfxhtjpefxd/Build/Intermediates.noindex/ArchiveIntermediates/AlbumManager/IntermediateBuildFilesPath/Pods.build/Release-iphoneos/WYYKit.build/Objects-normal/arm64/ExtractedAppShortcutsMetadata.stringsdata --source-file-list /Users/runner/Library/Developer/Xcode/DerivedData/AlbumManager-dmxhwzoxvsfmtkahqmfxhtjpefxd/Build/Intermediates.noindex/ArchiveIntermediates/AlbumManager/IntermediateBuildFilesPath/Pods.build/Release-iphoneos/WYYKit.build/Objects-normal/arm64/WYYKit.SwiftFileList --metadata-file-list /Users/runner/Library/Developer/Xcode/DerivedData/AlbumManager-dmxhwzoxvsfmtkahqmfxhtjpefxd/Build/Intermediates.noindex/ArchiveIntermediates/AlbumManager/IntermediateBuildFilesPath/Pods.build/Release-iphoneos/WYYKit.build/WYYKit.DependencyMetadataFileList --static-metadata-file-list /Users/runner/Library/Developer/Xcode/DerivedData/AlbumManager-dmxhwzoxvsfmtkahqmfxhtjpefxd/Build/Intermediates.noindex/ArchiveIntermediates/AlbumManager/IntermediateBuildFilesPath/Pods.build/Release-iphoneos/WYYKit.build/WYYKit.DependencyStaticMetadataFileList --swift-const-vals-list /Users/runner/Library/Developer/Xcode/DerivedData/AlbumManager-dmxhwzoxvsfmtkahqmfxhtjpefxd/Build/Intermediates.noindex/ArchiveIntermediates/AlbumManager/IntermediateBuildFilesPath/Pods.build/Release-iphoneos/WYYKit.build/Objects-normal/arm64/WYYKit.SwiftConstValuesFileList --force --compile-time-extraction --deployment-aware-processing --validate-assistant-intents --no-app-shortcuts-localization
2026-03-25 05:53:23.889 appintentsmetadataprocessor[16235:52395] Starting appintentsmetadataprocessor export
2026-03-25 05:53:23.993 appintentsmetadataprocessor[16235:52395] Extracted no relevant App Intents symbols, skipping writing output

SetOwnerAndGroup runner:staff /Users/runner/Library/Developer/Xcode/DerivedData/AlbumManager-dmxhwzoxvsfmtkahqmfxhtjpefxd/Build/Intermediates.noindex/ArchiveIntermediates/AlbumManager/IntermediateBuildFilesPath/UninstalledProducts/iphoneos/WYYKit.framework (in target 'WYYKit' from project 'Pods')
    cd /Users/runner/work/Album_Manager/Album_Manager/Pods
    /usr/sbin/chown -RH runner:staff /Users/runner/Library/Developer/Xcode/DerivedData/AlbumManager-dmxhwzoxvsfmtkahqmfxhtjpefxd/Build/Intermediates.noindex/ArchiveIntermediates/AlbumManager/IntermediateBuildFilesPath/UninstalledProducts/iphoneos/WYYKit.framework

SetMode u+w,go-w,a+rX /Users/runner/Library/Developer/Xcode/DerivedData/AlbumManager-dmxhwzoxvsfmtkahqmfxhtjpefxd/Build/Intermediates.noindex/ArchiveIntermediates/AlbumManager/IntermediateBuildFilesPath/UninstalledProducts/iphoneos/WYYKit.framework (in target 'WYYKit' from project 'Pods')
    cd /Users/runner/work/Album_Manager/Album_Manager/Pods
    /bin/chmod -RH u+w,go-w,a+rX /Users/runner/Library/Developer/Xcode/DerivedData/AlbumManager-dmxhwzoxvsfmtkahqmfxhtjpefxd/Build/Intermediates.noindex/ArchiveIntermediates/AlbumManager/IntermediateBuildFilesPath/UninstalledProducts/iphoneos/WYYKit.framework

RegisterExecutionPolicyException /Users/runner/Library/Developer/Xcode/DerivedData/AlbumManager-dmxhwzoxvsfmtkahqmfxhtjpefxd/Build/Intermediates.noindex/ArchiveIntermediates/AlbumManager/IntermediateBuildFilesPath/UninstalledProducts/iphoneos/WYYKit.framework (in target 'WYYKit' from project 'Pods')
    cd /Users/runner/work/Album_Manager/Album_Manager/Pods
    builtin-RegisterExecutionPolicyException /Users/runner/Library/Developer/Xcode/DerivedData/AlbumManager-dmxhwzoxvsfmtkahqmfxhtjpefxd/Build/Intermediates.noindex/ArchiveIntermediates/AlbumManager/IntermediateBuildFilesPath/UninstalledProducts/iphoneos/WYYKit.framework

Touch /Users/runner/Library/Developer/Xcode/DerivedData/AlbumManager-dmxhwzoxvsfmtkahqmfxhtjpefxd/Build/Intermediates.noindex/ArchiveIntermediates/AlbumManager/IntermediateBuildFilesPath/UninstalledProducts/iphoneos/WYYKit.framework (in target 'WYYKit' from project 'Pods')
    cd /Users/runner/work/Album_Manager/Album_Manager/Pods
    /usr/bin/touch -c /Users/runner/Library/Developer/Xcode/DerivedData/AlbumManager-dmxhwzoxvsfmtkahqmfxhtjpefxd/Build/Intermediates.noindex/ArchiveIntermediates/AlbumManager/IntermediateBuildFilesPath/UninstalledProducts/iphoneos/WYYKit.framework

Libtool /Users/runner/Library/Developer/Xcode/DerivedData/AlbumManager-dmxhwzoxvsfmtkahqmfxhtjpefxd/Build/Intermediates.noindex/ArchiveIntermediates/AlbumManager/IntermediateBuildFilesPath/UninstalledProducts/iphoneos/Pods_AlbumManager.framework/Pods_AlbumManager normal (in target 'Pods-AlbumManager' from project 'Pods')
    cd /Users/runner/work/Album_Manager/Album_Manager/Pods
    /Applications/Xcode_16.4.app/Contents/Developer/Toolchains/XcodeDefault.xctoolchain/usr/bin/libtool -static -arch_only arm64 -D -syslibroot /Applications/Xcode_16.4.app/Contents/Developer/Platforms/iPhoneOS.platform/Developer/SDKs/iPhoneOS18.5.sdk -L/Users/runner/Library/Developer/Xcode/DerivedData/AlbumManager-dmxhwzoxvsfmtkahqmfxhtjpefxd/Build/Intermediates.noindex/ArchiveIntermediates/AlbumManager/BuildProductsPath/Release-iphoneos -L/Applications/Xcode_16.4.app/Contents/Developer/Toolchains/XcodeDefault.xctoolchain/usr/lib/swift/iphoneos -L/Applications/Xcode_16.4.app/Contents/Developer/Platforms/iPhoneOS.platform/Developer/SDKs/iPhoneOS18.5.sdk/usr/lib/swift -filelist /Users/runner/Library/Developer/Xcode/DerivedData/AlbumManager-dmxhwzoxvsfmtkahqmfxhtjpefxd/Build/Intermediates.noindex/ArchiveIntermediates/AlbumManager/IntermediateBuildFilesPath/Pods.build/Release-iphoneos/Pods-AlbumManager.build/Objects-normal/arm64/Pods_AlbumManager.LinkFileList -framework Foundation -dependency_info /Users/runner/Library/Developer/Xcode/DerivedData/AlbumManager-dmxhwzoxvsfmtkahqmfxhtjpefxd/Build/Intermediates.noindex/ArchiveIntermediates/AlbumManager/IntermediateBuildFilesPath/Pods.build/Release-iphoneos/Pods-AlbumManager.build/Objects-normal/arm64/Pods_AlbumManager_libtool_dependency_info.dat -o /Users/runner/Library/Developer/Xcode/DerivedData/AlbumManager-dmxhwzoxvsfmtkahqmfxhtjpefxd/Build/Intermediates.noindex/ArchiveIntermediates/AlbumManager/IntermediateBuildFilesPath/UninstalledProducts/iphoneos/Pods_AlbumManager.framework/Pods_AlbumManager

ProcessInfoPlistFile /Users/runner/Library/Developer/Xcode/DerivedData/AlbumManager-dmxhwzoxvsfmtkahqmfxhtjpefxd/Build/Intermediates.noindex/ArchiveIntermediates/AlbumManager/IntermediateBuildFilesPath/UninstalledProducts/iphoneos/Pods_AlbumManager.framework/Info.plist /Users/runner/work/Album_Manager/Album_Manager/Pods/Target\ Support\ Files/Pods-AlbumManager/Pods-AlbumManager-Info.plist (in target 'Pods-AlbumManager' from project 'Pods')
    cd /Users/runner/work/Album_Manager/Album_Manager/Pods
    builtin-infoPlistUtility /Users/runner/work/Album_Manager/Album_Manager/Pods/Target\ Support\ Files/Pods-AlbumManager/Pods-AlbumManager-Info.plist -producttype com.apple.product-type.framework -expandbuildsettings -format binary -platform iphoneos -requiredArchitecture arm64 -o /Users/runner/Library/Developer/Xcode/DerivedData/AlbumManager-dmxhwzoxvsfmtkahqmfxhtjpefxd/Build/Intermediates.noindex/ArchiveIntermediates/AlbumManager/IntermediateBuildFilesPath/UninstalledProducts/iphoneos/Pods_AlbumManager.framework/Info.plist

SetOwnerAndGroup runner:staff /Users/runner/Library/Developer/Xcode/DerivedData/AlbumManager-dmxhwzoxvsfmtkahqmfxhtjpefxd/Build/Intermediates.noindex/ArchiveIntermediates/AlbumManager/IntermediateBuildFilesPath/UninstalledProducts/iphoneos/Pods_AlbumManager.framework (in target 'Pods-AlbumManager' from project 'Pods')
    cd /Users/runner/work/Album_Manager/Album_Manager/Pods
    /usr/sbin/chown -RH runner:staff /Users/runner/Library/Developer/Xcode/DerivedData/AlbumManager-dmxhwzoxvsfmtkahqmfxhtjpefxd/Build/Intermediates.noindex/ArchiveIntermediates/AlbumManager/IntermediateBuildFilesPath/UninstalledProducts/iphoneos/Pods_AlbumManager.framework

SetMode u+w,go-w,a+rX /Users/runner/Library/Developer/Xcode/DerivedData/AlbumManager-dmxhwzoxvsfmtkahqmfxhtjpefxd/Build/Intermediates.noindex/ArchiveIntermediates/AlbumManager/IntermediateBuildFilesPath/UninstalledProducts/iphoneos/Pods_AlbumManager.framework (in target 'Pods-AlbumManager' from project 'Pods')
    cd /Users/runner/work/Album_Manager/Album_Manager/Pods
    /bin/chmod -RH u+w,go-w,a+rX /Users/runner/Library/Developer/Xcode/DerivedData/AlbumManager-dmxhwzoxvsfmtkahqmfxhtjpefxd/Build/Intermediates.noindex/ArchiveIntermediates/AlbumManager/IntermediateBuildFilesPath/UninstalledProducts/iphoneos/Pods_AlbumManager.framework

RegisterExecutionPolicyException /Users/runner/Library/Developer/Xcode/DerivedData/AlbumManager-dmxhwzoxvsfmtkahqmfxhtjpefxd/Build/Intermediates.noindex/ArchiveIntermediates/AlbumManager/IntermediateBuildFilesPath/UninstalledProducts/iphoneos/Pods_AlbumManager.framework (in target 'Pods-AlbumManager' from project 'Pods')
    cd /Users/runner/work/Album_Manager/Album_Manager/Pods
    builtin-RegisterExecutionPolicyException /Users/runner/Library/Developer/Xcode/DerivedData/AlbumManager-dmxhwzoxvsfmtkahqmfxhtjpefxd/Build/Intermediates.noindex/ArchiveIntermediates/AlbumManager/IntermediateBuildFilesPath/UninstalledProducts/iphoneos/Pods_AlbumManager.framework

Touch /Users/runner/Library/Developer/Xcode/DerivedData/AlbumManager-dmxhwzoxvsfmtkahqmfxhtjpefxd/Build/Intermediates.noindex/ArchiveIntermediates/AlbumManager/IntermediateBuildFilesPath/UninstalledProducts/iphoneos/Pods_AlbumManager.framework (in target 'Pods-AlbumManager' from project 'Pods')
    cd /Users/runner/work/Album_Manager/Album_Manager/Pods
    /usr/bin/touch -c /Users/runner/Library/Developer/Xcode/DerivedData/AlbumManager-dmxhwzoxvsfmtkahqmfxhtjpefxd/Build/Intermediates.noindex/ArchiveIntermediates/AlbumManager/IntermediateBuildFilesPath/UninstalledProducts/iphoneos/Pods_AlbumManager.framework

PhaseScriptExecution [CP]\ Check\ Pods\ Manifest.lock /Users/runner/Library/Developer/Xcode/DerivedData/AlbumManager-dmxhwzoxvsfmtkahqmfxhtjpefxd/Build/Intermediates.noindex/ArchiveIntermediates/AlbumManager/IntermediateBuildFilesPath/AlbumManager.build/Release-iphoneos/AlbumManager.build/Script-47E049FE06BE82BE49404C8C.sh (in target 'AlbumManager' from project 'AlbumManager')
    cd /Users/runner/work/Album_Manager/Album_Manager
    /bin/sh -c /Users/runner/Library/Developer/Xcode/DerivedData/AlbumManager-dmxhwzoxvsfmtkahqmfxhtjpefxd/Build/Intermediates.noindex/ArchiveIntermediates/AlbumManager/IntermediateBuildFilesPath/AlbumManager.build/Release-iphoneos/AlbumManager.build/Script-47E049FE06BE82BE49404C8C.sh

MkDir /Users/runner/Library/Developer/Xcode/DerivedData/AlbumManager-dmxhwzoxvsfmtkahqmfxhtjpefxd/Build/Intermediates.noindex/ArchiveIntermediates/AlbumManager/IntermediateBuildFilesPath/AlbumManager.build/Release-iphoneos/AlbumManager.build/assetcatalog_output/unthinned (in target 'AlbumManager' from project 'AlbumManager')
    cd /Users/runner/work/Album_Manager/Album_Manager
    /bin/mkdir -p /Users/runner/Library/Developer/Xcode/DerivedData/AlbumManager-dmxhwzoxvsfmtkahqmfxhtjpefxd/Build/Intermediates.noindex/ArchiveIntermediates/AlbumManager/IntermediateBuildFilesPath/AlbumManager.build/Release-iphoneos/AlbumManager.build/assetcatalog_output/unthinned

MkDir /Users/runner/Library/Developer/Xcode/DerivedData/AlbumManager-dmxhwzoxvsfmtkahqmfxhtjpefxd/Build/Intermediates.noindex/ArchiveIntermediates/AlbumManager/IntermediateBuildFilesPath/AlbumManager.build/Release-iphoneos/AlbumManager.build/assetcatalog_output/thinned (in target 'AlbumManager' from project 'AlbumManager')
    cd /Users/runner/work/Album_Manager/Album_Manager
    /bin/mkdir -p /Users/runner/Library/Developer/Xcode/DerivedData/AlbumManager-dmxhwzoxvsfmtkahqmfxhtjpefxd/Build/Intermediates.noindex/ArchiveIntermediates/AlbumManager/IntermediateBuildFilesPath/AlbumManager.build/Release-iphoneos/AlbumManager.build/assetcatalog_output/thinned

GenerateAssetSymbols /Users/runner/work/Album_Manager/Album_Manager/AlbumManager/Resources/Assets.xcassets (in target 'AlbumManager' from project 'AlbumManager')
    cd /Users/runner/work/Album_Manager/Album_Manager
    /Applications/Xcode_16.4.app/Contents/Developer/usr/bin/actool /Users/runner/work/Album_Manager/Album_Manager/AlbumManager/Resources/Assets.xcassets --compile /Users/runner/Library/Developer/Xcode/DerivedData/AlbumManager-dmxhwzoxvsfmtkahqmfxhtjpefxd/Build/Intermediates.noindex/ArchiveIntermediates/AlbumManager/InstallationBuildProductsLocation/Applications/AlbumManager.app --output-format human-readable-text --notices --warnings --export-dependency-info /Users/runner/Library/Developer/Xcode/DerivedData/AlbumManager-dmxhwzoxvsfmtkahqmfxhtjpefxd/Build/Intermediates.noindex/ArchiveIntermediates/AlbumManager/IntermediateBuildFilesPath/AlbumManager.build/Release-iphoneos/AlbumManager.build/assetcatalog_dependencies --output-partial-info-plist /Users/runner/Library/Developer/Xcode/DerivedData/AlbumManager-dmxhwzoxvsfmtkahqmfxhtjpefxd/Build/Intermediates.noindex/ArchiveIntermediates/AlbumManager/IntermediateBuildFilesPath/AlbumManager.build/Release-iphoneos/AlbumManager.build/assetcatalog_generated_info.plist --app-icon AppIcon --compress-pngs --enable-on-demand-resources YES --development-region en --target-device iphone --minimum-deployment-target 16.0 --platform iphoneos --bundle-identifier com.album.abortin.abortion --generate-swift-asset-symbol-extensions NO --generate-swift-asset-symbols /Users/runner/Library/Developer/Xcode/DerivedData/AlbumManager-dmxhwzoxvsfmtkahqmfxhtjpefxd/Build/Intermediates.noindex/ArchiveIntermediates/AlbumManager/IntermediateBuildFilesPath/AlbumManager.build/Release-iphoneos/AlbumManager.build/DerivedSources/GeneratedAssetSymbols.swift --generate-objc-asset-symbols /Users/runner/Library/Developer/Xcode/DerivedData/AlbumManager-dmxhwzoxvsfmtkahqmfxhtjpefxd/Build/Intermediates.noindex/ArchiveIntermediates/AlbumManager/IntermediateBuildFilesPath/AlbumManager.build/Release-iphoneos/AlbumManager.build/DerivedSources/GeneratedAssetSymbols.h --generate-asset-symbol-index /Users/runner/Library/Developer/Xcode/DerivedData/AlbumManager-dmxhwzoxvsfmtkahqmfxhtjpefxd/Build/Intermediates.noindex/ArchiveIntermediates/AlbumManager/IntermediateBuildFilesPath/AlbumManager.build/Release-iphoneos/AlbumManager.build/DerivedSources/GeneratedAssetSymbols-Index.plist
/* com.apple.actool.compilation-results */
/Users/runner/Library/Developer/Xcode/DerivedData/AlbumManager-dmxhwzoxvsfmtkahqmfxhtjpefxd/Build/Intermediates.noindex/ArchiveIntermediates/AlbumManager/IntermediateBuildFilesPath/AlbumManager.build/Release-iphoneos/AlbumManager.build/DerivedSources/GeneratedAssetSymbols-Index.plist
/Users/runner/Library/Developer/Xcode/DerivedData/AlbumManager-dmxhwzoxvsfmtkahqmfxhtjpefxd/Build/Intermediates.noindex/ArchiveIntermediates/AlbumManager/IntermediateBuildFilesPath/AlbumManager.build/Release-iphoneos/AlbumManager.build/DerivedSources/GeneratedAssetSymbols.h
/Users/runner/Library/Developer/Xcode/DerivedData/AlbumManager-dmxhwzoxvsfmtkahqmfxhtjpefxd/Build/Intermediates.noindex/ArchiveIntermediates/AlbumManager/IntermediateBuildFilesPath/AlbumManager.build/Release-iphoneos/AlbumManager.build/DerivedSources/GeneratedAssetSymbols.swift


CopyStringsFile /Users/runner/Library/Developer/Xcode/DerivedData/AlbumManager-dmxhwzoxvsfmtkahqmfxhtjpefxd/Build/Intermediates.noindex/ArchiveIntermediates/AlbumManager/InstallationBuildProductsLocation/Applications/AlbumManager.app/zh-Hans.lproj/Localizable.strings /Users/runner/work/Album_Manager/Album_Manager/AlbumManager/zh-Hans.lproj/Localizable.strings (in target 'AlbumManager' from project 'AlbumManager')
    cd /Users/runner/work/Album_Manager/Album_Manager
    builtin-copyStrings --validate --outputencoding binary --outfilename Localizable.strings --outdir /Users/runner/Library/Developer/Xcode/DerivedData/AlbumManager-dmxhwzoxvsfmtkahqmfxhtjpefxd/Build/Intermediates.noindex/ArchiveIntermediates/AlbumManager/InstallationBuildProductsLocation/Applications/AlbumManager.app/zh-Hans.lproj -- /Users/runner/work/Album_Manager/Album_Manager/AlbumManager/zh-Hans.lproj/Localizable.strings
/Users/runner/work/Album_Manager/Album_Manager/AlbumManager/zh-Hans.lproj/Localizable.strings:1:1: note: detected encoding of input file as Unicode (UTF-8) (in target 'AlbumManager' from project 'AlbumManager')

CopyStringsFile /Users/runner/Library/Developer/Xcode/DerivedData/AlbumManager-dmxhwzoxvsfmtkahqmfxhtjpefxd/Build/Intermediates.noindex/ArchiveIntermediates/AlbumManager/InstallationBuildProductsLocation/Applications/AlbumManager.app/zh-Hans.lproj/InfoPlist.strings /Users/runner/work/Album_Manager/Album_Manager/AlbumManager/zh-Hans.lproj/InfoPlist.strings (in target 'AlbumManager' from project 'AlbumManager')
    cd /Users/runner/work/Album_Manager/Album_Manager
    builtin-copyStrings --validate --outputencoding binary --outfilename InfoPlist.strings --outdir /Users/runner/Library/Developer/Xcode/DerivedData/AlbumManager-dmxhwzoxvsfmtkahqmfxhtjpefxd/Build/Intermediates.noindex/ArchiveIntermediates/AlbumManager/InstallationBuildProductsLocation/Applications/AlbumManager.app/zh-Hans.lproj -- /Users/runner/work/Album_Manager/Album_Manager/AlbumManager/zh-Hans.lproj/InfoPlist.strings
/Users/runner/work/Album_Manager/Album_Manager/AlbumManager/zh-Hans.lproj/InfoPlist.strings:1:1: note: detected encoding of input file as Unicode (UTF-8) (in target 'AlbumManager' from project 'AlbumManager')

CopyStringsFile /Users/runner/Library/Developer/Xcode/DerivedData/AlbumManager-dmxhwzoxvsfmtkahqmfxhtjpefxd/Build/Intermediates.noindex/ArchiveIntermediates/AlbumManager/InstallationBuildProductsLocation/Applications/AlbumManager.app/en.lproj/Localizable.strings /Users/runner/work/Album_Manager/Album_Manager/AlbumManager/en.lproj/Localizable.strings (in target 'AlbumManager' from project 'AlbumManager')
    cd /Users/runner/work/Album_Manager/Album_Manager
    builtin-copyStrings --validate --outputencoding binary --outfilename Localizable.strings --outdir /Users/runner/Library/Developer/Xcode/DerivedData/AlbumManager-dmxhwzoxvsfmtkahqmfxhtjpefxd/Build/Intermediates.noindex/ArchiveIntermediates/AlbumManager/InstallationBuildProductsLocation/Applications/AlbumManager.app/en.lproj -- /Users/runner/work/Album_Manager/Album_Manager/AlbumManager/en.lproj/Localizable.strings
/Users/runner/work/Album_Manager/Album_Manager/AlbumManager/en.lproj/Localizable.strings:1:1: note: detected encoding of input file as Unicode (UTF-8) (in target 'AlbumManager' from project 'AlbumManager')

CopyStringsFile /Users/runner/Library/Developer/Xcode/DerivedData/AlbumManager-dmxhwzoxvsfmtkahqmfxhtjpefxd/Build/Intermediates.noindex/ArchiveIntermediates/AlbumManager/InstallationBuildProductsLocation/Applications/AlbumManager.app/en.lproj/InfoPlist.strings /Users/runner/work/Album_Manager/Album_Manager/AlbumManager/en.lproj/InfoPlist.strings (in target 'AlbumManager' from project 'AlbumManager')
    cd /Users/runner/work/Album_Manager/Album_Manager
    builtin-copyStrings --validate --outputencoding binary --outfilename InfoPlist.strings --outdir /Users/runner/Library/Developer/Xcode/DerivedData/AlbumManager-dmxhwzoxvsfmtkahqmfxhtjpefxd/Build/Intermediates.noindex/ArchiveIntermediates/AlbumManager/InstallationBuildProductsLocation/Applications/AlbumManager.app/en.lproj -- /Users/runner/work/Album_Manager/Album_Manager/AlbumManager/en.lproj/InfoPlist.strings
/Users/runner/work/Album_Manager/Album_Manager/AlbumManager/en.lproj/InfoPlist.strings:1:1: note: detected encoding of input file as Unicode (UTF-8) (in target 'AlbumManager' from project 'AlbumManager')

CompileAssetCatalogVariant thinned /Users/runner/Library/Developer/Xcode/DerivedData/AlbumManager-dmxhwzoxvsfmtkahqmfxhtjpefxd/Build/Intermediates.noindex/ArchiveIntermediates/AlbumManager/InstallationBuildProductsLocation/Applications/AlbumManager.app /Users/runner/work/Album_Manager/Album_Manager/AlbumManager/Resources/Assets.xcassets (in target 'AlbumManager' from project 'AlbumManager')
    cd /Users/runner/work/Album_Manager/Album_Manager
    /Applications/Xcode_16.4.app/Contents/Developer/usr/bin/actool /Users/runner/work/Album_Manager/Album_Manager/AlbumManager/Resources/Assets.xcassets --compile /Users/runner/Library/Developer/Xcode/DerivedData/AlbumManager-dmxhwzoxvsfmtkahqmfxhtjpefxd/Build/Intermediates.noindex/ArchiveIntermediates/AlbumManager/IntermediateBuildFilesPath/AlbumManager.build/Release-iphoneos/AlbumManager.build/assetcatalog_output/thinned --output-format human-readable-text --notices --warnings --export-dependency-info /Users/runner/Library/Developer/Xcode/DerivedData/AlbumManager-dmxhwzoxvsfmtkahqmfxhtjpefxd/Build/Intermediates.noindex/ArchiveIntermediates/AlbumManager/IntermediateBuildFilesPath/AlbumManager.build/Release-iphoneos/AlbumManager.build/assetcatalog_dependencies_thinned --output-partial-info-plist /Users/runner/Library/Developer/Xcode/DerivedData/AlbumManager-dmxhwzoxvsfmtkahqmfxhtjpefxd/Build/Intermediates.noindex/ArchiveIntermediates/AlbumManager/IntermediateBuildFilesPath/AlbumManager.build/Release-iphoneos/AlbumManager.build/assetcatalog_generated_info.plist_thinned --app-icon AppIcon --compress-pngs --enable-on-demand-resources YES --development-region en --target-device iphone --minimum-deployment-target 16.0 --platform iphoneos
/* com.apple.actool.compilation-results */
/Users/runner/Library/Developer/Xcode/DerivedData/AlbumManager-dmxhwzoxvsfmtkahqmfxhtjpefxd/Build/Intermediates.noindex/ArchiveIntermediates/AlbumManager/IntermediateBuildFilesPath/AlbumManager.build/Release-iphoneos/AlbumManager.build/assetcatalog_generated_info.plist_thinned
/Users/runner/Library/Developer/Xcode/DerivedData/AlbumManager-dmxhwzoxvsfmtkahqmfxhtjpefxd/Build/Intermediates.noindex/ArchiveIntermediates/AlbumManager/IntermediateBuildFilesPath/AlbumManager.build/Release-iphoneos/AlbumManager.build/assetcatalog_output/thinned/AppIcon60x60@2x.png
/Users/runner/Library/Developer/Xcode/DerivedData/AlbumManager-dmxhwzoxvsfmtkahqmfxhtjpefxd/Build/Intermediates.noindex/ArchiveIntermediates/AlbumManager/IntermediateBuildFilesPath/AlbumManager.build/Release-iphoneos/AlbumManager.build/assetcatalog_output/thinned/AppIcon76x76@2x~ipad.png
/Users/runner/Library/Developer/Xcode/DerivedData/AlbumManager-dmxhwzoxvsfmtkahqmfxhtjpefxd/Build/Intermediates.noindex/ArchiveIntermediates/AlbumManager/IntermediateBuildFilesPath/AlbumManager.build/Release-iphoneos/AlbumManager.build/assetcatalog_output/thinned/Assets.car


SwiftDriver AlbumManager normal arm64 com.apple.xcode.tools.swift.compiler (in target 'AlbumManager' from project 'AlbumManager')
    cd /Users/runner/work/Album_Manager/Album_Manager
    builtin-SwiftDriver -- /Applications/Xcode_16.4.app/Contents/Developer/Toolchains/XcodeDefault.xctoolchain/usr/bin/swiftc -module-name AlbumManager -O -whole-module-optimization -enforce-exclusivity\=checked @/Users/runner/Library/Developer/Xcode/DerivedData/AlbumManager-dmxhwzoxvsfmtkahqmfxhtjpefxd/Build/Intermediates.noindex/ArchiveIntermediates/AlbumManager/IntermediateBuildFilesPath/AlbumManager.build/Release-iphoneos/AlbumManager.build/Objects-normal/arm64/AlbumManager.SwiftFileList -D COCOAPODS -enable-bare-slash-regex -enable-experimental-feature DebugDescriptionMacro -sdk /Applications/Xcode_16.4.app/Contents/Developer/Platforms/iPhoneOS.platform/Developer/SDKs/iPhoneOS18.5.sdk -target arm64-apple-ios16.0 -g -module-cache-path /Users/runner/Library/Developer/Xcode/DerivedData/ModuleCache.noindex -Xfrontend -serialize-debugging-options -swift-version 5 -I /Users/runner/Library/Developer/Xcode/DerivedData/AlbumManager-dmxhwzoxvsfmtkahqmfxhtjpefxd/Build/Intermediates.noindex/ArchiveIntermediates/AlbumManager/BuildProductsPath/Release-iphoneos -F /Users/runner/Library/Developer/Xcode/DerivedData/AlbumManager-dmxhwzoxvsfmtkahqmfxhtjpefxd/Build/Intermediates.noindex/ArchiveIntermediates/AlbumManager/BuildProductsPath/Release-iphoneos -F /Users/runner/Library/Developer/Xcode/DerivedData/AlbumManager-dmxhwzoxvsfmtkahqmfxhtjpefxd/Build/Intermediates.noindex/ArchiveIntermediates/AlbumManager/BuildProductsPath/Release-iphoneos/WYYKit -F /Users/runner/work/Album_Manager/Album_Manager/Pods/UMAPM/UMAPM_2.0.7 -F /Users/runner/work/Album_Manager/Album_Manager/Pods/UMCommon/UMCommon_7.5.8 -F /Users/runner/work/Album_Manager/Album_Manager/Pods/UMDevice/UMDevice_3.5.0 -F /Users/runner/Library/Developer/Xcode/DerivedData/AlbumManager-dmxhwzoxvsfmtkahqmfxhtjpefxd/Build/Intermediates.noindex/ArchiveIntermediates/AlbumManager/BuildProductsPath/Release-iphoneos/XCFrameworkIntermediates/UMAPM -F /Users/runner/Library/Developer/Xcode/DerivedData/AlbumManager-dmxhwzoxvsfmtkahqmfxhtjpefxd/Build/Intermediates.noindex/ArchiveIntermediates/AlbumManager/BuildProductsPath/Release-iphoneos/XCFrameworkIntermediates/UMCommon -F /Users/runner/Library/Developer/Xcode/DerivedData/AlbumManager-dmxhwzoxvsfmtkahqmfxhtjpefxd/Build/Intermediates.noindex/ArchiveIntermediates/AlbumManager/BuildProductsPath/Release-iphoneos/XCFrameworkIntermediates/UMDevice -c -num-threads 3 -Xcc -ivfsstatcache -Xcc /Users/runner/Library/Developer/Xcode/DerivedData/SDKStatCaches.noindex/iphoneos18.5-22F76-a529daf784b3616c7c04a36aeb7f5c05.sdkstatcache -output-file-map /Users/runner/Library/Developer/Xcode/DerivedData/AlbumManager-dmxhwzoxvsfmtkahqmfxhtjpefxd/Build/Intermediates.noindex/ArchiveIntermediates/AlbumManager/IntermediateBuildFilesPath/AlbumManager.build/Release-iphoneos/AlbumManager.build/Objects-normal/arm64/AlbumManager-OutputFileMap.json -use-frontend-parseable-output -save-temps -no-color-diagnostics -serialize-diagnostics -emit-dependencies -emit-module -emit-module-path /Users/runner/Library/Developer/Xcode/DerivedData/AlbumManager-dmxhwzoxvsfmtkahqmfxhtjpefxd/Build/Intermediates.noindex/ArchiveIntermediates/AlbumManager/IntermediateBuildFilesPath/AlbumManager.build/Release-iphoneos/AlbumManager.build/Objects-normal/arm64/AlbumManager.swiftmodule -validate-clang-modules-once -clang-build-session-file /Users/runner/Library/Developer/Xcode/DerivedData/ModuleCache.noindex/Session.modulevalidation -Xcc -I/Users/runner/Library/Developer/Xcode/DerivedData/AlbumManager-dmxhwzoxvsfmtkahqmfxhtjpefxd/Build/Intermediates.noindex/ArchiveIntermediates/AlbumManager/IntermediateBuildFilesPath/AlbumManager.build/Release-iphoneos/AlbumManager.build/swift-overrides.hmap -emit-const-values -Xfrontend -const-gather-protocols-file -Xfrontend /Users/runner/Library/Developer/Xcode/DerivedData/AlbumManager-dmxhwzoxvsfmtkahqmfxhtjpefxd/Build/Intermediates.noindex/ArchiveIntermediates/AlbumManager/IntermediateBuildFilesPath/AlbumManager.build/Release-iphoneos/AlbumManager.build/Objects-normal/arm64/AlbumManager_const_extract_protocols.json -Xcc -iquote -Xcc /Users/runner/Library/Developer/Xcode/DerivedData/AlbumManager-dmxhwzoxvsfmtkahqmfxhtjpefxd/Build/Intermediates.noindex/ArchiveIntermediates/AlbumManager/IntermediateBuildFilesPath/AlbumManager.build/Release-iphoneos/AlbumManager.build/AlbumManager-generated-files.hmap -Xcc -I/Users/runner/Library/Developer/Xcode/DerivedData/AlbumManager-dmxhwzoxvsfmtkahqmfxhtjpefxd/Build/Intermediates.noindex/ArchiveIntermediates/AlbumManager/IntermediateBuildFilesPath/AlbumManager.build/Release-iphoneos/AlbumManager.build/AlbumManager-own-target-headers.hmap -Xcc -I/Users/runner/Library/Developer/Xcode/DerivedData/AlbumManager-dmxhwzoxvsfmtkahqmfxhtjpefxd/Build/Intermediates.noindex/ArchiveIntermediates/AlbumManager/IntermediateBuildFilesPath/AlbumManager.build/Release-iphoneos/AlbumManager.build/AlbumManager-all-non-framework-target-headers.hmap -Xcc -ivfsoverlay -Xcc /Users/runner/Library/Developer/Xcode/DerivedData/AlbumManager-dmxhwzoxvsfmtkahqmfxhtjpefxd/Build/Intermediates.noindex/ArchiveIntermediates/AlbumManager/IntermediateBuildFilesPath/AlbumManager.build/Release-iphoneos/AlbumManager-b2d579eab24b94c6a6162a10566c28bb-VFS-iphoneos/all-product-headers.yaml -Xcc -iquote -Xcc /Users/runner/Library/Developer/Xcode/DerivedData/AlbumManager-dmxhwzoxvsfmtkahqmfxhtjpefxd/Build/Intermediates.noindex/ArchiveIntermediates/AlbumManager/IntermediateBuildFilesPath/AlbumManager.build/Release-iphoneos/AlbumManager.build/AlbumManager-project-headers.hmap -Xcc -I/Users/runner/Library/Developer/Xcode/DerivedData/AlbumManager-dmxhwzoxvsfmtkahqmfxhtjpefxd/Build/Intermediates.noindex/ArchiveIntermediates/AlbumManager/BuildProductsPath/Release-iphoneos/include -Xcc -I/Users/runner/Library/Developer/Xcode/DerivedData/AlbumManager-dmxhwzoxvsfmtkahqmfxhtjpefxd/Build/Intermediates.noindex/ArchiveIntermediates/AlbumManager/BuildProductsPath/Release-iphoneos/WYYKit/WYYKit.framework/Headers -Xcc -I/Users/runner/Library/Developer/Xcode/DerivedData/AlbumManager-dmxhwzoxvsfmtkahqmfxhtjpefxd/Build/Intermediates.noindex/ArchiveIntermediates/AlbumManager/IntermediateBuildFilesPath/AlbumManager.build/Release-iphoneos/AlbumManager.build/DerivedSources-normal/arm64 -Xcc -I/Users/runner/Library/Developer/Xcode/DerivedData/AlbumManager-dmxhwzoxvsfmtkahqmfxhtjpefxd/Build/Intermediates.noindex/ArchiveIntermediates/AlbumManager/IntermediateBuildFilesPath/AlbumManager.build/Release-iphoneos/AlbumManager.build/DerivedSources/arm64 -Xcc -I/Users/runner/Library/Developer/Xcode/DerivedData/AlbumManager-dmxhwzoxvsfmtkahqmfxhtjpefxd/Build/Intermediates.noindex/ArchiveIntermediates/AlbumManager/IntermediateBuildFilesPath/AlbumManager.build/Release-iphoneos/AlbumManager.build/DerivedSources -Xcc -DCOCOAPODS\=1 -emit-objc-header -emit-objc-header-path /Users/runner/Library/Developer/Xcode/DerivedData/AlbumManager-dmxhwzoxvsfmtkahqmfxhtjpefxd/Build/Intermediates.noindex/ArchiveIntermediates/AlbumManager/IntermediateBuildFilesPath/AlbumManager.build/Release-iphoneos/AlbumManager.build/Objects-normal/arm64/AlbumManager-Swift.h -working-directory /Users/runner/work/Album_Manager/Album_Manager -no-emit-module-separately-wmo

SwiftCompile normal arm64 Compiling\ AboutScreen.swift,\ AppConfig.swift,\ AppConstants.swift,\ AppMain.swift,\ AppRouter.swift,\ AssetImageView.swift,\ BiometricService.swift,\ CleanUpScreen.swift,\ CompareDuplicatesScreen.swift,\ FileImportService.swift,\ LibraryScreen.swift,\ LocalImportScreen.swift,\ MainScreen.swift,\ MemberCenterScreen.swift,\ MetadataEditorScreen.swift,\ NotificationManager.swift,\ OnboardingPaywallScreen.swift,\ OnboardingScreen.swift,\ PaywallScreen.swift,\ PermissionsScreen.swift,\ PhotoDetailsScreen.swift,\ PhotoGridView.swift,\ PhotoLibraryService.swift,\ PhotoModel.swift,\ PreferencesManager.swift,\ PrivacyScreen.swift,\ PrivacyVaultUnlockOverlay.swift,\ QualityReportScreen.swift,\ RecycleBinManager.swift,\ RecycleBinScreen.swift,\ SearchScreen.swift,\ SectionCard.swift,\ SettingsRow.swift,\ SettingsScreen.swift,\ ToolsScreen.swift,\ View+Ext.swift,\ GeneratedAssetSymbols.swift /Users/runner/work/Album_Manager/Album_Manager/AlbumManager/Screens/About/AboutScreen.swift /Users/runner/work/Album_Manager/Album_Manager/AlbumManager/Application/AppConfig.swift /Users/runner/work/Album_Manager/Album_Manager/AlbumManager/Support/AppConstants.swift /Users/runner/work/Album_Manager/Album_Manager/AlbumManager/Application/AppMain.swift /Users/runner/work/Album_Manager/Album_Manager/AlbumManager/Application/AppRouter.swift /Users/runner/work/Album_Manager/Album_Manager/AlbumManager/CommonUI/Layouts/AssetImageView.swift /Users/runner/work/Album_Manager/Album_Manager/AlbumManager/DataLayer/Services/BiometricService.swift /Users/runner/work/Album_Manager/Album_Manager/AlbumManager/Screens/CleanUp/CleanUpScreen.swift /Users/runner/work/Album_Manager/Album_Manager/AlbumManager/Screens/CompareDuplicates/CompareDuplicatesScreen.swift /Users/runner/work/Album_Manager/Album_Manager/AlbumManager/DataLayer/Services/FileImportService.swift /Users/runner/work/Album_Manager/Album_Manager/AlbumManager/Screens/Library/LibraryScreen.swift /Users/runner/work/Album_Manager/Album_Manager/AlbumManager/Screens/LocalImport/LocalImportScreen.swift /Users/runner/work/Album_Manager/Album_Manager/AlbumManager/Screens/Main/MainScreen.swift /Users/runner/work/Album_Manager/Album_Manager/AlbumManager/Screens/MemberCenter/MemberCenterScreen.swift /Users/runner/work/Album_Manager/Album_Manager/AlbumManager/Screens/MetadataEditor/MetadataEditorScreen.swift /Users/runner/work/Album_Manager/Album_Manager/AlbumManager/DataLayer/Services/NotificationManager.swift /Users/runner/work/Album_Manager/Album_Manager/AlbumManager/Screens/Onboarding/OnboardingPaywallScreen.swift /Users/runner/work/Album_Manager/Album_Manager/AlbumManager/Screens/Onboarding/OnboardingScreen.swift /Users/runner/work/Album_Manager/Album_Manager/AlbumManager/Screens/Paywall/PaywallScreen.swift /Users/runner/work/Album_Manager/Album_Manager/AlbumManager/Screens/Permissions/PermissionsScreen.swift /Users/runner/work/Album_Manager/Album_Manager/AlbumManager/Screens/PhotoDetails/PhotoDetailsScreen.swift /Users/runner/work/Album_Manager/Album_Manager/AlbumManager/CommonUI/Layouts/PhotoGridView.swift /Users/runner/work/Album_Manager/Album_Manager/AlbumManager/DataLayer/Services/PhotoLibraryService.swift /Users/runner/work/Album_Manager/Album_Manager/AlbumManager/DataLayer/Models/PhotoModel.swift /Users/runner/work/Album_Manager/Album_Manager/AlbumManager/DataLayer/Storage/PreferencesManager.swift /Users/runner/work/Album_Manager/Album_Manager/AlbumManager/Screens/Privacy/PrivacyScreen.swift /Users/runner/work/Album_Manager/Album_Manager/AlbumManager/Screens/Privacy/PrivacyVaultUnlockOverlay.swift /Users/runner/work/Album_Manager/Album_Manager/AlbumManager/Screens/QualityReport/QualityReportScreen.swift /Users/runner/work/Album_Manager/Album_Manager/AlbumManager/DataLayer/Services/RecycleBinManager.swift /Users/runner/work/Album_Manager/Album_Manager/AlbumManager/Screens/RecycleBin/RecycleBinScreen.swift /Users/runner/work/Album_Manager/Album_Manager/AlbumManager/Screens/Search/SearchScreen.swift /Users/runner/work/Album_Manager/Album_Manager/AlbumManager/CommonUI/Cards/SectionCard.swift /Users/runner/work/Album_Manager/Album_Manager/AlbumManager/CommonUI/Cards/SettingsRow.swift /Users/runner/work/Album_Manager/Album_Manager/AlbumManager/Screens/Settings/SettingsScreen.swift /Users/runner/work/Album_Manager/Album_Manager/AlbumManager/Screens/Tools/ToolsScreen.swift /Users/runner/work/Album_Manager/Album_Manager/AlbumManager/Support/Extensions/View+Ext.swift /Users/runner/Library/Developer/Xcode/DerivedData/AlbumManager-dmxhwzoxvsfmtkahqmfxhtjpefxd/Build/Intermediates.noindex/ArchiveIntermediates/AlbumManager/IntermediateBuildFilesPath/AlbumManager.build/Release-iphoneos/AlbumManager.build/DerivedSources/GeneratedAssetSymbols.swift (in target 'AlbumManager' from project 'AlbumManager')
CompileSwift normal arm64 (in target 'AlbumManager' from project 'AlbumManager')
    cd /Users/runner/work/Album_Manager/Album_Manager
    
/Users/runner/work/Album_Manager/Album_Manager/AlbumManager/Screens/Onboarding/OnboardingPaywallScreen.swift:198:17: warning: no 'async' operations occur within 'await' expression
                await WYYAnalyticsManager.shared.trackGuideSubscriptionSuccess(productId: productId, source: .guide)
                ^
/Users/runner/work/Album_Manager/Album_Manager/AlbumManager/Screens/Onboarding/OnboardingPaywallScreen.swift:205:17: warning: no 'async' operations occur within 'await' expression
                await WYYAnalyticsManager.shared.trackGuideSubscriptionCancel(productId: productId, source: .guide)
                ^
/Users/runner/work/Album_Manager/Album_Manager/AlbumManager/Screens/Onboarding/OnboardingPaywallScreen.swift:212:17: warning: no 'async' operations occur within 'await' expression
                await WYYAnalyticsManager.shared.trackGuideSubscriptionFail(productId: productId, source: .guide)
                ^
/Users/runner/work/Album_Manager/Album_Manager/AlbumManager/Screens/Paywall/PaywallScreen.swift:26:29: warning: no 'async' operations occur within 'await' expression
                            await WYYAnalyticsManager.shared.trackMemberPageClose()
                            ^
/Users/runner/work/Album_Manager/Album_Manager/AlbumManager/Screens/Paywall/PaywallScreen.swift:160:17: warning: no 'async' operations occur within 'await' expression
                await WYYAnalyticsManager.shared.trackMemberPageDisplay(source: .inApp)
                ^
/Users/runner/work/Album_Manager/Album_Manager/AlbumManager/Screens/Paywall/PaywallScreen.swift:167:17: warning: no 'async' operations occur within 'await' expression
                await WYYAnalyticsManager.shared.trackMemberPageExitApp()
                ^
/Users/runner/work/Album_Manager/Album_Manager/AlbumManager/Screens/Paywall/PaywallScreen.swift:184:13: warning: no 'async' operations occur within 'await' expression
            await WYYAnalyticsManager.shared.trackMemberPageBuy(
            ^
/Users/runner/work/Album_Manager/Album_Manager/AlbumManager/Screens/Paywall/PaywallScreen.swift:204:13: warning: no 'async' operations occur within 'await' expression
            await WYYAnalyticsManager.shared.trackMemberPageRestoreClick()
            ^
/Users/runner/work/Album_Manager/Album_Manager/AlbumManager/Screens/Paywall/PaywallScreen.swift:216:25: warning: no 'async' operations occur within 'await' expression
                        await WYYAnalyticsManager.shared.trackMemberPageRestoreSuccess(productId: "")
                        ^
/Users/runner/work/Album_Manager/Album_Manager/AlbumManager/Screens/Paywall/PaywallScreen.swift:223:25: warning: no 'async' operations occur within 'await' expression
                        await WYYAnalyticsManager.shared.trackMemberPageRestoreFail()
                        ^
/Users/runner/work/Album_Manager/Album_Manager/AlbumManager/Screens/Paywall/PaywallScreen.swift:237:17: warning: no 'async' operations occur within 'await' expression
                await WYYAnalyticsManager.shared.trackMemberPageBuySuccess(
                ^
/Users/runner/work/Album_Manager/Album_Manager/AlbumManager/Screens/Paywall/PaywallScreen.swift:248:17: warning: no 'async' operations occur within 'await' expression
                await WYYAnalyticsManager.shared.trackMemberPageBuyCancel(productId: productId, source: .inApp)
                ^
/Users/runner/work/Album_Manager/Album_Manager/AlbumManager/Screens/Paywall/PaywallScreen.swift:253:17: warning: no 'async' operations occur within 'await' expression
                await WYYAnalyticsManager.shared.trackMemberPageBuyFail(productId: productId, source: .inApp)
                ^
/Users/runner/work/Album_Manager/Album_Manager/AlbumManager/Screens/Paywall/PaywallScreen.swift:320:17: warning: no 'async' operations occur within 'await' expression
                await WYYAnalyticsManager.shared.trackMemberPageSelect(
                ^
/Users/runner/work/Album_Manager/Album_Manager/AlbumManager/DataLayer/Services/PhotoLibraryService.swift:87:30: warning: reference to captured var 'photos' in concurrently-executing code; this is an error in the Swift 6 language mode
            self.allPhotos = photos
                             ^
/Users/runner/work/Album_Manager/Album_Manager/AlbumManager/DataLayer/Services/PhotoLibraryService.swift:88:32: warning: reference to captured var 'groups' in concurrently-executing code; this is an error in the Swift 6 language mode
            self.photoGroups = groups
                               ^
/Users/runner/work/Album_Manager/Album_Manager/AlbumManager/DataLayer/Services/PhotoLibraryService.swift:89:36: warning: reference to captured var 'photos' in concurrently-executing code; this is an error in the Swift 6 language mode
            self.totalPhotoCount = photos.count
                                   ^

SwiftDriver\ Compilation AlbumManager normal arm64 com.apple.xcode.tools.swift.compiler (in target 'AlbumManager' from project 'AlbumManager')
    cd /Users/runner/work/Album_Manager/Album_Manager
    builtin-Swift-Compilation -- /Applications/Xcode_16.4.app/Contents/Developer/Toolchains/XcodeDefault.xctoolchain/usr/bin/swiftc -module-name AlbumManager -O -whole-module-optimization -enforce-exclusivity\=checked @/Users/runner/Library/Developer/Xcode/DerivedData/AlbumManager-dmxhwzoxvsfmtkahqmfxhtjpefxd/Build/Intermediates.noindex/ArchiveIntermediates/AlbumManager/IntermediateBuildFilesPath/AlbumManager.build/Release-iphoneos/AlbumManager.build/Objects-normal/arm64/AlbumManager.SwiftFileList -D COCOAPODS -enable-bare-slash-regex -enable-experimental-feature DebugDescriptionMacro -sdk /Applications/Xcode_16.4.app/Contents/Developer/Platforms/iPhoneOS.platform/Developer/SDKs/iPhoneOS18.5.sdk -target arm64-apple-ios16.0 -g -module-cache-path /Users/runner/Library/Developer/Xcode/DerivedData/ModuleCache.noindex -Xfrontend -serialize-debugging-options -swift-version 5 -I /Users/runner/Library/Developer/Xcode/DerivedData/AlbumManager-dmxhwzoxvsfmtkahqmfxhtjpefxd/Build/Intermediates.noindex/ArchiveIntermediates/AlbumManager/BuildProductsPath/Release-iphoneos -F /Users/runner/Library/Developer/Xcode/DerivedData/AlbumManager-dmxhwzoxvsfmtkahqmfxhtjpefxd/Build/Intermediates.noindex/ArchiveIntermediates/AlbumManager/BuildProductsPath/Release-iphoneos -F /Users/runner/Library/Developer/Xcode/DerivedData/AlbumManager-dmxhwzoxvsfmtkahqmfxhtjpefxd/Build/Intermediates.noindex/ArchiveIntermediates/AlbumManager/BuildProductsPath/Release-iphoneos/WYYKit -F /Users/runner/work/Album_Manager/Album_Manager/Pods/UMAPM/UMAPM_2.0.7 -F /Users/runner/work/Album_Manager/Album_Manager/Pods/UMCommon/UMCommon_7.5.8 -F /Users/runner/work/Album_Manager/Album_Manager/Pods/UMDevice/UMDevice_3.5.0 -F /Users/runner/Library/Developer/Xcode/DerivedData/AlbumManager-dmxhwzoxvsfmtkahqmfxhtjpefxd/Build/Intermediates.noindex/ArchiveIntermediates/AlbumManager/BuildProductsPath/Release-iphoneos/XCFrameworkIntermediates/UMAPM -F /Users/runner/Library/Developer/Xcode/DerivedData/AlbumManager-dmxhwzoxvsfmtkahqmfxhtjpefxd/Build/Intermediates.noindex/ArchiveIntermediates/AlbumManager/BuildProductsPath/Release-iphoneos/XCFrameworkIntermediates/UMCommon -F /Users/runner/Library/Developer/Xcode/DerivedData/AlbumManager-dmxhwzoxvsfmtkahqmfxhtjpefxd/Build/Intermediates.noindex/ArchiveIntermediates/AlbumManager/BuildProductsPath/Release-iphoneos/XCFrameworkIntermediates/UMDevice -c -num-threads 3 -Xcc -ivfsstatcache -Xcc /Users/runner/Library/Developer/Xcode/DerivedData/SDKStatCaches.noindex/iphoneos18.5-22F76-a529daf784b3616c7c04a36aeb7f5c05.sdkstatcache -output-file-map /Users/runner/Library/Developer/Xcode/DerivedData/AlbumManager-dmxhwzoxvsfmtkahqmfxhtjpefxd/Build/Intermediates.noindex/ArchiveIntermediates/AlbumManager/IntermediateBuildFilesPath/AlbumManager.build/Release-iphoneos/AlbumManager.build/Objects-normal/arm64/AlbumManager-OutputFileMap.json -use-frontend-parseable-output -save-temps -no-color-diagnostics -serialize-diagnostics -emit-dependencies -emit-module -emit-module-path /Users/runner/Library/Developer/Xcode/DerivedData/AlbumManager-dmxhwzoxvsfmtkahqmfxhtjpefxd/Build/Intermediates.noindex/ArchiveIntermediates/AlbumManager/IntermediateBuildFilesPath/AlbumManager.build/Release-iphoneos/AlbumManager.build/Objects-normal/arm64/AlbumManager.swiftmodule -validate-clang-modules-once -clang-build-session-file /Users/runner/Library/Developer/Xcode/DerivedData/ModuleCache.noindex/Session.modulevalidation -Xcc -I/Users/runner/Library/Developer/Xcode/DerivedData/AlbumManager-dmxhwzoxvsfmtkahqmfxhtjpefxd/Build/Intermediates.noindex/ArchiveIntermediates/AlbumManager/IntermediateBuildFilesPath/AlbumManager.build/Release-iphoneos/AlbumManager.build/swift-overrides.hmap -emit-const-values -Xfrontend -const-gather-protocols-file -Xfrontend /Users/runner/Library/Developer/Xcode/DerivedData/AlbumManager-dmxhwzoxvsfmtkahqmfxhtjpefxd/Build/Intermediates.noindex/ArchiveIntermediates/AlbumManager/IntermediateBuildFilesPath/AlbumManager.build/Release-iphoneos/AlbumManager.build/Objects-normal/arm64/AlbumManager_const_extract_protocols.json -Xcc -iquote -Xcc /Users/runner/Library/Developer/Xcode/DerivedData/AlbumManager-dmxhwzoxvsfmtkahqmfxhtjpefxd/Build/Intermediates.noindex/ArchiveIntermediates/AlbumManager/IntermediateBuildFilesPath/AlbumManager.build/Release-iphoneos/AlbumManager.build/AlbumManager-generated-files.hmap -Xcc -I/Users/runner/Library/Developer/Xcode/DerivedData/AlbumManager-dmxhwzoxvsfmtkahqmfxhtjpefxd/Build/Intermediates.noindex/ArchiveIntermediates/AlbumManager/IntermediateBuildFilesPath/AlbumManager.build/Release-iphoneos/AlbumManager.build/AlbumManager-own-target-headers.hmap -Xcc -I/Users/runner/Library/Developer/Xcode/DerivedData/AlbumManager-dmxhwzoxvsfmtkahqmfxhtjpefxd/Build/Intermediates.noindex/ArchiveIntermediates/AlbumManager/IntermediateBuildFilesPath/AlbumManager.build/Release-iphoneos/AlbumManager.build/AlbumManager-all-non-framework-target-headers.hmap -Xcc -ivfsoverlay -Xcc /Users/runner/Library/Developer/Xcode/DerivedData/AlbumManager-dmxhwzoxvsfmtkahqmfxhtjpefxd/Build/Intermediates.noindex/ArchiveIntermediates/AlbumManager/IntermediateBuildFilesPath/AlbumManager.build/Release-iphoneos/AlbumManager-b2d579eab24b94c6a6162a10566c28bb-VFS-iphoneos/all-product-headers.yaml -Xcc -iquote -Xcc /Users/runner/Library/Developer/Xcode/DerivedData/AlbumManager-dmxhwzoxvsfmtkahqmfxhtjpefxd/Build/Intermediates.noindex/ArchiveIntermediates/AlbumManager/IntermediateBuildFilesPath/AlbumManager.build/Release-iphoneos/AlbumManager.build/AlbumManager-project-headers.hmap -Xcc -I/Users/runner/Library/Developer/Xcode/DerivedData/AlbumManager-dmxhwzoxvsfmtkahqmfxhtjpefxd/Build/Intermediates.noindex/ArchiveIntermediates/AlbumManager/BuildProductsPath/Release-iphoneos/include -Xcc -I/Users/runner/Library/Developer/Xcode/DerivedData/AlbumManager-dmxhwzoxvsfmtkahqmfxhtjpefxd/Build/Intermediates.noindex/ArchiveIntermediates/AlbumManager/BuildProductsPath/Release-iphoneos/WYYKit/WYYKit.framework/Headers -Xcc -I/Users/runner/Library/Developer/Xcode/DerivedData/AlbumManager-dmxhwzoxvsfmtkahqmfxhtjpefxd/Build/Intermediates.noindex/ArchiveIntermediates/AlbumManager/IntermediateBuildFilesPath/AlbumManager.build/Release-iphoneos/AlbumManager.build/DerivedSources-normal/arm64 -Xcc -I/Users/runner/Library/Developer/Xcode/DerivedData/AlbumManager-dmxhwzoxvsfmtkahqmfxhtjpefxd/Build/Intermediates.noindex/ArchiveIntermediates/AlbumManager/IntermediateBuildFilesPath/AlbumManager.build/Release-iphoneos/AlbumManager.build/DerivedSources/arm64 -Xcc -I/Users/runner/Library/Developer/Xcode/DerivedData/AlbumManager-dmxhwzoxvsfmtkahqmfxhtjpefxd/Build/Intermediates.noindex/ArchiveIntermediates/AlbumManager/IntermediateBuildFilesPath/AlbumManager.build/Release-iphoneos/AlbumManager.build/DerivedSources -Xcc -DCOCOAPODS\=1 -emit-objc-header -emit-objc-header-path /Users/runner/Library/Developer/Xcode/DerivedData/AlbumManager-dmxhwzoxvsfmtkahqmfxhtjpefxd/Build/Intermediates.noindex/ArchiveIntermediates/AlbumManager/IntermediateBuildFilesPath/AlbumManager.build/Release-iphoneos/AlbumManager.build/Objects-normal/arm64/AlbumManager-Swift.h -working-directory /Users/runner/work/Album_Manager/Album_Manager -no-emit-module-separately-wmo

LinkAssetCatalog /Users/runner/work/Album_Manager/Album_Manager/AlbumManager/Resources/Assets.xcassets (in target 'AlbumManager' from project 'AlbumManager')
    cd /Users/runner/work/Album_Manager/Album_Manager
    builtin-linkAssetCatalog --thinned /Users/runner/Library/Developer/Xcode/DerivedData/AlbumManager-dmxhwzoxvsfmtkahqmfxhtjpefxd/Build/Intermediates.noindex/ArchiveIntermediates/AlbumManager/IntermediateBuildFilesPath/AlbumManager.build/Release-iphoneos/AlbumManager.build/assetcatalog_output/thinned --thinned-dependencies /Users/runner/Library/Developer/Xcode/DerivedData/AlbumManager-dmxhwzoxvsfmtkahqmfxhtjpefxd/Build/Intermediates.noindex/ArchiveIntermediates/AlbumManager/IntermediateBuildFilesPath/AlbumManager.build/Release-iphoneos/AlbumManager.build/assetcatalog_dependencies_thinned --thinned-info-plist-content /Users/runner/Library/Developer/Xcode/DerivedData/AlbumManager-dmxhwzoxvsfmtkahqmfxhtjpefxd/Build/Intermediates.noindex/ArchiveIntermediates/AlbumManager/IntermediateBuildFilesPath/AlbumManager.build/Release-iphoneos/AlbumManager.build/assetcatalog_generated_info.plist_thinned --unthinned /Users/runner/Library/Developer/Xcode/DerivedData/AlbumManager-dmxhwzoxvsfmtkahqmfxhtjpefxd/Build/Intermediates.noindex/ArchiveIntermediates/AlbumManager/IntermediateBuildFilesPath/AlbumManager.build/Release-iphoneos/AlbumManager.build/assetcatalog_output/unthinned --unthinned-dependencies /Users/runner/Library/Developer/Xcode/DerivedData/AlbumManager-dmxhwzoxvsfmtkahqmfxhtjpefxd/Build/Intermediates.noindex/ArchiveIntermediates/AlbumManager/IntermediateBuildFilesPath/AlbumManager.build/Release-iphoneos/AlbumManager.build/assetcatalog_dependencies_unthinned --unthinned-info-plist-content /Users/runner/Library/Developer/Xcode/DerivedData/AlbumManager-dmxhwzoxvsfmtkahqmfxhtjpefxd/Build/Intermediates.noindex/ArchiveIntermediates/AlbumManager/IntermediateBuildFilesPath/AlbumManager.build/Release-iphoneos/AlbumManager.build/assetcatalog_generated_info.plist_unthinned --output /Users/runner/Library/Developer/Xcode/DerivedData/AlbumManager-dmxhwzoxvsfmtkahqmfxhtjpefxd/Build/Intermediates.noindex/ArchiveIntermediates/AlbumManager/InstallationBuildProductsLocation/Applications/AlbumManager.app --plist-output /Users/runner/Library/Developer/Xcode/DerivedData/AlbumManager-dmxhwzoxvsfmtkahqmfxhtjpefxd/Build/Intermediates.noindex/ArchiveIntermediates/AlbumManager/IntermediateBuildFilesPath/AlbumManager.build/Release-iphoneos/AlbumManager.build/assetcatalog_generated_info.plist
note: Emplaced /Users/runner/Library/Developer/Xcode/DerivedData/AlbumManager-dmxhwzoxvsfmtkahqmfxhtjpefxd/Build/Intermediates.noindex/ArchiveIntermediates/AlbumManager/InstallationBuildProductsLocation/Applications/AlbumManager.app/AppIcon60x60@2x.png (in target 'AlbumManager' from project 'AlbumManager')
note: Emplaced /Users/runner/Library/Developer/Xcode/DerivedData/AlbumManager-dmxhwzoxvsfmtkahqmfxhtjpefxd/Build/Intermediates.noindex/ArchiveIntermediates/AlbumManager/InstallationBuildProductsLocation/Applications/AlbumManager.app/AppIcon76x76@2x~ipad.png (in target 'AlbumManager' from project 'AlbumManager')
note: Emplaced /Users/runner/Library/Developer/Xcode/DerivedData/AlbumManager-dmxhwzoxvsfmtkahqmfxhtjpefxd/Build/Intermediates.noindex/ArchiveIntermediates/AlbumManager/InstallationBuildProductsLocation/Applications/AlbumManager.app/Assets.car (in target 'AlbumManager' from project 'AlbumManager')

ProcessInfoPlistFile /Users/runner/Library/Developer/Xcode/DerivedData/AlbumManager-dmxhwzoxvsfmtkahqmfxhtjpefxd/Build/Intermediates.noindex/ArchiveIntermediates/AlbumManager/InstallationBuildProductsLocation/Applications/AlbumManager.app/Info.plist /Users/runner/work/Album_Manager/Album_Manager/AlbumManager/Info.plist (in target 'AlbumManager' from project 'AlbumManager')
    cd /Users/runner/work/Album_Manager/Album_Manager
    builtin-infoPlistUtility /Users/runner/work/Album_Manager/Album_Manager/AlbumManager/Info.plist -producttype com.apple.product-type.application -genpkginfo /Users/runner/Library/Developer/Xcode/DerivedData/AlbumManager-dmxhwzoxvsfmtkahqmfxhtjpefxd/Build/Intermediates.noindex/ArchiveIntermediates/AlbumManager/InstallationBuildProductsLocation/Applications/AlbumManager.app/PkgInfo -expandbuildsettings -format binary -platform iphoneos -additionalcontentfile /Users/runner/Library/Developer/Xcode/DerivedData/AlbumManager-dmxhwzoxvsfmtkahqmfxhtjpefxd/Build/Intermediates.noindex/ArchiveIntermediates/AlbumManager/IntermediateBuildFilesPath/AlbumManager.build/Release-iphoneos/AlbumManager.build/assetcatalog_generated_info.plist -requiredArchitecture arm64 -o /Users/runner/Library/Developer/Xcode/DerivedData/AlbumManager-dmxhwzoxvsfmtkahqmfxhtjpefxd/Build/Intermediates.noindex/ArchiveIntermediates/AlbumManager/InstallationBuildProductsLocation/Applications/AlbumManager.app/Info.plist

SwiftDriverJobDiscovery normal arm64 Compiling AboutScreen.swift, AppConfig.swift, AppConstants.swift, AppMain.swift, AppRouter.swift, AssetImageView.swift, BiometricService.swift, CleanUpScreen.swift, CompareDuplicatesScreen.swift, FileImportService.swift, LibraryScreen.swift, LocalImportScreen.swift, MainScreen.swift, MemberCenterScreen.swift, MetadataEditorScreen.swift, NotificationManager.swift, OnboardingPaywallScreen.swift, OnboardingScreen.swift, PaywallScreen.swift, PermissionsScreen.swift, PhotoDetailsScreen.swift, PhotoGridView.swift, PhotoLibraryService.swift, PhotoModel.swift, PreferencesManager.swift, PrivacyScreen.swift, PrivacyVaultUnlockOverlay.swift, QualityReportScreen.swift, RecycleBinManager.swift, RecycleBinScreen.swift, SearchScreen.swift, SectionCard.swift, SettingsRow.swift, SettingsScreen.swift, ToolsScreen.swift, View+Ext.swift, GeneratedAssetSymbols.swift (in target 'AlbumManager' from project 'AlbumManager')

SwiftDriver\ Compilation\ Requirements AlbumManager normal arm64 com.apple.xcode.tools.swift.compiler (in target 'AlbumManager' from project 'AlbumManager')
    cd /Users/runner/work/Album_Manager/Album_Manager
    builtin-Swift-Compilation-Requirements -- /Applications/Xcode_16.4.app/Contents/Developer/Toolchains/XcodeDefault.xctoolchain/usr/bin/swiftc -module-name AlbumManager -O -whole-module-optimization -enforce-exclusivity\=checked @/Users/runner/Library/Developer/Xcode/DerivedData/AlbumManager-dmxhwzoxvsfmtkahqmfxhtjpefxd/Build/Intermediates.noindex/ArchiveIntermediates/AlbumManager/IntermediateBuildFilesPath/AlbumManager.build/Release-iphoneos/AlbumManager.build/Objects-normal/arm64/AlbumManager.SwiftFileList -D COCOAPODS -enable-bare-slash-regex -enable-experimental-feature DebugDescriptionMacro -sdk /Applications/Xcode_16.4.app/Contents/Developer/Platforms/iPhoneOS.platform/Developer/SDKs/iPhoneOS18.5.sdk -target arm64-apple-ios16.0 -g -module-cache-path /Users/runner/Library/Developer/Xcode/DerivedData/ModuleCache.noindex -Xfrontend -serialize-debugging-options -swift-version 5 -I /Users/runner/Library/Developer/Xcode/DerivedData/AlbumManager-dmxhwzoxvsfmtkahqmfxhtjpefxd/Build/Intermediates.noindex/ArchiveIntermediates/AlbumManager/BuildProductsPath/Release-iphoneos -F /Users/runner/Library/Developer/Xcode/DerivedData/AlbumManager-dmxhwzoxvsfmtkahqmfxhtjpefxd/Build/Intermediates.noindex/ArchiveIntermediates/AlbumManager/BuildProductsPath/Release-iphoneos -F /Users/runner/Library/Developer/Xcode/DerivedData/AlbumManager-dmxhwzoxvsfmtkahqmfxhtjpefxd/Build/Intermediates.noindex/ArchiveIntermediates/AlbumManager/BuildProductsPath/Release-iphoneos/WYYKit -F /Users/runner/work/Album_Manager/Album_Manager/Pods/UMAPM/UMAPM_2.0.7 -F /Users/runner/work/Album_Manager/Album_Manager/Pods/UMCommon/UMCommon_7.5.8 -F /Users/runner/work/Album_Manager/Album_Manager/Pods/UMDevice/UMDevice_3.5.0 -F /Users/runner/Library/Developer/Xcode/DerivedData/AlbumManager-dmxhwzoxvsfmtkahqmfxhtjpefxd/Build/Intermediates.noindex/ArchiveIntermediates/AlbumManager/BuildProductsPath/Release-iphoneos/XCFrameworkIntermediates/UMAPM -F /Users/runner/Library/Developer/Xcode/DerivedData/AlbumManager-dmxhwzoxvsfmtkahqmfxhtjpefxd/Build/Intermediates.noindex/ArchiveIntermediates/AlbumManager/BuildProductsPath/Release-iphoneos/XCFrameworkIntermediates/UMCommon -F /Users/runner/Library/Developer/Xcode/DerivedData/AlbumManager-dmxhwzoxvsfmtkahqmfxhtjpefxd/Build/Intermediates.noindex/ArchiveIntermediates/AlbumManager/BuildProductsPath/Release-iphoneos/XCFrameworkIntermediates/UMDevice -c -num-threads 3 -Xcc -ivfsstatcache -Xcc /Users/runner/Library/Developer/Xcode/DerivedData/SDKStatCaches.noindex/iphoneos18.5-22F76-a529daf784b3616c7c04a36aeb7f5c05.sdkstatcache -output-file-map /Users/runner/Library/Developer/Xcode/DerivedData/AlbumManager-dmxhwzoxvsfmtkahqmfxhtjpefxd/Build/Intermediates.noindex/ArchiveIntermediates/AlbumManager/IntermediateBuildFilesPath/AlbumManager.build/Release-iphoneos/AlbumManager.build/Objects-normal/arm64/AlbumManager-OutputFileMap.json -use-frontend-parseable-output -save-temps -no-color-diagnostics -serialize-diagnostics -emit-dependencies -emit-module -emit-module-path /Users/runner/Library/Developer/Xcode/DerivedData/AlbumManager-dmxhwzoxvsfmtkahqmfxhtjpefxd/Build/Intermediates.noindex/ArchiveIntermediates/AlbumManager/IntermediateBuildFilesPath/AlbumManager.build/Release-iphoneos/AlbumManager.build/Objects-normal/arm64/AlbumManager.swiftmodule -validate-clang-modules-once -clang-build-session-file /Users/runner/Library/Developer/Xcode/DerivedData/ModuleCache.noindex/Session.modulevalidation -Xcc -I/Users/runner/Library/Developer/Xcode/DerivedData/AlbumManager-dmxhwzoxvsfmtkahqmfxhtjpefxd/Build/Intermediates.noindex/ArchiveIntermediates/AlbumManager/IntermediateBuildFilesPath/AlbumManager.build/Release-iphoneos/AlbumManager.build/swift-overrides.hmap -emit-const-values -Xfrontend -const-gather-protocols-file -Xfrontend /Users/runner/Library/Developer/Xcode/DerivedData/AlbumManager-dmxhwzoxvsfmtkahqmfxhtjpefxd/Build/Intermediates.noindex/ArchiveIntermediates/AlbumManager/IntermediateBuildFilesPath/AlbumManager.build/Release-iphoneos/AlbumManager.build/Objects-normal/arm64/AlbumManager_const_extract_protocols.json -Xcc -iquote -Xcc /Users/runner/Library/Developer/Xcode/DerivedData/AlbumManager-dmxhwzoxvsfmtkahqmfxhtjpefxd/Build/Intermediates.noindex/ArchiveIntermediates/AlbumManager/IntermediateBuildFilesPath/AlbumManager.build/Release-iphoneos/AlbumManager.build/AlbumManager-generated-files.hmap -Xcc -I/Users/runner/Library/Developer/Xcode/DerivedData/AlbumManager-dmxhwzoxvsfmtkahqmfxhtjpefxd/Build/Intermediates.noindex/ArchiveIntermediates/AlbumManager/IntermediateBuildFilesPath/AlbumManager.build/Release-iphoneos/AlbumManager.build/AlbumManager-own-target-headers.hmap -Xcc -I/Users/runner/Library/Developer/Xcode/DerivedData/AlbumManager-dmxhwzoxvsfmtkahqmfxhtjpefxd/Build/Intermediates.noindex/ArchiveIntermediates/AlbumManager/IntermediateBuildFilesPath/AlbumManager.build/Release-iphoneos/AlbumManager.build/AlbumManager-all-non-framework-target-headers.hmap -Xcc -ivfsoverlay -Xcc /Users/runner/Library/Developer/Xcode/DerivedData/AlbumManager-dmxhwzoxvsfmtkahqmfxhtjpefxd/Build/Intermediates.noindex/ArchiveIntermediates/AlbumManager/IntermediateBuildFilesPath/AlbumManager.build/Release-iphoneos/AlbumManager-b2d579eab24b94c6a6162a10566c28bb-VFS-iphoneos/all-product-headers.yaml -Xcc -iquote -Xcc /Users/runner/Library/Developer/Xcode/DerivedData/AlbumManager-dmxhwzoxvsfmtkahqmfxhtjpefxd/Build/Intermediates.noindex/ArchiveIntermediates/AlbumManager/IntermediateBuildFilesPath/AlbumManager.build/Release-iphoneos/AlbumManager.build/AlbumManager-project-headers.hmap -Xcc -I/Users/runner/Library/Developer/Xcode/DerivedData/AlbumManager-dmxhwzoxvsfmtkahqmfxhtjpefxd/Build/Intermediates.noindex/ArchiveIntermediates/AlbumManager/BuildProductsPath/Release-iphoneos/include -Xcc -I/Users/runner/Library/Developer/Xcode/DerivedData/AlbumManager-dmxhwzoxvsfmtkahqmfxhtjpefxd/Build/Intermediates.noindex/ArchiveIntermediates/AlbumManager/BuildProductsPath/Release-iphoneos/WYYKit/WYYKit.framework/Headers -Xcc -I/Users/runner/Library/Developer/Xcode/DerivedData/AlbumManager-dmxhwzoxvsfmtkahqmfxhtjpefxd/Build/Intermediates.noindex/ArchiveIntermediates/AlbumManager/IntermediateBuildFilesPath/AlbumManager.build/Release-iphoneos/AlbumManager.build/DerivedSources-normal/arm64 -Xcc -I/Users/runner/Library/Developer/Xcode/DerivedData/AlbumManager-dmxhwzoxvsfmtkahqmfxhtjpefxd/Build/Intermediates.noindex/ArchiveIntermediates/AlbumManager/IntermediateBuildFilesPath/AlbumManager.build/Release-iphoneos/AlbumManager.build/DerivedSources/arm64 -Xcc -I/Users/runner/Library/Developer/Xcode/DerivedData/AlbumManager-dmxhwzoxvsfmtkahqmfxhtjpefxd/Build/Intermediates.noindex/ArchiveIntermediates/AlbumManager/IntermediateBuildFilesPath/AlbumManager.build/Release-iphoneos/AlbumManager.build/DerivedSources -Xcc -DCOCOAPODS\=1 -emit-objc-header -emit-objc-header-path /Users/runner/Library/Developer/Xcode/DerivedData/AlbumManager-dmxhwzoxvsfmtkahqmfxhtjpefxd/Build/Intermediates.noindex/ArchiveIntermediates/AlbumManager/IntermediateBuildFilesPath/AlbumManager.build/Release-iphoneos/AlbumManager.build/Objects-normal/arm64/AlbumManager-Swift.h -working-directory /Users/runner/work/Album_Manager/Album_Manager -no-emit-module-separately-wmo

SwiftMergeGeneratedHeaders /Users/runner/Library/Developer/Xcode/DerivedData/AlbumManager-dmxhwzoxvsfmtkahqmfxhtjpefxd/Build/Intermediates.noindex/ArchiveIntermediates/AlbumManager/IntermediateBuildFilesPath/AlbumManager.build/Release-iphoneos/AlbumManager.build/DerivedSources/AlbumManager-Swift.h /Users/runner/Library/Developer/Xcode/DerivedData/AlbumManager-dmxhwzoxvsfmtkahqmfxhtjpefxd/Build/Intermediates.noindex/ArchiveIntermediates/AlbumManager/IntermediateBuildFilesPath/AlbumManager.build/Release-iphoneos/AlbumManager.build/Objects-normal/arm64/AlbumManager-Swift.h (in target 'AlbumManager' from project 'AlbumManager')
    cd /Users/runner/work/Album_Manager/Album_Manager
    builtin-swiftHeaderTool -arch arm64 /Users/runner/Library/Developer/Xcode/DerivedData/AlbumManager-dmxhwzoxvsfmtkahqmfxhtjpefxd/Build/Intermediates.noindex/ArchiveIntermediates/AlbumManager/IntermediateBuildFilesPath/AlbumManager.build/Release-iphoneos/AlbumManager.build/Objects-normal/arm64/AlbumManager-Swift.h -o /Users/runner/Library/Developer/Xcode/DerivedData/AlbumManager-dmxhwzoxvsfmtkahqmfxhtjpefxd/Build/Intermediates.noindex/ArchiveIntermediates/AlbumManager/IntermediateBuildFilesPath/AlbumManager.build/Release-iphoneos/AlbumManager.build/DerivedSources/AlbumManager-Swift.h

Copy /Users/runner/Library/Developer/Xcode/DerivedData/AlbumManager-dmxhwzoxvsfmtkahqmfxhtjpefxd/Build/Intermediates.noindex/ArchiveIntermediates/AlbumManager/BuildProductsPath/Release-iphoneos/AlbumManager.swiftmodule/arm64-apple-ios.swiftmodule /Users/runner/Library/Developer/Xcode/DerivedData/AlbumManager-dmxhwzoxvsfmtkahqmfxhtjpefxd/Build/Intermediates.noindex/ArchiveIntermediates/AlbumManager/IntermediateBuildFilesPath/AlbumManager.build/Release-iphoneos/AlbumManager.build/Objects-normal/arm64/AlbumManager.swiftmodule (in target 'AlbumManager' from project 'AlbumManager')
    cd /Users/runner/work/Album_Manager/Album_Manager
    builtin-copy -exclude .DS_Store -exclude CVS -exclude .svn -exclude .git -exclude .hg -resolve-src-symlinks -rename /Users/runner/Library/Developer/Xcode/DerivedData/AlbumManager-dmxhwzoxvsfmtkahqmfxhtjpefxd/Build/Intermediates.noindex/ArchiveIntermediates/AlbumManager/IntermediateBuildFilesPath/AlbumManager.build/Release-iphoneos/AlbumManager.build/Objects-normal/arm64/AlbumManager.swiftmodule /Users/runner/Library/Developer/Xcode/DerivedData/AlbumManager-dmxhwzoxvsfmtkahqmfxhtjpefxd/Build/Intermediates.noindex/ArchiveIntermediates/AlbumManager/BuildProductsPath/Release-iphoneos/AlbumManager.swiftmodule/arm64-apple-ios.swiftmodule

Copy /Users/runner/Library/Developer/Xcode/DerivedData/AlbumManager-dmxhwzoxvsfmtkahqmfxhtjpefxd/Build/Intermediates.noindex/ArchiveIntermediates/AlbumManager/BuildProductsPath/Release-iphoneos/AlbumManager.swiftmodule/arm64-apple-ios.swiftdoc /Users/runner/Library/Developer/Xcode/DerivedData/AlbumManager-dmxhwzoxvsfmtkahqmfxhtjpefxd/Build/Intermediates.noindex/ArchiveIntermediates/AlbumManager/IntermediateBuildFilesPath/AlbumManager.build/Release-iphoneos/AlbumManager.build/Objects-normal/arm64/AlbumManager.swiftdoc (in target 'AlbumManager' from project 'AlbumManager')
    cd /Users/runner/work/Album_Manager/Album_Manager
    builtin-copy -exclude .DS_Store -exclude CVS -exclude .svn -exclude .git -exclude .hg -resolve-src-symlinks -rename /Users/runner/Library/Developer/Xcode/DerivedData/AlbumManager-dmxhwzoxvsfmtkahqmfxhtjpefxd/Build/Intermediates.noindex/ArchiveIntermediates/AlbumManager/IntermediateBuildFilesPath/AlbumManager.build/Release-iphoneos/AlbumManager.build/Objects-normal/arm64/AlbumManager.swiftdoc /Users/runner/Library/Developer/Xcode/DerivedData/AlbumManager-dmxhwzoxvsfmtkahqmfxhtjpefxd/Build/Intermediates.noindex/ArchiveIntermediates/AlbumManager/BuildProductsPath/Release-iphoneos/AlbumManager.swiftmodule/arm64-apple-ios.swiftdoc

Copy /Users/runner/Library/Developer/Xcode/DerivedData/AlbumManager-dmxhwzoxvsfmtkahqmfxhtjpefxd/Build/Intermediates.noindex/ArchiveIntermediates/AlbumManager/BuildProductsPath/Release-iphoneos/AlbumManager.swiftmodule/arm64-apple-ios.abi.json /Users/runner/Library/Developer/Xcode/DerivedData/AlbumManager-dmxhwzoxvsfmtkahqmfxhtjpefxd/Build/Intermediates.noindex/ArchiveIntermediates/AlbumManager/IntermediateBuildFilesPath/AlbumManager.build/Release-iphoneos/AlbumManager.build/Objects-normal/arm64/AlbumManager.abi.json (in target 'AlbumManager' from project 'AlbumManager')
    cd /Users/runner/work/Album_Manager/Album_Manager
    builtin-copy -exclude .DS_Store -exclude CVS -exclude .svn -exclude .git -exclude .hg -resolve-src-symlinks -rename /Users/runner/Library/Developer/Xcode/DerivedData/AlbumManager-dmxhwzoxvsfmtkahqmfxhtjpefxd/Build/Intermediates.noindex/ArchiveIntermediates/AlbumManager/IntermediateBuildFilesPath/AlbumManager.build/Release-iphoneos/AlbumManager.build/Objects-normal/arm64/AlbumManager.abi.json /Users/runner/Library/Developer/Xcode/DerivedData/AlbumManager-dmxhwzoxvsfmtkahqmfxhtjpefxd/Build/Intermediates.noindex/ArchiveIntermediates/AlbumManager/BuildProductsPath/Release-iphoneos/AlbumManager.swiftmodule/arm64-apple-ios.abi.json

ScanDependencies /Users/runner/Library/Developer/Xcode/DerivedData/AlbumManager-dmxhwzoxvsfmtkahqmfxhtjpefxd/Build/Intermediates.noindex/ArchiveIntermediates/AlbumManager/IntermediateBuildFilesPath/AlbumManager.build/Release-iphoneos/AlbumManager.build/Objects-normal/arm64/AlbumManager_vers.o /Users/runner/Library/Developer/Xcode/DerivedData/AlbumManager-dmxhwzoxvsfmtkahqmfxhtjpefxd/Build/Intermediates.noindex/ArchiveIntermediates/AlbumManager/IntermediateBuildFilesPath/AlbumManager.build/Release-iphoneos/AlbumManager.build/DerivedSources/AlbumManager_vers.c normal arm64 c com.apple.compilers.llvm.clang.1_0.compiler (in target 'AlbumManager' from project 'AlbumManager')
    cd /Users/runner/work/Album_Manager/Album_Manager
    
    Using response file: /Users/runner/Library/Developer/Xcode/DerivedData/AlbumManager-dmxhwzoxvsfmtkahqmfxhtjpefxd/Build/Intermediates.noindex/ArchiveIntermediates/AlbumManager/IntermediateBuildFilesPath/AlbumManager.build/Release-iphoneos/AlbumManager.build/Objects-normal/arm64/7187679823f38a2a940e0043cdf9d637-common-args.resp
    
    builtin-ScanDependencies -o /Users/runner/Library/Developer/Xcode/DerivedData/AlbumManager-dmxhwzoxvsfmtkahqmfxhtjpefxd/Build/Intermediates.noindex/ArchiveIntermediates/AlbumManager/IntermediateBuildFilesPath/AlbumManager.build/Release-iphoneos/AlbumManager.build/Objects-normal/arm64/AlbumManager_vers.o.scan -- /Applications/Xcode_16.4.app/Contents/Developer/Toolchains/XcodeDefault.xctoolchain/usr/bin/clang -x c -ivfsstatcache /Users/runner/Library/Developer/Xcode/DerivedData/SDKStatCaches.noindex/iphoneos18.5-22F76-a529daf784b3616c7c04a36aeb7f5c05.sdkstatcache -fmessage-length\=0 -fdiagnostics-show-note-include-stack -fmacro-backtrace-limit\=0 -fno-color-diagnostics -fmodules-prune-interval\=86400 -fmodules-prune-after\=345600 -fbuild-session-file\=/Users/runner/Library/Developer/Xcode/DerivedData/ModuleCache.noindex/Session.modulevalidation -fmodules-validate-once-per-build-session -Wnon-modular-include-in-framework-module -Werror\=non-modular-include-in-framework-module -Wno-trigraphs -Wno-missing-field-initializers -Wno-missing-prototypes -Werror\=return-type -Wdocumentation -Wunreachable-code -Werror\=deprecated-objc-isa-usage -Werror\=objc-root-class -Wno-missing-braces -Wparentheses -Wswitch -Wunused-function -Wno-unused-label -Wno-unused-parameter -Wunused-variable -Wunused-value -Wempty-body -Wuninitialized -Wconditional-uninitialized -Wno-unknown-pragmas -Wno-shadow -Wno-four-char-constants -Wno-conversion -Wconstant-conversion -Wint-conversion -Wbool-conversion -Wenum-conversion -Wno-float-conversion -Wnon-literal-null-conversion -Wobjc-literal-conversion -Wshorten-64-to-32 -Wpointer-sign -Wno-newline-eof -Wno-implicit-fallthrough -fstrict-aliasing -Wdeprecated-declarations -Wno-sign-conversion -Winfinite-recursion -Wcomma -Wblock-capture-autoreleasing -Wstrict-prototypes -Wno-semicolon-before-method-body -Wunguarded-availability @/Users/runner/Library/Developer/Xcode/DerivedData/AlbumManager-dmxhwzoxvsfmtkahqmfxhtjpefxd/Build/Intermediates.noindex/ArchiveIntermediates/AlbumManager/IntermediateBuildFilesPath/AlbumManager.build/Release-iphoneos/AlbumManager.build/Objects-normal/arm64/7187679823f38a2a940e0043cdf9d637-common-args.resp -MMD -MT dependencies -MF /Users/runner/Library/Developer/Xcode/DerivedData/AlbumManager-dmxhwzoxvsfmtkahqmfxhtjpefxd/Build/Intermediates.noindex/ArchiveIntermediates/AlbumManager/IntermediateBuildFilesPath/AlbumManager.build/Release-iphoneos/AlbumManager.build/Objects-normal/arm64/AlbumManager_vers.d --serialize-diagnostics /Users/runner/Library/Developer/Xcode/DerivedData/AlbumManager-dmxhwzoxvsfmtkahqmfxhtjpefxd/Build/Intermediates.noindex/ArchiveIntermediates/AlbumManager/IntermediateBuildFilesPath/AlbumManager.build/Release-iphoneos/AlbumManager.build/Objects-normal/arm64/AlbumManager_vers.dia -c /Users/runner/Library/Developer/Xcode/DerivedData/AlbumManager-dmxhwzoxvsfmtkahqmfxhtjpefxd/Build/Intermediates.noindex/ArchiveIntermediates/AlbumManager/IntermediateBuildFilesPath/AlbumManager.build/Release-iphoneos/AlbumManager.build/DerivedSources/AlbumManager_vers.c -o /Users/runner/Library/Developer/Xcode/DerivedData/AlbumManager-dmxhwzoxvsfmtkahqmfxhtjpefxd/Build/Intermediates.noindex/ArchiveIntermediates/AlbumManager/IntermediateBuildFilesPath/AlbumManager.build/Release-iphoneos/AlbumManager.build/Objects-normal/arm64/AlbumManager_vers.o

CompileC /Users/runner/Library/Developer/Xcode/DerivedData/AlbumManager-dmxhwzoxvsfmtkahqmfxhtjpefxd/Build/Intermediates.noindex/ArchiveIntermediates/AlbumManager/IntermediateBuildFilesPath/AlbumManager.build/Release-iphoneos/AlbumManager.build/Objects-normal/arm64/AlbumManager_vers.o /Users/runner/Library/Developer/Xcode/DerivedData/AlbumManager-dmxhwzoxvsfmtkahqmfxhtjpefxd/Build/Intermediates.noindex/ArchiveIntermediates/AlbumManager/IntermediateBuildFilesPath/AlbumManager.build/Release-iphoneos/AlbumManager.build/DerivedSources/AlbumManager_vers.c normal arm64 c com.apple.compilers.llvm.clang.1_0.compiler (in target 'AlbumManager' from project 'AlbumManager')
    cd /Users/runner/work/Album_Manager/Album_Manager
    
    Using response file: /Users/runner/Library/Developer/Xcode/DerivedData/AlbumManager-dmxhwzoxvsfmtkahqmfxhtjpefxd/Build/Intermediates.noindex/ArchiveIntermediates/AlbumManager/IntermediateBuildFilesPath/AlbumManager.build/Release-iphoneos/AlbumManager.build/Objects-normal/arm64/7187679823f38a2a940e0043cdf9d637-common-args.resp
    
    /Applications/Xcode_16.4.app/Contents/Developer/Toolchains/XcodeDefault.xctoolchain/usr/bin/clang -x c -ivfsstatcache /Users/runner/Library/Developer/Xcode/DerivedData/SDKStatCaches.noindex/iphoneos18.5-22F76-a529daf784b3616c7c04a36aeb7f5c05.sdkstatcache -fmessage-length\=0 -fdiagnostics-show-note-include-stack -fmacro-backtrace-limit\=0 -fno-color-diagnostics -fmodules-prune-interval\=86400 -fmodules-prune-after\=345600 -fbuild-session-file\=/Users/runner/Library/Developer/Xcode/DerivedData/ModuleCache.noindex/Session.modulevalidation -fmodules-validate-once-per-build-session -Wnon-modular-include-in-framework-module -Werror\=non-modular-include-in-framework-module -Wno-trigraphs -Wno-missing-field-initializers -Wno-missing-prototypes -Werror\=return-type -Wdocumentation -Wunreachable-code -Werror\=deprecated-objc-isa-usage -Werror\=objc-root-class -Wno-missing-braces -Wparentheses -Wswitch -Wunused-function -Wno-unused-label -Wno-unused-parameter -Wunused-variable -Wunused-value -Wempty-body -Wuninitialized -Wconditional-uninitialized -Wno-unknown-pragmas -Wno-shadow -Wno-four-char-constants -Wno-conversion -Wconstant-conversion -Wint-conversion -Wbool-conversion -Wenum-conversion -Wno-float-conversion -Wnon-literal-null-conversion -Wobjc-literal-conversion -Wshorten-64-to-32 -Wpointer-sign -Wno-newline-eof -Wno-implicit-fallthrough -fstrict-aliasing -Wdeprecated-declarations -Wno-sign-conversion -Winfinite-recursion -Wcomma -Wblock-capture-autoreleasing -Wstrict-prototypes -Wno-semicolon-before-method-body -Wunguarded-availability @/Users/runner/Library/Developer/Xcode/DerivedData/AlbumManager-dmxhwzoxvsfmtkahqmfxhtjpefxd/Build/Intermediates.noindex/ArchiveIntermediates/AlbumManager/IntermediateBuildFilesPath/AlbumManager.build/Release-iphoneos/AlbumManager.build/Objects-normal/arm64/7187679823f38a2a940e0043cdf9d637-common-args.resp -MMD -MT dependencies -MF /Users/runner/Library/Developer/Xcode/DerivedData/AlbumManager-dmxhwzoxvsfmtkahqmfxhtjpefxd/Build/Intermediates.noindex/ArchiveIntermediates/AlbumManager/IntermediateBuildFilesPath/AlbumManager.build/Release-iphoneos/AlbumManager.build/Objects-normal/arm64/AlbumManager_vers.d --serialize-diagnostics /Users/runner/Library/Developer/Xcode/DerivedData/AlbumManager-dmxhwzoxvsfmtkahqmfxhtjpefxd/Build/Intermediates.noindex/ArchiveIntermediates/AlbumManager/IntermediateBuildFilesPath/AlbumManager.build/Release-iphoneos/AlbumManager.build/Objects-normal/arm64/AlbumManager_vers.dia -c /Users/runner/Library/Developer/Xcode/DerivedData/AlbumManager-dmxhwzoxvsfmtkahqmfxhtjpefxd/Build/Intermediates.noindex/ArchiveIntermediates/AlbumManager/IntermediateBuildFilesPath/AlbumManager.build/Release-iphoneos/AlbumManager.build/DerivedSources/AlbumManager_vers.c -o /Users/runner/Library/Developer/Xcode/DerivedData/AlbumManager-dmxhwzoxvsfmtkahqmfxhtjpefxd/Build/Intermediates.noindex/ArchiveIntermediates/AlbumManager/IntermediateBuildFilesPath/AlbumManager.build/Release-iphoneos/AlbumManager.build/Objects-normal/arm64/AlbumManager_vers.o

Ld /Users/runner/Library/Developer/Xcode/DerivedData/AlbumManager-dmxhwzoxvsfmtkahqmfxhtjpefxd/Build/Intermediates.noindex/ArchiveIntermediates/AlbumManager/InstallationBuildProductsLocation/Applications/AlbumManager.app/AlbumManager normal (in target 'AlbumManager' from project 'AlbumManager')
    cd /Users/runner/work/Album_Manager/Album_Manager
    /Applications/Xcode_16.4.app/Contents/Developer/Toolchains/XcodeDefault.xctoolchain/usr/bin/clang -Xlinker -reproducible -target arm64-apple-ios16.0 -isysroot /Applications/Xcode_16.4.app/Contents/Developer/Platforms/iPhoneOS.platform/Developer/SDKs/iPhoneOS18.5.sdk -Os -L/Users/runner/Library/Developer/Xcode/DerivedData/AlbumManager-dmxhwzoxvsfmtkahqmfxhtjpefxd/Build/Intermediates.noindex/ArchiveIntermediates/AlbumManager/IntermediateBuildFilesPath/EagerLinkingTBDs/Release-iphoneos -L/Users/runner/Library/Developer/Xcode/DerivedData/AlbumManager-dmxhwzoxvsfmtkahqmfxhtjpefxd/Build/Intermediates.noindex/ArchiveIntermediates/AlbumManager/BuildProductsPath/Release-iphoneos -L/Applications/Xcode_16.4.app/Contents/Developer/Toolchains/XcodeDefault.xctoolchain/usr/lib/swift/iphoneos -L/Applications/Xcode_16.4.app/Contents/Developer/Platforms/iPhoneOS.platform/Developer/SDKs/iPhoneOS18.5.sdk/usr/lib/swift -F/Users/runner/Library/Developer/Xcode/DerivedData/AlbumManager-dmxhwzoxvsfmtkahqmfxhtjpefxd/Build/Intermediates.noindex/ArchiveIntermediates/AlbumManager/IntermediateBuildFilesPath/EagerLinkingTBDs/Release-iphoneos -F/Users/runner/Library/Developer/Xcode/DerivedData/AlbumManager-dmxhwzoxvsfmtkahqmfxhtjpefxd/Build/Intermediates.noindex/ArchiveIntermediates/AlbumManager/BuildProductsPath/Release-iphoneos -F/Users/runner/Library/Developer/Xcode/DerivedData/AlbumManager-dmxhwzoxvsfmtkahqmfxhtjpefxd/Build/Intermediates.noindex/ArchiveIntermediates/AlbumManager/BuildProductsPath/Release-iphoneos/WYYKit -F/Users/runner/work/Album_Manager/Album_Manager/Pods/UMAPM/UMAPM_2.0.7 -F/Users/runner/work/Album_Manager/Album_Manager/Pods/UMCommon/UMCommon_7.5.8 -F/Users/runner/work/Album_Manager/Album_Manager/Pods/UMDevice/UMDevice_3.5.0 -F/Users/runner/Library/Developer/Xcode/DerivedData/AlbumManager-dmxhwzoxvsfmtkahqmfxhtjpefxd/Build/Intermediates.noindex/ArchiveIntermediates/AlbumManager/BuildProductsPath/Release-iphoneos/XCFrameworkIntermediates/UMAPM -F/Users/runner/Library/Developer/Xcode/DerivedData/AlbumManager-dmxhwzoxvsfmtkahqmfxhtjpefxd/Build/Intermediates.noindex/ArchiveIntermediates/AlbumManager/BuildProductsPath/Release-iphoneos/XCFrameworkIntermediates/UMCommon -F/Users/runner/Library/Developer/Xcode/DerivedData/AlbumManager-dmxhwzoxvsfmtkahqmfxhtjpefxd/Build/Intermediates.noindex/ArchiveIntermediates/AlbumManager/BuildProductsPath/Release-iphoneos/XCFrameworkIntermediates/UMDevice -filelist /Users/runner/Library/Developer/Xcode/DerivedData/AlbumManager-dmxhwzoxvsfmtkahqmfxhtjpefxd/Build/Intermediates.noindex/ArchiveIntermediates/AlbumManager/IntermediateBuildFilesPath/AlbumManager.build/Release-iphoneos/AlbumManager.build/Objects-normal/arm64/AlbumManager.LinkFileList -Xlinker -rpath -Xlinker /usr/lib/swift -Xlinker -rpath -Xlinker @executable_path/Frameworks -Xlinker -rpath -Xlinker @loader_path/Frameworks -dead_strip -Xlinker -object_path_lto -Xlinker /Users/runner/Library/Developer/Xcode/DerivedData/AlbumManager-dmxhwzoxvsfmtkahqmfxhtjpefxd/Build/Intermediates.noindex/ArchiveIntermediates/AlbumManager/IntermediateBuildFilesPath/AlbumManager.build/Release-iphoneos/AlbumManager.build/Objects-normal/arm64/AlbumManager_lto.o -Xlinker -final_output -Xlinker /Applications/AlbumManager.app/AlbumManager -Xlinker -dependency_info -Xlinker /Users/runner/Library/Developer/Xcode/DerivedData/AlbumManager-dmxhwzoxvsfmtkahqmfxhtjpefxd/Build/Intermediates.noindex/ArchiveIntermediates/AlbumManager/IntermediateBuildFilesPath/AlbumManager.build/Release-iphoneos/AlbumManager.build/Objects-normal/arm64/AlbumManager_dependency_info.dat -fobjc-link-runtime -L/Applications/Xcode_16.4.app/Contents/Developer/Toolchains/XcodeDefault.xctoolchain/usr/lib/swift/iphoneos -L/usr/lib/swift -Xlinker -add_ast_path -Xlinker /Users/runner/Library/Developer/Xcode/DerivedData/AlbumManager-dmxhwzoxvsfmtkahqmfxhtjpefxd/Build/Intermediates.noindex/ArchiveIntermediates/AlbumManager/IntermediateBuildFilesPath/AlbumManager.build/Release-iphoneos/AlbumManager.build/Objects-normal/arm64/AlbumManager.swiftmodule -ObjC -lc++ -lsqlite3 -lz -framework AdServices -framework CoreTelephony -framework Foundation -framework Security -framework StoreKit -framework SystemConfiguration -framework UMAPM -framework UMCommon -framework UMDevice -framework WYYKit -framework WebKit -framework Pods_AlbumManager -Xlinker -no_adhoc_codesign -o /Users/runner/Library/Developer/Xcode/DerivedData/AlbumManager-dmxhwzoxvsfmtkahqmfxhtjpefxd/Build/Intermediates.noindex/ArchiveIntermediates/AlbumManager/InstallationBuildProductsLocation/Applications/AlbumManager.app/AlbumManager

CopySwiftLibs /Users/runner/Library/Developer/Xcode/DerivedData/AlbumManager-dmxhwzoxvsfmtkahqmfxhtjpefxd/Build/Intermediates.noindex/ArchiveIntermediates/AlbumManager/InstallationBuildProductsLocation/Applications/AlbumManager.app (in target 'AlbumManager' from project 'AlbumManager')
    cd /Users/runner/work/Album_Manager/Album_Manager
    builtin-swiftStdLibTool --copy --verbose --sign 279E2C6F35C6EAB1BB4671E44EBB3DB03A961426 --scan-executable /Users/runner/Library/Developer/Xcode/DerivedData/AlbumManager-dmxhwzoxvsfmtkahqmfxhtjpefxd/Build/Intermediates.noindex/ArchiveIntermediates/AlbumManager/InstallationBuildProductsLocation/Applications/AlbumManager.app/AlbumManager --scan-folder /Users/runner/Library/Developer/Xcode/DerivedData/AlbumManager-dmxhwzoxvsfmtkahqmfxhtjpefxd/Build/Intermediates.noindex/ArchiveIntermediates/AlbumManager/InstallationBuildProductsLocation/Applications/AlbumManager.app/Frameworks --scan-folder /Users/runner/Library/Developer/Xcode/DerivedData/AlbumManager-dmxhwzoxvsfmtkahqmfxhtjpefxd/Build/Intermediates.noindex/ArchiveIntermediates/AlbumManager/InstallationBuildProductsLocation/Applications/AlbumManager.app/PlugIns --scan-folder /Users/runner/Library/Developer/Xcode/DerivedData/AlbumManager-dmxhwzoxvsfmtkahqmfxhtjpefxd/Build/Intermediates.noindex/ArchiveIntermediates/AlbumManager/InstallationBuildProductsLocation/Applications/AlbumManager.app/SystemExtensions --scan-folder /Users/runner/Library/Developer/Xcode/DerivedData/AlbumManager-dmxhwzoxvsfmtkahqmfxhtjpefxd/Build/Intermediates.noindex/ArchiveIntermediates/AlbumManager/InstallationBuildProductsLocation/Applications/AlbumManager.app/Extensions --scan-folder /Users/runner/Library/Developer/Xcode/DerivedData/AlbumManager-dmxhwzoxvsfmtkahqmfxhtjpefxd/Build/Intermediates.noindex/ArchiveIntermediates/AlbumManager/BuildProductsPath/Release-iphoneos/Pods_AlbumManager.framework --platform iphoneos --toolchain /Applications/Xcode_16.4.app/Contents/Developer/Toolchains/XcodeDefault.xctoolchain --destination /Users/runner/Library/Developer/Xcode/DerivedData/AlbumManager-dmxhwzoxvsfmtkahqmfxhtjpefxd/Build/Intermediates.noindex/ArchiveIntermediates/AlbumManager/InstallationBuildProductsLocation/Applications/AlbumManager.app/Frameworks --unsigned-destination /Users/runner/Library/Developer/Xcode/DerivedData/AlbumManager-dmxhwzoxvsfmtkahqmfxhtjpefxd/Build/Intermediates.noindex/ArchiveIntermediates/AlbumManager/BuildProductsPath/SwiftSupport --strip-bitcode --strip-bitcode-tool /Applications/Xcode_16.4.app/Contents/Developer/Toolchains/XcodeDefault.xctoolchain/usr/bin/bitcode_strip --emit-dependency-info /Users/runner/Library/Developer/Xcode/DerivedData/AlbumManager-dmxhwzoxvsfmtkahqmfxhtjpefxd/Build/Intermediates.noindex/ArchiveIntermediates/AlbumManager/IntermediateBuildFilesPath/AlbumManager.build/Release-iphoneos/AlbumManager.build/SwiftStdLibToolInputDependencies.dep --filter-for-swift-os

ExtractAppIntentsMetadata (in target 'AlbumManager' from project 'AlbumManager')
    cd /Users/runner/work/Album_Manager/Album_Manager
    /Applications/Xcode_16.4.app/Contents/Developer/Toolchains/XcodeDefault.xctoolchain/usr/bin/appintentsmetadataprocessor --toolchain-dir /Applications/Xcode_16.4.app/Contents/Developer/Toolchains/XcodeDefault.xctoolchain --module-name AlbumManager --sdk-root /Applications/Xcode_16.4.app/Contents/Developer/Platforms/iPhoneOS.platform/Developer/SDKs/iPhoneOS18.5.sdk --xcode-version 16F6 --platform-family iOS --deployment-target 16.0 --bundle-identifier com.album.abortin.abortion --output /Users/runner/Library/Developer/Xcode/DerivedData/AlbumManager-dmxhwzoxvsfmtkahqmfxhtjpefxd/Build/Intermediates.noindex/ArchiveIntermediates/AlbumManager/InstallationBuildProductsLocation/Applications/AlbumManager.app --target-triple arm64-apple-ios16.0 --binary-file /Users/runner/Library/Developer/Xcode/DerivedData/AlbumManager-dmxhwzoxvsfmtkahqmfxhtjpefxd/Build/Intermediates.noindex/ArchiveIntermediates/AlbumManager/InstallationBuildProductsLocation/Applications/AlbumManager.app/AlbumManager --dependency-file /Users/runner/Library/Developer/Xcode/DerivedData/AlbumManager-dmxhwzoxvsfmtkahqmfxhtjpefxd/Build/Intermediates.noindex/ArchiveIntermediates/AlbumManager/IntermediateBuildFilesPath/AlbumManager.build/Release-iphoneos/AlbumManager.build/Objects-normal/arm64/AlbumManager_dependency_info.dat --stringsdata-file /Users/runner/Library/Developer/Xcode/DerivedData/AlbumManager-dmxhwzoxvsfmtkahqmfxhtjpefxd/Build/Intermediates.noindex/ArchiveIntermediates/AlbumManager/IntermediateBuildFilesPath/AlbumManager.build/Release-iphoneos/AlbumManager.build/Objects-normal/arm64/ExtractedAppShortcutsMetadata.stringsdata --source-file-list /Users/runner/Library/Developer/Xcode/DerivedData/AlbumManager-dmxhwzoxvsfmtkahqmfxhtjpefxd/Build/Intermediates.noindex/ArchiveIntermediates/AlbumManager/IntermediateBuildFilesPath/AlbumManager.build/Release-iphoneos/AlbumManager.build/Objects-normal/arm64/AlbumManager.SwiftFileList --metadata-file-list /Users/runner/Library/Developer/Xcode/DerivedData/AlbumManager-dmxhwzoxvsfmtkahqmfxhtjpefxd/Build/Intermediates.noindex/ArchiveIntermediates/AlbumManager/IntermediateBuildFilesPath/AlbumManager.build/Release-iphoneos/AlbumManager.build/AlbumManager.DependencyMetadataFileList --static-metadata-file-list /Users/runner/Library/Developer/Xcode/DerivedData/AlbumManager-dmxhwzoxvsfmtkahqmfxhtjpefxd/Build/Intermediates.noindex/ArchiveIntermediates/AlbumManager/IntermediateBuildFilesPath/AlbumManager.build/Release-iphoneos/AlbumManager.build/AlbumManager.DependencyStaticMetadataFileList --swift-const-vals-list /Users/runner/Library/Developer/Xcode/DerivedData/AlbumManager-dmxhwzoxvsfmtkahqmfxhtjpefxd/Build/Intermediates.noindex/ArchiveIntermediates/AlbumManager/IntermediateBuildFilesPath/AlbumManager.build/Release-iphoneos/AlbumManager.build/Objects-normal/arm64/AlbumManager.SwiftConstValuesFileList --compile-time-extraction --deployment-aware-processing --validate-assistant-intents --no-app-shortcuts-localization
2026-03-25 05:53:53.570 appintentsmetadataprocessor[16663:53697] Starting appintentsmetadataprocessor export
2026-03-25 05:53:53.576 appintentsmetadataprocessor[16663:53697] warning: Metadata extraction skipped. No AppIntents.framework dependency found.

GenerateDSYMFile /Users/runner/Library/Developer/Xcode/DerivedData/AlbumManager-dmxhwzoxvsfmtkahqmfxhtjpefxd/Build/Intermediates.noindex/ArchiveIntermediates/AlbumManager/BuildProductsPath/Release-iphoneos/AlbumManager.app.dSYM /Users/runner/Library/Developer/Xcode/DerivedData/AlbumManager-dmxhwzoxvsfmtkahqmfxhtjpefxd/Build/Intermediates.noindex/ArchiveIntermediates/AlbumManager/InstallationBuildProductsLocation/Applications/AlbumManager.app/AlbumManager (in target 'AlbumManager' from project 'AlbumManager')
    cd /Users/runner/work/Album_Manager/Album_Manager
    /Applications/Xcode_16.4.app/Contents/Developer/Toolchains/XcodeDefault.xctoolchain/usr/bin/dsymutil /Users/runner/Library/Developer/Xcode/DerivedData/AlbumManager-dmxhwzoxvsfmtkahqmfxhtjpefxd/Build/Intermediates.noindex/ArchiveIntermediates/AlbumManager/InstallationBuildProductsLocation/Applications/AlbumManager.app/AlbumManager -o /Users/runner/Library/Developer/Xcode/DerivedData/AlbumManager-dmxhwzoxvsfmtkahqmfxhtjpefxd/Build/Intermediates.noindex/ArchiveIntermediates/AlbumManager/BuildProductsPath/Release-iphoneos/AlbumManager.app.dSYM

AppIntentsSSUTraining (in target 'AlbumManager' from project 'AlbumManager')
    cd /Users/runner/work/Album_Manager/Album_Manager
    /Applications/Xcode_16.4.app/Contents/Developer/Toolchains/XcodeDefault.xctoolchain/usr/bin/appintentsnltrainingprocessor --infoplist-path /Users/runner/Library/Developer/Xcode/DerivedData/AlbumManager-dmxhwzoxvsfmtkahqmfxhtjpefxd/Build/Intermediates.noindex/ArchiveIntermediates/AlbumManager/InstallationBuildProductsLocation/Applications/AlbumManager.app/Info.plist --temp-dir-path /Users/runner/Library/Developer/Xcode/DerivedData/AlbumManager-dmxhwzoxvsfmtkahqmfxhtjpefxd/Build/Intermediates.noindex/ArchiveIntermediates/AlbumManager/IntermediateBuildFilesPath/AlbumManager.build/Release-iphoneos/AlbumManager.build/ssu --bundle-id com.album.abortin.abortion --product-path /Users/runner/Library/Developer/Xcode/DerivedData/AlbumManager-dmxhwzoxvsfmtkahqmfxhtjpefxd/Build/Intermediates.noindex/ArchiveIntermediates/AlbumManager/InstallationBuildProductsLocation/Applications/AlbumManager.app --extracted-metadata-path /Users/runner/Library/Developer/Xcode/DerivedData/AlbumManager-dmxhwzoxvsfmtkahqmfxhtjpefxd/Build/Intermediates.noindex/ArchiveIntermediates/AlbumManager/InstallationBuildProductsLocation/Applications/AlbumManager.app/Metadata.appintents --deployment-postprocessing --metadata-file-list /Users/runner/Library/Developer/Xcode/DerivedData/AlbumManager-dmxhwzoxvsfmtkahqmfxhtjpefxd/Build/Intermediates.noindex/ArchiveIntermediates/AlbumManager/IntermediateBuildFilesPath/AlbumManager.build/Release-iphoneos/AlbumManager.build/AlbumManager.DependencyMetadataFileList --archive-ssu-assets
2026-03-25 05:53:53.624 appintentsnltrainingprocessor[16665:53699] Parsing options for appintentsnltrainingprocessor
2026-03-25 05:53:53.629 appintentsnltrainingprocessor[16665:53699] No AppShortcuts found - Skipping.

Strip /Users/runner/Library/Developer/Xcode/DerivedData/AlbumManager-dmxhwzoxvsfmtkahqmfxhtjpefxd/Build/Intermediates.noindex/ArchiveIntermediates/AlbumManager/InstallationBuildProductsLocation/Applications/AlbumManager.app/AlbumManager (in target 'AlbumManager' from project 'AlbumManager')
    cd /Users/runner/work/Album_Manager/Album_Manager
    /Applications/Xcode_16.4.app/Contents/Developer/Toolchains/XcodeDefault.xctoolchain/usr/bin/strip -D /Users/runner/Library/Developer/Xcode/DerivedData/AlbumManager-dmxhwzoxvsfmtkahqmfxhtjpefxd/Build/Intermediates.noindex/ArchiveIntermediates/AlbumManager/InstallationBuildProductsLocation/Applications/AlbumManager.app/AlbumManager

SetOwnerAndGroup runner:staff /Users/runner/Library/Developer/Xcode/DerivedData/AlbumManager-dmxhwzoxvsfmtkahqmfxhtjpefxd/Build/Intermediates.noindex/ArchiveIntermediates/AlbumManager/InstallationBuildProductsLocation/Applications/AlbumManager.app (in target 'AlbumManager' from project 'AlbumManager')
    cd /Users/runner/work/Album_Manager/Album_Manager
    /usr/sbin/chown -RH runner:staff /Users/runner/Library/Developer/Xcode/DerivedData/AlbumManager-dmxhwzoxvsfmtkahqmfxhtjpefxd/Build/Intermediates.noindex/ArchiveIntermediates/AlbumManager/InstallationBuildProductsLocation/Applications/AlbumManager.app

SetMode u+w,go-w,a+rX /Users/runner/Library/Developer/Xcode/DerivedData/AlbumManager-dmxhwzoxvsfmtkahqmfxhtjpefxd/Build/Intermediates.noindex/ArchiveIntermediates/AlbumManager/InstallationBuildProductsLocation/Applications/AlbumManager.app (in target 'AlbumManager' from project 'AlbumManager')
    cd /Users/runner/work/Album_Manager/Album_Manager
    /bin/chmod -RH u+w,go-w,a+rX /Users/runner/Library/Developer/Xcode/DerivedData/AlbumManager-dmxhwzoxvsfmtkahqmfxhtjpefxd/Build/Intermediates.noindex/ArchiveIntermediates/AlbumManager/InstallationBuildProductsLocation/Applications/AlbumManager.app

CodeSign /Users/runner/Library/Developer/Xcode/DerivedData/AlbumManager-dmxhwzoxvsfmtkahqmfxhtjpefxd/Build/Intermediates.noindex/ArchiveIntermediates/AlbumManager/InstallationBuildProductsLocation/Applications/AlbumManager.app (in target 'AlbumManager' from project 'AlbumManager')
    cd /Users/runner/work/Album_Manager/Album_Manager
    
    Signing Identity:     "Apple Distribution: yingying wang (LLNYYVQJ8C)"
    Provisioning Profile: "appstore-6758375338-20260325055227155"
                          (bb64fd78-5d7b-4f2a-abb4-d0f536c3a800)
    
    /usr/bin/codesign --force --sign 279E2C6F35C6EAB1BB4671E44EBB3DB03A961426 --entitlements /Users/runner/Library/Developer/Xcode/DerivedData/AlbumManager-dmxhwzoxvsfmtkahqmfxhtjpefxd/Build/Intermediates.noindex/ArchiveIntermediates/AlbumManager/IntermediateBuildFilesPath/AlbumManager.build/Release-iphoneos/AlbumManager.build/AlbumManager.app.xcent --generate-entitlement-der /Users/runner/Library/Developer/Xcode/DerivedData/AlbumManager-dmxhwzoxvsfmtkahqmfxhtjpefxd/Build/Intermediates.noindex/ArchiveIntermediates/AlbumManager/InstallationBuildProductsLocation/Applications/AlbumManager.app

RegisterExecutionPolicyException /Users/runner/Library/Developer/Xcode/DerivedData/AlbumManager-dmxhwzoxvsfmtkahqmfxhtjpefxd/Build/Intermediates.noindex/ArchiveIntermediates/AlbumManager/InstallationBuildProductsLocation/Applications/AlbumManager.app (in target 'AlbumManager' from project 'AlbumManager')
    cd /Users/runner/work/Album_Manager/Album_Manager
    builtin-RegisterExecutionPolicyException /Users/runner/Library/Developer/Xcode/DerivedData/AlbumManager-dmxhwzoxvsfmtkahqmfxhtjpefxd/Build/Intermediates.noindex/ArchiveIntermediates/AlbumManager/InstallationBuildProductsLocation/Applications/AlbumManager.app

Validate /Users/runner/Library/Developer/Xcode/DerivedData/AlbumManager-dmxhwzoxvsfmtkahqmfxhtjpefxd/Build/Intermediates.noindex/ArchiveIntermediates/AlbumManager/InstallationBuildProductsLocation/Applications/AlbumManager.app (in target 'AlbumManager' from project 'AlbumManager')
    cd /Users/runner/work/Album_Manager/Album_Manager
    builtin-validationUtility /Users/runner/Library/Developer/Xcode/DerivedData/AlbumManager-dmxhwzoxvsfmtkahqmfxhtjpefxd/Build/Intermediates.noindex/ArchiveIntermediates/AlbumManager/InstallationBuildProductsLocation/Applications/AlbumManager.app -infoplist-subpath Info.plist

Touch /Users/runner/Library/Developer/Xcode/DerivedData/AlbumManager-dmxhwzoxvsfmtkahqmfxhtjpefxd/Build/Intermediates.noindex/ArchiveIntermediates/AlbumManager/InstallationBuildProductsLocation/Applications/AlbumManager.app (in target 'AlbumManager' from project 'AlbumManager')
    cd /Users/runner/work/Album_Manager/Album_Manager
    /usr/bin/touch -c /Users/runner/Library/Developer/Xcode/DerivedData/AlbumManager-dmxhwzoxvsfmtkahqmfxhtjpefxd/Build/Intermediates.noindex/ArchiveIntermediates/AlbumManager/InstallationBuildProductsLocation/Applications/AlbumManager.app

/Users/runner/work/Album_Manager/Album_Manager/Pods/Pods.xcodeproj: warning: The iOS deployment target 'IPHONEOS_DEPLOYMENT_TARGET' is set to 9.0, but the range of supported deployment target versions is 12.0 to 18.5.99. (in target 'UMDevice' from project 'Pods')
note: Disabling previews because SWIFT_VERSION is set and SWIFT_OPTIMIZATION_LEVEL=-O, expected -Onone (in target 'UMDevice' from project 'Pods')
/Users/runner/work/Album_Manager/Album_Manager/Pods/Pods.xcodeproj: warning: The iOS deployment target 'IPHONEOS_DEPLOYMENT_TARGET' is set to 9.0, but the range of supported deployment target versions is 12.0 to 18.5.99. (in target 'UMCommon' from project 'Pods')
note: Disabling previews because SWIFT_VERSION is set and SWIFT_OPTIMIZATION_LEVEL=-O, expected -Onone (in target 'UMCommon' from project 'Pods')
/Users/runner/work/Album_Manager/Album_Manager/Pods/Pods.xcodeproj: warning: The iOS deployment target 'IPHONEOS_DEPLOYMENT_TARGET' is set to 9.0, but the range of supported deployment target versions is 12.0 to 18.5.99. (in target 'UMAPM' from project 'Pods')
note: Disabling previews because SWIFT_VERSION is set and SWIFT_OPTIMIZATION_LEVEL=-O, expected -Onone (in target 'UMAPM' from project 'Pods')
note: Disabling previews because SWIFT_VERSION is set and SWIFT_OPTIMIZATION_LEVEL=-O, expected -Onone (in target 'Pods-AlbumManager' from project 'Pods')
note: Disabling previews because SWIFT_VERSION is set and SWIFT_OPTIMIZATION_LEVEL=-O, expected -Onone (in target 'AlbumManager' from project 'AlbumManager')
note: Disabling previews because SWIFT_VERSION is set and SWIFT_OPTIMIZATION_LEVEL=-O, expected -Onone (in target 'WYYKit' from project 'Pods')
** ARCHIVE SUCCEEDED **

